dss_rank,formula,material_id,battery_family,dss_decision,hybrid_recommendation_score,hybrid_stable_probability,qml_stable_probability,xgboost_stable_probability,qml_weight,xgboost_correction_weight,qml_confidence_band,hybrid_decision_role,model_disagreement,qml_probability_std,shortlist_score,india_feasibility_score,predicted_energy_above_hull_clipped,band_gap,is_stable,shortlist_rule_type,short_conceptual_reason
1,SrLi2SiO4,mp-1191141,Silicon-family,R&D anode improvement option,88.4614,0.840086,0.850240447938148,0.8251565,0.5952,0.4048,QML confident stable,QML-led; XGBoost agrees,False,0.04083048361953785,87.58,87,0.0,4.6041,True,Strict model shortlist,High-potential anode direction; better for blended or future designs. India score 87; QML probability 0.8502; XGBoost probability 0.8252; hybrid probability 0.8401; predicted hull 0.0000.
2,Li2MnGeS4,mp-3268644,Li-S or sulfide-family,Long-term R&D option,87.7711,0.869024,0.8453549782409739,0.90332484,0.5917,0.4083,QML confident stable,QML-led; XGBoost agrees,False,0.02908002203639966,88.83,81,0.0008641867,1.9728,True,Strict model shortlist,"High-potential chemistry, but less direct for immediate purchase. India score 81; QML probability 0.8454; XGBoost probability 0.9033; hybrid probability 0.8690; predicted hull 0.0009."
3,LiGaSiO4,mp-18147,Silicon-family,R&D anode improvement option,87.5648,0.832934,0.8515596737653566,0.8054439,0.5961,0.4039,QML confident stable,QML-led; XGBoost agrees,False,0.0391063866867127,86.22,87,0.002372904,4.2293,True,Strict model shortlist,High-potential anode direction; better for blended or future designs. India score 87; QML probability 0.8516; XGBoost probability 0.8054; hybrid probability 0.8329; predicted hull 0.0024.
4,SrLi2SnS4,mp-3210567,Li-S or sulfide-family,Long-term R&D option,87.2897,0.878242,0.8670575435320581,0.8955101,0.6069,0.3931,QML confident stable,QML-led; XGBoost agrees,False,0.018826286012098865,87.6,78,0.0,3.0972,True,Strict model shortlist,"High-potential chemistry, but less direct for immediate purchase. India score 78; QML probability 0.8671; XGBoost probability 0.8955; hybrid probability 0.8782; predicted hull 0.0000."
5,Rb2Li2SnS4,mp-3205208,Li-S or sulfide-family,Long-term R&D option,87.2338,0.875871,0.856973597013947,0.9042042,0.5999,0.4001,QML confident stable,QML-led; XGBoost agrees,False,0.03851114187146246,87.99,78,0.0,3.0399,True,Strict model shortlist,"High-potential chemistry, but less direct for immediate purchase. India score 78; QML probability 0.8570; XGBoost probability 0.9042; hybrid probability 0.8759; predicted hull 0.0000."
6,Cs2Li2SnS4,mp-3209528,Li-S or sulfide-family,Long-term R&D option,87.2229,0.875547,0.8560692425206037,0.9046652,0.5992,0.4008,QML confident stable,QML-led; XGBoost agrees,False,0.03924354892367455,88.01,78,0.0,3.2409,True,Strict model shortlist,"High-potential chemistry, but less direct for immediate purchase. India score 78; QML probability 0.8561; XGBoost probability 0.9047; hybrid probability 0.8755; predicted hull 0.0000."
7,BaLi2SnS4,mp-3211122,Li-S or sulfide-family,Long-term R&D option,87.1726,0.875966,0.8670178672708181,0.88978195,0.6069,0.3931,QML confident stable,QML-led; XGBoost agrees,False,0.01882735440389229,87.34,78,0.0,3.0828,True,Strict model shortlist,"High-potential chemistry, but less direct for immediate purchase. India score 78; QML probability 0.8670; XGBoost probability 0.8898; hybrid probability 0.8760; predicted hull 0.0000."
8,Li2ZnGeS4,mp-1210804,Li-S or sulfide-family,Long-term R&D option,86.7156,0.863866,0.8416775568624593,0.8956898,0.5892,0.4108,QML confident stable,QML-led; XGBoost agrees,False,0.030943872734612292,87.61,78,0.0,2.1846,True,Strict model shortlist,"High-potential chemistry, but less direct for immediate purchase. India score 78; QML probability 0.8417; XGBoost probability 0.8957; hybrid probability 0.8639; predicted hull 0.0000."
9,Rb2Li2TiS4,mp-3215312,Li-S or sulfide-family,Long-term R&D option,86.51,0.85035,0.8690318530942627,0.8213371,0.6083,0.3917,QML confident stable,QML-led; XGBoost agrees,False,0.027652570317207213,84.96,80,0.0,2.6367,True,Strict model shortlist,"High-potential chemistry, but less direct for immediate purchase. India score 80; QML probability 0.8690; XGBoost probability 0.8213; hybrid probability 0.8504; predicted hull 0.0000."
10,K2Li2TiS4,mp-3205916,Li-S or sulfide-family,Long-term R&D option,86.5069,0.850347,0.8694155752596087,0.8206967,0.6086,0.3914,QML confident stable,QML-led; XGBoost agrees,False,0.02743595711483438,84.93,80,0.0,2.5669,True,Strict model shortlist,"High-potential chemistry, but less direct for immediate purchase. India score 80; QML probability 0.8694; XGBoost probability 0.8207; hybrid probability 0.8503; predicted hull 0.0000."
11,Li2MgSiS4,mp-3203753,Li-S or sulfide-family,Long-term R&D option,86.4229,0.842623,0.8219733147832822,0.8706077,0.5754,0.4246,QML confident stable,QML-led; XGBoost agrees,False,0.038440409866383,87.18,80,0.0,3.9328,True,Strict model shortlist,"High-potential chemistry, but less direct for immediate purchase. India score 80; QML probability 0.8220; XGBoost probability 0.8706; hybrid probability 0.8426; predicted hull 0.0000."
12,Cs2LiTaS4,mp-3215854,Li-S or sulfide-family,Long-term R&D option,86.2535,0.862506,0.8378364163806337,0.8974966,0.5865,0.4135,QML confident stable,QML-led; XGBoost agrees,False,0.04993166746485172,87.31,78,0.0018885508,3.0918,True,Strict model shortlist,"High-potential chemistry, but less direct for immediate purchase. India score 78; QML probability 0.8378; XGBoost probability 0.8975; hybrid probability 0.8625; predicted hull 0.0019."
13,NaLiZnS2,mp-1220972,Li-S or sulfide-family,Long-term R&D option,86.0109,0.853098,0.8650228413699143,0.8347952,0.6055,0.3945,QML confident stable,QML-led; XGBoost agrees,False,0.018026643206586986,84.87,78,0.0,1.8298,True,Strict model shortlist,"High-potential chemistry, but less direct for immediate purchase. India score 78; QML probability 0.8650; XGBoost probability 0.8348; hybrid probability 0.8531; predicted hull 0.0000."
14,CsLi2TaS4,mp-3213228,Li-S or sulfide-family,Long-term R&D option,85.896,0.84485,0.816413044118617,0.8827776,0.5715,0.4285,QML confident stable,QML-led; XGBoost agrees,False,0.04373829009506986,87.02,78,0.0,3.1835,True,Strict model shortlist,"High-potential chemistry, but less direct for immediate purchase. India score 78; QML probability 0.8164; XGBoost probability 0.8828; hybrid probability 0.8448; predicted hull 0.0000."
15,K2Li2SnS4,mp-3209691,Li-S or sulfide-family,Long-term R&D option,85.5979,0.855509,0.8225672046049066,0.9002244,0.5758,0.4242,QML confident stable,QML-led; XGBoost agrees,False,0.03570926875590044,87.08,78,0.0036523761,3.0404,True,Strict model shortlist,"High-potential chemistry, but less direct for immediate purchase. India score 78; QML probability 0.8226; XGBoost probability 0.9002; hybrid probability 0.8555; predicted hull 0.0037."
16,LiNb(AgS2)2,mp-3203899,Li-S or sulfide-family,Long-term R&D option,85.517,0.852156,0.8640489431588216,0.8339557,0.6048,0.3952,QML confident stable,QML-led; XGBoost agrees,False,0.022699495127508643,84.42,78,0.002056371,1.8652,True,Strict model shortlist,"High-potential chemistry, but less direct for immediate purchase. India score 78; QML probability 0.8640; XGBoost probability 0.8340; hybrid probability 0.8522; predicted hull 0.0021."
17,KLi3Si12(SnO15)2,mp-6844,Silicon-family,R&D anode improvement option,85.313,0.816947,0.8458177651346748,0.7750379,0.5921,0.4079,QML confident stable,QML-led; XGBoost agrees,False,0.0197691438577596,83.51,87,0.009079405,4.4444,True,Strict model shortlist,High-potential anode direction; better for blended or future designs. India score 87; QML probability 0.8458; XGBoost probability 0.7750; hybrid probability 0.8169; predicted hull 0.0091.
18,RbLiCeS3,mp-3245439,Li-S or sulfide-family,Long-term R&D option,85.1336,0.825666,0.7769140314254943,0.8837794,0.5438,0.4562,QML confident stable,QML-led; XGBoost agrees,False,0.07378726579052404,87.07,78,0.0,1.3385,True,Strict model shortlist,"High-potential chemistry, but less direct for immediate purchase. India score 78; QML probability 0.7769; XGBoost probability 0.8838; hybrid probability 0.8257; predicted hull 0.0000."
19,KLiZnS2,mp-774907,Li-S or sulfide-family,Long-term R&D option,84.9753,0.843,0.8725961969130775,0.79655147,0.6108,0.3892,QML confident stable,QML-led; XGBoost agrees,False,0.029524018943625833,82.73,78,0.0020887475,2.5442,True,Strict model shortlist,"High-potential chemistry, but less direct for immediate purchase. India score 78; QML probability 0.8726; XGBoost probability 0.7966; hybrid probability 0.8430; predicted hull 0.0021."
20,RbLiZnS2,mp-1219554,Li-S or sulfide-family,Long-term R&D option,84.9737,0.842961,0.872533500825136,0.79655147,0.6108,0.3892,QML confident stable,QML-led; XGBoost agrees,False,0.029637975588864197,82.73,78,0.0020887475,2.5255,True,Strict model shortlist,"High-potential chemistry, but less direct for immediate purchase. India score 78; QML probability 0.8725; XGBoost probability 0.7966; hybrid probability 0.8430; predicted hull 0.0021."
21,CsLiZnS2,mp-1225887,Li-S or sulfide-family,Long-term R&D option,84.9736,0.842959,0.8725289753276091,0.79655147,0.6108,0.3892,QML confident stable,QML-led; XGBoost agrees,False,0.029645951683159026,82.73,78,0.0020887475,2.5019,True,Strict model shortlist,"High-potential chemistry, but less direct for immediate purchase. India score 78; QML probability 0.8725; XGBoost probability 0.7966; hybrid probability 0.8430; predicted hull 0.0021."
22,CsLiCeS3,mp-3247916,Li-S or sulfide-family,Long-term R&D option,84.9016,0.820665,0.7732608467247435,0.8766048,0.5413,0.4587,QML confident stable,QML-led; XGBoost agrees,False,0.07526738929319668,86.75,78,0.0,1.3186,True,Strict model shortlist,"High-potential chemistry, but less direct for immediate purchase. India score 78; QML probability 0.7733; XGBoost probability 0.8766; hybrid probability 0.8207; predicted hull 0.0000."
23,LiDyHfS4,mp-3251559,Li-S or sulfide-family,Long-term R&D option,84.8998,0.819545,0.7610633112804012,0.886212,0.5327,0.4673,QML confident stable,QML-led; XGBoost agrees,False,0.08786392683211755,87.18,78,0.0,1.6783,True,Strict model shortlist,"High-potential chemistry, but less direct for immediate purchase. India score 78; QML probability 0.7611; XGBoost probability 0.8862; hybrid probability 0.8195; predicted hull 0.0000."
24,Cs2Li2GeS4,mp-3212276,Li-S or sulfide-family,Long-term R&D option,84.8389,0.84388,0.8201071864530715,0.8759249,0.5741,0.4259,QML confident stable,QML-led; XGBoost agrees,False,0.0365041274465251,85.82,78,0.004491532,3.2307,True,Strict model shortlist,"High-potential chemistry, but less direct for immediate purchase. India score 78; QML probability 0.8201; XGBoost probability 0.8759; hybrid probability 0.8439; predicted hull 0.0045."
25,Li2MgSnS4,mp-3211050,Li-S or sulfide-family,Long-term R&D option,84.7003,0.841134,0.8252909279850126,0.86280775,0.5777,0.4223,QML confident stable,QML-led; XGBoost agrees,False,0.03489443067323909,85.26,78,0.0043552564,3.0804,True,Strict model shortlist,"High-potential chemistry, but less direct for immediate purchase. India score 78; QML probability 0.8253; XGBoost probability 0.8628; hybrid probability 0.8411; predicted hull 0.0044."
26,Na5Li3(SiS4)2,mp-3210013,Li-S or sulfide-family,Long-term R&D option,84.6734,0.827501,0.8165596890518001,0.842099,0.5716,0.4284,QML confident stable,QML-led; XGBoost agrees,False,0.0375272011899728,84.97,80,0.004618207,3.6182,True,Strict model shortlist,"High-potential chemistry, but less direct for immediate purchase. India score 80; QML probability 0.8166; XGBoost probability 0.8421; hybrid probability 0.8275; predicted hull 0.0046."
27,KLiMgS2,mp-3201631,Li-S or sulfide-family,Long-term R&D option,84.6133,0.851584,0.8676850396016755,0.8266733,0.6074,0.3926,QML confident stable,QML-led; XGBoost agrees,False,0.03414819025739383,83.32,78,0.0059101293,3.8182,True,Strict model shortlist,"High-potential chemistry, but less direct for immediate purchase. India score 78; QML probability 0.8677; XGBoost probability 0.8267; hybrid probability 0.8516; predicted hull 0.0059."
28,Li4AgAu3S4,mp-3204760,Li-S or sulfide-family,Long-term R&D option,84.6123,0.838634,0.8510779592184703,0.82029086,0.5958,0.4042,QML confident stable,QML-led; XGBoost agrees,False,0.021293042158858216,83.53,78,0.0034304247,1.8162,True,Strict model shortlist,"High-potential chemistry, but less direct for immediate purchase. India score 78; QML probability 0.8511; XGBoost probability 0.8203; hybrid probability 0.8386; predicted hull 0.0034."
29,Na5LiSi2S7,mp-3213432,Li-S or sulfide-family,Long-term R&D option,84.5939,0.822475,0.8230118505585793,0.82174605,0.5761,0.4239,QML confident stable,QML-led; XGBoost agrees,False,0.035621531528125534,84.25,80,0.0036504231,4.0594,True,Strict model shortlist,"High-potential chemistry, but less direct for immediate purchase. India score 80; QML probability 0.8230; XGBoost probability 0.8217; hybrid probability 0.8225; predicted hull 0.0037."
30,KLi3Zr2(Si2O5)6,mp-16055,Silicon-family,R&D anode improvement option,84.589,0.795484,0.8452184013824005,0.72341007,0.5917,0.4083,QML confident stable,QML-led; XGBoost agrees,False,0.025898136412034437,81.52,87,0.007411929,5.1673,True,Strict model shortlist,High-potential anode direction; better for blended or future designs. India score 87; QML probability 0.8452; XGBoost probability 0.7234; hybrid probability 0.7955; predicted hull 0.0074.
31,LiAl2AgS4,mp-3202328,Li-S or sulfide-family,Long-term R&D option,84.4592,0.841083,0.8649625519305673,0.8044313,0.6055,0.3945,QML confident stable,QML-led; XGBoost agrees,False,0.03487494660470486,82.65,78,0.004245739,3.3126,True,Strict model shortlist,"High-potential chemistry, but less direct for immediate purchase. India score 78; QML probability 0.8650; XGBoost probability 0.8044; hybrid probability 0.8411; predicted hull 0.0042."
32,KLi3SiS4,mp-3200964,Li-S or sulfide-family,Long-term R&D option,84.4548,0.818369,0.8407911780448952,0.78628784,0.5886,0.4114,QML confident stable,QML-led; XGBoost agrees,False,0.016856783356754834,82.82,80,0.0028096791,4.277,True,Strict model shortlist,"High-potential chemistry, but less direct for immediate purchase. India score 80; QML probability 0.8408; XGBoost probability 0.7863; hybrid probability 0.8184; predicted hull 0.0028."
33,LiGa2AgS4,mp-3203106,Li-S or sulfide-family,Long-term R&D option,84.4228,0.831627,0.8658374863460143,0.77898735,0.6061,0.3939,QML confident stable,QML-led; XGBoost agrees,False,0.02616115407284116,81.92,78,0.0021713448,2.5467,True,Strict model shortlist,"High-potential chemistry, but less direct for immediate purchase. India score 78; QML probability 0.8658; XGBoost probability 0.7790; hybrid probability 0.8316; predicted hull 0.0022."
34,Na3LiSnS4,mp-3209254,Li-S or sulfide-family,Long-term R&D option,84.3571,0.835673,0.8318421156446506,0.8410124,0.5823,0.4177,QML confident stable,QML-led; XGBoost agrees,False,0.032581298202980565,84.25,78,0.0044740243,2.9064,True,Strict model shortlist,"High-potential chemistry, but less direct for immediate purchase. India score 78; QML probability 0.8318; XGBoost probability 0.8410; hybrid probability 0.8357; predicted hull 0.0045."
35,LiGaS2,mp-3647,Li-S or sulfide-family,Long-term R&D option,84.3479,0.824865,0.8451372367547542,0.7954996,0.5916,0.4084,QML confident stable,QML-led; XGBoost agrees,False,0.013723302001264502,82.77,78,0.0016186881,2.9608,True,Strict model shortlist,"High-potential chemistry, but less direct for immediate purchase. India score 78; QML probability 0.8451; XGBoost probability 0.7955; hybrid probability 0.8249; predicted hull 0.0016."
36,LiErS2,mp-15791,Li-S or sulfide-family,Long-term R&D option,84.3348,0.817894,0.8470491960623562,0.7754336,0.5929,0.4071,QML confident stable,QML-led; XGBoost agrees,False,0.014091890256757165,82.19,78,0.0,2.0066,True,Strict model shortlist,"High-potential chemistry, but less direct for immediate purchase. India score 78; QML probability 0.8470; XGBoost probability 0.7754; hybrid probability 0.8179; predicted hull 0.0000."
37,LiDyS2,mp-15789,Li-S or sulfide-family,Long-term R&D option,84.3338,0.817871,0.8470577277404014,0.7753628,0.5929,0.4071,QML confident stable,QML-led; XGBoost agrees,False,0.014105342862148618,82.19,78,0.0,1.9347,True,Strict model shortlist,"High-potential chemistry, but less direct for immediate purchase. India score 78; QML probability 0.8471; XGBoost probability 0.7754; hybrid probability 0.8179; predicted hull 0.0000."
38,Rb2Li2SiS4,mp-3208230,Li-S or sulfide-family,Long-term R&D option,84.2374,0.812666,0.8044676615634705,0.8232316,0.5631,0.4369,QML confident stable,QML-led; XGBoost agrees,False,0.04064567164620251,84.34,80,0.0035160985,3.848,True,Strict model shortlist,"High-potential chemistry, but less direct for immediate purchase. India score 80; QML probability 0.8045; XGBoost probability 0.8232; hybrid probability 0.8127; predicted hull 0.0035."
39,Cs2LiVS4,mp-510338,Li-S or sulfide-family,Long-term R&D option,84.1403,0.813732,0.844538661373208,0.7691795,0.5912,0.4088,QML confident stable,QML-led; XGBoost agrees,False,0.013978174806206679,81.91,78,0.0,1.5878,True,Strict model shortlist,"High-potential chemistry, but less direct for immediate purchase. India score 78; QML probability 0.8445; XGBoost probability 0.7692; hybrid probability 0.8137; predicted hull 0.0000."
40,Rb2LiVS4,mp-558815,Li-S or sulfide-family,Long-term R&D option,84.1396,0.813715,0.8445104898252556,0.7691795,0.5912,0.4088,QML confident stable,QML-led; XGBoost agrees,False,0.014027572424550936,81.91,78,0.0,1.5836,True,Strict model shortlist,"High-potential chemistry, but less direct for immediate purchase. India score 78; QML probability 0.8445; XGBoost probability 0.7692; hybrid probability 0.8137; predicted hull 0.0000."
41,Li2SiSnS4,mp-1021497,Li-S or sulfide-family,Long-term R&D option,84.073,0.854087,0.8725567498813269,0.8251,0.6108,0.3892,QML confident stable,QML-led; XGBoost agrees,False,0.025939214905063995,82.49,74,0.0026973803,1.9189,False,Strict model shortlist,"High-potential chemistry, but less direct for immediate purchase. India score 74; QML probability 0.8726; XGBoost probability 0.8251; hybrid probability 0.8541; predicted hull 0.0027."
42,RbNa3Li12(SiO4)4,mp-17240,Silicon-family,R&D anode improvement option,84.052,0.78227,0.8518632628426268,0.6794739,0.5963,0.4037,QML confident stable,QML-led; XGBoost agrees,False,0.03167683763462573,79.72,87,0.0065541933,4.8031,True,Strict model shortlist,High-potential anode direction; better for blended or future designs. India score 87; QML probability 0.8519; XGBoost probability 0.6795; hybrid probability 0.7823; predicted hull 0.0066.
43,Li4Ga3Si3ClO12,mp-554203,Silicon-family,R&D anode improvement option,84.0505,0.819573,0.831263591325808,0.8033022,0.5819,0.4181,QML confident stable,QML-led; XGBoost agrees,False,0.05346235157259976,83.42,87,0.015872123,4.5903,True,Strict model shortlist,High-potential anode direction; better for blended or future designs. India score 87; QML probability 0.8313; XGBoost probability 0.8033; hybrid probability 0.8196; predicted hull 0.0159.
44,CsLi2BS3,mp-559238,Li-S or sulfide-family,Long-term R&D option,84.0293,0.811532,0.8443651757444753,0.76406914,0.5911,0.4089,QML confident stable,QML-led; XGBoost agrees,False,0.014137715509255805,81.68,78,0.0,3.1955,True,Strict model shortlist,"High-potential chemistry, but less direct for immediate purchase. India score 78; QML probability 0.8444; XGBoost probability 0.7641; hybrid probability 0.8115; predicted hull 0.0000."
45,Li2VAgS4,mp-3202077,Li-S or sulfide-family,Long-term R&D option,83.9634,0.85449,0.8708247381788764,0.82898265,0.6096,0.3904,QML confident stable,QML-led; XGBoost agrees,False,0.025840846034862978,82.72,78,0.009440919,1.6325,True,Strict model shortlist,"High-potential chemistry, but less direct for immediate purchase. India score 78; QML probability 0.8708; XGBoost probability 0.8290; hybrid probability 0.8545; predicted hull 0.0094."
46,Cs4LiFeS4,mp-3205771,Li-S or sulfide-family,Long-term R&D option,83.8426,0.791442,0.8279123345873505,0.74118036,0.5795,0.4205,QML confident stable,QML-led; XGBoost agrees,False,0.034772992172022656,81.44,81,0.0012952365,1.6739,True,Strict model shortlist,"High-potential chemistry, but less direct for immediate purchase. India score 81; QML probability 0.8279; XGBoost probability 0.7412; hybrid probability 0.7914; predicted hull 0.0013."
47,BaLiNdS3,mp-3252745,Li-S or sulfide-family,Long-term R&D option,83.678,0.788349,0.6714988323126783,0.8919713,0.47,0.53,QML moderately stable,QML-led; XGBoost agrees,False,0.11428335734548556,87.44,78,0.0,2.2076,True,Strict model shortlist,"High-potential chemistry, but less direct for immediate purchase. India score 78; QML probability 0.6715; XGBoost probability 0.8920; hybrid probability 0.7883; predicted hull 0.0000."
48,LiCrSnS4,mp-3213977,Li-S or sulfide-family,Long-term R&D option,83.5686,0.880623,0.8647480363239664,0.90496796,0.6053,0.3947,QML confident stable,QML-led; XGBoost agrees,False,0.02773347011710959,84.52,78,0.017541824,0.8791,True,Strict model shortlist,"High-potential chemistry, but less direct for immediate purchase. India score 78; QML probability 0.8647; XGBoost probability 0.9050; hybrid probability 0.8806; predicted hull 0.0175."
49,Ba2NaLi3S5,mp-3206966,Li-S or sulfide-family,Long-term R&D option,83.5547,0.8124,0.74670120333788,0.88434786,0.5227,0.4773,QML confident stable,QML-led; XGBoost agrees,False,0.05012367859666972,86.14,78,0.004776681,1.9027,True,Strict model shortlist,"High-potential chemistry, but less direct for immediate purchase. India score 78; QML probability 0.7467; XGBoost probability 0.8843; hybrid probability 0.8124; predicted hull 0.0048."
50,Li3AuS2,mp-15999,Li-S or sulfide-family,Long-term R&D option,83.509,0.801249,0.8439189288214705,0.7396676,0.5907,0.4093,QML confident stable,QML-led; XGBoost agrees,False,0.014289564134300055,80.59,78,0.0,2.0985,True,Strict model shortlist,"High-potential chemistry, but less direct for immediate purchase. India score 78; QML probability 0.8439; XGBoost probability 0.7397; hybrid probability 0.8012; predicted hull 0.0000."
51,BaLiDyS3,mp-3246559,Li-S or sulfide-family,Long-term R&D option,83.4907,0.783667,0.6562194990550922,0.8919713,0.4594,0.5406,QML moderately stable,QML-led; XGBoost agrees,False,0.11999854115394355,87.44,78,0.0,2.2217,True,Strict model shortlist,"High-potential chemistry, but less direct for immediate purchase. India score 78; QML probability 0.6562; XGBoost probability 0.8920; hybrid probability 0.7837; predicted hull 0.0000."
52,LiAg(SbS2)2,mp-3203516,Li-S or sulfide-family,Long-term R&D option,83.4609,0.844309,0.8500636734619071,0.8358551,0.595,0.405,QML confident stable,QML-led; XGBoost agrees,False,0.013800227543871446,82.91,78,0.010012156,1.7898,True,Strict model shortlist,"High-potential chemistry, but less direct for immediate purchase. India score 78; QML probability 0.8501; XGBoost probability 0.8359; hybrid probability 0.8443; predicted hull 0.0100."
53,Li4Ga3Si3BrO12,mp-556649,Silicon-family,R&D anode improvement option,83.3994,0.832255,0.830735550739465,0.8343667,0.5815,0.4185,QML confident stable,QML-led; XGBoost agrees,False,0.05519827460632192,83.64,87,0.02177377,4.1359,True,Strict model shortlist,High-potential anode direction; better for blended or future designs. India score 87; QML probability 0.8307; XGBoost probability 0.8344; hybrid probability 0.8323; predicted hull 0.0218.
54,K2LiPS4,mp-3211952,Li-S or sulfide-family,Long-term R&D option,83.3398,0.795862,0.8600124971444147,0.69883114,0.602,0.398,QML confident stable,QML-led; XGBoost agrees,False,0.03471486491099455,79.05,80,0.0019983696,3.3748,True,Strict model shortlist,"High-potential chemistry, but less direct for immediate purchase. India score 80; QML probability 0.8600; XGBoost probability 0.6988; hybrid probability 0.7959; predicted hull 0.0020."
55,Cs2LiPS4,mp-3215916,Li-S or sulfide-family,Long-term R&D option,83.2755,0.794429,0.8588779047575278,0.6972718,0.6012,0.3988,QML confident stable,QML-led; XGBoost agrees,False,0.035864229479033345,78.98,80,0.0019983696,3.1737,True,Strict model shortlist,"High-potential chemistry, but less direct for immediate purchase. India score 80; QML probability 0.8589; XGBoost probability 0.6973; hybrid probability 0.7944; predicted hull 0.0020."
56,BaLi2SiO4,mp-558310,Silicon-family,R&D anode improvement option,83.2233,0.772082,0.8474047054144316,0.6622451,0.5932,0.4068,QML confident stable,QML-led; XGBoost agrees,False,0.023223089092826037,78.63,87,0.008114813,4.3955,True,Strict model shortlist,High-potential anode direction; better for blended or future designs. India score 87; QML probability 0.8474; XGBoost probability 0.6622; hybrid probability 0.7721; predicted hull 0.0081.
57,Li3BS3,mp-5614,Li-S or sulfide-family,Long-term R&D option,83.0626,0.792566,0.8442598489159261,0.71786904,0.591,0.409,QML confident stable,QML-led; XGBoost agrees,False,0.014172811364367183,79.6,78,0.0,3.1466,True,Strict model shortlist,"High-potential chemistry, but less direct for immediate purchase. India score 78; QML probability 0.8443; XGBoost probability 0.7179; hybrid probability 0.7926; predicted hull 0.0000."
58,CsKNa2Li12(SiO4)4,mp-17718,Silicon-family,R&D anode improvement option,82.8749,0.785447,0.85188734322903,0.68730795,0.5963,0.4037,QML confident stable,QML-led; XGBoost agrees,False,0.03162126471094897,78.85,87,0.012639662,4.8722,True,Strict model shortlist,High-potential anode direction; better for blended or future designs. India score 87; QML probability 0.8519; XGBoost probability 0.6873; hybrid probability 0.7854; predicted hull 0.0126.
59,CsLiMnS2,mp-1225894,Li-S or sulfide-family,Long-term R&D option,82.8246,0.852306,0.8730271009812387,0.8197454,0.6111,0.3889,QML confident stable,QML-led; XGBoost agrees,False,0.028267710571210546,81.52,81,0.018598322,0.8093,True,Strict model shortlist,"High-potential chemistry, but less direct for immediate purchase. India score 81; QML probability 0.8730; XGBoost probability 0.8197; hybrid probability 0.8523; predicted hull 0.0186."
60,Li2MgMn3O8,mp-581301,LMO-family,Selective low-cost option,82.8203,0.773315,0.8138078573923636,0.7197036,0.5697,0.4303,QML confident stable,QML-led; XGBoost agrees,False,0.09777974712891155,80.7,90,0.01591161,1.9551,True,Strict model shortlist,"Manganese-based family; useful when cost matters, but needs checks. India score 90; QML probability 0.8138; XGBoost probability 0.7197; hybrid probability 0.7733; predicted hull 0.0159."
61,Li3Cr2(PS4)3,mp-778433,Li-S or sulfide-family,Long-term R&D option,82.6459,0.772073,0.8495827147422045,0.65834254,0.5947,0.4053,QML confident stable,QML-led; XGBoost agrees,False,0.023430811489655843,77.63,80,0.0,1.3846,True,Strict model shortlist,"High-potential chemistry, but less direct for immediate purchase. India score 80; QML probability 0.8496; XGBoost probability 0.6583; hybrid probability 0.7721; predicted hull 0.0000."
62,NaLiS,mp-8452,Li-S or sulfide-family,Long-term R&D option,82.6424,0.784384,0.8446670619666218,0.69716835,0.5913,0.4087,QML confident stable,QML-led; XGBoost agrees,False,0.014337387693958589,78.67,78,0.0,2.2642,True,Strict model shortlist,"High-potential chemistry, but less direct for immediate purchase. India score 78; QML probability 0.8447; XGBoost probability 0.6972; hybrid probability 0.7844; predicted hull 0.0000."
63,Li2Mn(SO4)2,mp-1193172,LMO-family,Selective low-cost option,82.583,0.766924,0.8362521885585096,0.6690351,0.5854,0.4146,QML confident stable,QML-led; XGBoost agrees,False,0.012704064707515299,78.69,91,0.016314626,3.5794,True,Strict model shortlist,"Manganese-based family; useful when cost matters, but needs checks. India score 91; QML probability 0.8363; XGBoost probability 0.6690; hybrid probability 0.7669; predicted hull 0.0163."
64,Li4ZnSn2S7,mp-3280961,Li-S or sulfide-family,Long-term R&D option,82.5676,0.814328,0.8410547677772078,0.77607393,0.5887,0.4113,QML confident stable,QML-led; XGBoost agrees,False,0.028450598376573683,80.74,78,0.0073973862,2.5996,True,Strict model shortlist,"High-potential chemistry, but less direct for immediate purchase. India score 78; QML probability 0.8411; XGBoost probability 0.7761; hybrid probability 0.8143; predicted hull 0.0074."
65,BaLiErS3,mp-3247986,Li-S or sulfide-family,Long-term R&D option,82.5663,0.764608,0.6571982725040815,0.8561057,0.46,0.54,QML moderately stable,QML-led; XGBoost agrees,False,0.11964031159736344,85.82,78,0.0,2.2675,True,Strict model shortlist,"High-potential chemistry, but less direct for immediate purchase. India score 78; QML probability 0.6572; XGBoost probability 0.8561; hybrid probability 0.7646; predicted hull 0.0000."
66,Li4Ga3Si3IO12,mp-557112,Silicon-family,R&D anode improvement option,82.4307,0.830463,0.8298340214745391,0.8313344,0.5809,0.4191,QML confident stable,QML-led; XGBoost agrees,False,0.05810255935024026,82.7,87,0.025788927,3.6307,True,Strict model shortlist,High-potential anode direction; better for blended or future designs. India score 87; QML probability 0.8298; XGBoost probability 0.8313; hybrid probability 0.8305; predicted hull 0.0258.
67,Li3SbS3,mp-1194339,Li-S or sulfide-family,Long-term R&D option,82.4187,0.794678,0.8448463588186451,0.7220644,0.5914,0.4086,QML confident stable,QML-led; XGBoost agrees,False,0.01383132606727578,79.11,78,0.0033972142,2.4016,True,Strict model shortlist,"High-potential chemistry, but less direct for immediate purchase. India score 78; QML probability 0.8448; XGBoost probability 0.7221; hybrid probability 0.7947; predicted hull 0.0034."
68,LiInS2,mp-1188392,Li-S or sulfide-family,Long-term R&D option,82.3983,0.80414,0.8448841818697049,0.7451669,0.5914,0.4086,QML confident stable,QML-led; XGBoost agrees,False,0.013824345940764106,79.7,78,0.005686294,2.1875,True,Strict model shortlist,"High-potential chemistry, but less direct for immediate purchase. India score 78; QML probability 0.8449; XGBoost probability 0.7452; hybrid probability 0.8041; predicted hull 0.0057."
69,Li5SbS3I2,mp-559814,Li-S or sulfide-family,Long-term R&D option,82.2003,0.801458,0.844398776808984,0.7393831,0.5911,0.4089,QML confident stable,QML-led; XGBoost agrees,False,0.014106024990797866,79.38,78,0.0059798704,2.7011,True,Strict model shortlist,"High-potential chemistry, but less direct for immediate purchase. India score 78; QML probability 0.8444; XGBoost probability 0.7394; hybrid probability 0.8015; predicted hull 0.0060."
70,RbLiS,mp-8751,Li-S or sulfide-family,Long-term R&D option,81.9124,0.770061,0.8445860009939041,0.6622852,0.5912,0.4088,QML confident stable,QML-led; XGBoost agrees,False,0.014314686425699268,77.1,78,0.0,2.745,True,Strict model shortlist,"High-potential chemistry, but less direct for immediate purchase. India score 78; QML probability 0.8446; XGBoost probability 0.6623; hybrid probability 0.7701; predicted hull 0.0000."
71,KLiS,mp-8430,Li-S or sulfide-family,Long-term R&D option,81.8469,0.768797,0.8447195950710888,0.6589531,0.5913,0.4087,QML confident stable,QML-led; XGBoost agrees,False,0.014351059455973767,76.95,78,0.0,3.0571,True,Strict model shortlist,"High-potential chemistry, but less direct for immediate purchase. India score 78; QML probability 0.8447; XGBoost probability 0.6590; hybrid probability 0.7688; predicted hull 0.0000."
72,BaLiBS3,mp-554076,Li-S or sulfide-family,Long-term R&D option,81.8171,0.80635,0.8457670155414329,0.7491556,0.592,0.408,QML confident stable,QML-led; XGBoost agrees,False,0.013042737113345556,79.25,78,0.008809453,2.1532,True,Strict model shortlist,"High-potential chemistry, but less direct for immediate purchase. India score 78; QML probability 0.8458; XGBoost probability 0.7492; hybrid probability 0.8064; predicted hull 0.0088."
73,LiAuS,mp-29829,Li-S or sulfide-family,Long-term R&D option,81.8014,0.767534,0.8423313363592024,0.6600776,0.5896,0.4104,QML confident stable,QML-led; XGBoost agrees,False,0.013836675072040614,77.0,78,0.0,1.5804,True,Strict model shortlist,"High-potential chemistry, but less direct for immediate purchase. India score 78; QML probability 0.8423; XGBoost probability 0.6601; hybrid probability 0.7675; predicted hull 0.0000."
74,Li2B2S5,mp-29410,Li-S or sulfide-family,Long-term R&D option,81.7941,0.767502,0.8431339318374176,0.658575,0.5902,0.4098,QML confident stable,QML-led; XGBoost agrees,False,0.01405817057285048,76.94,78,0.0,2.4427,True,Strict model shortlist,"High-potential chemistry, but less direct for immediate purchase. India score 78; QML probability 0.8431; XGBoost probability 0.6586; hybrid probability 0.7675; predicted hull 0.0000."
75,KNa2Li3Cr2(Si2O5)6,mp-16282,Silicon-family,R&D anode improvement option,81.7892,0.821016,0.8458049677433437,0.78503186,0.5921,0.4079,QML confident stable,QML-led; XGBoost agrees,False,0.019434182323652387,80.57,87,0.026042383,3.8492,True,Strict model shortlist,High-potential anode direction; better for blended or future designs. India score 87; QML probability 0.8458; XGBoost probability 0.7850; hybrid probability 0.8210; predicted hull 0.0260.
76,Rb2Li2SiO4,mp-8449,Silicon-family,R&D anode improvement option,81.6573,0.770509,0.8397397402681264,0.6717856,0.5878,0.4122,QML confident stable,QML-led; XGBoost agrees,False,0.015379849900301397,77.65,87,0.015140539,3.8516,True,Strict model shortlist,High-potential anode direction; better for blended or future designs. India score 87; QML probability 0.8397; XGBoost probability 0.6718; hybrid probability 0.7705; predicted hull 0.0151.
77,Cs2Li2SiO4,mp-504849,Silicon-family,R&D anode improvement option,81.653,0.770403,0.8395874666983696,0.6717856,0.5877,0.4123,QML confident stable,QML-led; XGBoost agrees,False,0.015399709364247057,77.65,87,0.015140539,3.8531,True,Strict model shortlist,High-potential anode direction; better for blended or future designs. India score 87; QML probability 0.8396; XGBoost probability 0.6718; hybrid probability 0.7704; predicted hull 0.0151.
78,SrLi(BS2)3,mp-558219,Li-S or sulfide-family,Long-term R&D option,81.5214,0.790752,0.8458157038484819,0.7108233,0.5921,0.4079,QML confident stable,QML-led; XGBoost agrees,False,0.013486163120022387,77.98,78,0.0065332116,2.91,True,Strict model shortlist,"High-potential chemistry, but less direct for immediate purchase. India score 78; QML probability 0.8458; XGBoost probability 0.7108; hybrid probability 0.7908; predicted hull 0.0065."
79,K2LiVS4,mp-767165,Li-S or sulfide-family,Long-term R&D option,81.4759,0.815925,0.8002181273505207,0.83593094,0.5602,0.4398,QML confident stable,QML-led; XGBoost agrees,False,0.04178869115779738,82.14,78,0.013875429,1.6022,True,Strict model shortlist,"High-potential chemistry, but less direct for immediate purchase. India score 78; QML probability 0.8002; XGBoost probability 0.8359; hybrid probability 0.8159; predicted hull 0.0139."
80,KLiMnS2,mp-753940,Li-S or sulfide-family,Long-term R&D option,81.3304,0.824286,0.8730532159907947,0.7476544,0.6111,0.3889,QML confident stable,QML-led; XGBoost agrees,False,0.02797202263998256,78.23,81,0.018819988,0.6362,True,Strict model shortlist,"High-potential chemistry, but less direct for immediate purchase. India score 81; QML probability 0.8731; XGBoost probability 0.7477; hybrid probability 0.8243; predicted hull 0.0188."
81,BaLiCeS3,mp-3248555,Li-S or sulfide-family,Long-term R&D option,81.2186,0.750166,0.5470035910081806,0.8762247,0.3829,0.6171,QML uncertain,QML uncertain; XGBoost corrective backup,False,0.0614272265789965,85.95,78,0.003915284,0.4027,True,Strict model shortlist,"High-potential chemistry, but less direct for immediate purchase. India score 78; QML probability 0.5470; XGBoost probability 0.8762; hybrid probability 0.7502; predicted hull 0.0039."
82,BaLi(BS2)3,mp-557892,Li-S or sulfide-family,Long-term R&D option,81.1534,0.785708,0.8458783093456308,0.69836694,0.5921,0.4079,QML confident stable,QML-led; XGBoost agrees,False,0.01347100683594131,77.32,78,0.007034519,2.8597,True,Strict model shortlist,"High-potential chemistry, but less direct for immediate purchase. India score 78; QML probability 0.8459; XGBoost probability 0.6984; hybrid probability 0.7857; predicted hull 0.0070."
83,Li2CaSiO4,mp-7610,Silicon-family,R&D anode improvement option,81.0463,0.784695,0.8505671865311462,0.6877601,0.5954,0.4046,QML confident stable,QML-led; XGBoost agrees,False,0.04303840604661206,77.23,87,0.020822402,5.1897,True,Strict model shortlist,High-potential anode direction; better for blended or future designs. India score 87; QML probability 0.8506; XGBoost probability 0.6878; hybrid probability 0.7847; predicted hull 0.0208.
84,LiCr4InS8,mp-1211182,Li-S or sulfide-family,Long-term R&D option,80.9974,0.815013,0.8419028505605726,0.7764287,0.5893,0.4107,QML confident stable,QML-led; XGBoost agrees,False,0.013919337549642464,79.31,78,0.01467058,0.3692,True,Strict model shortlist,"High-potential chemistry, but less direct for immediate purchase. India score 78; QML probability 0.8419; XGBoost probability 0.7764; hybrid probability 0.8150; predicted hull 0.0147."
85,LiCr4GaS8,mp-1211167,Li-S or sulfide-family,Long-term R&D option,80.9962,0.814983,0.8418519586515341,0.7764287,0.5893,0.4107,QML confident stable,QML-led; XGBoost agrees,False,0.014090873658372654,79.31,78,0.01467058,0.3762,True,Strict model shortlist,"High-potential chemistry, but less direct for immediate purchase. India score 78; QML probability 0.8419; XGBoost probability 0.7764; hybrid probability 0.8150; predicted hull 0.0147."
86,LiCrS2,mp-4226,Li-S or sulfide-family,Long-term R&D option,80.9187,0.776664,0.8452304301996106,0.67729986,0.5917,0.4083,QML confident stable,QML-led; XGBoost agrees,False,0.013614003123077732,76.57,78,0.006024095,0.6463,True,Strict model shortlist,"High-potential chemistry, but less direct for immediate purchase. India score 78; QML probability 0.8452; XGBoost probability 0.6773; hybrid probability 0.7767; predicted hull 0.0060."
87,K2Li2CeS4,mp-3250125,Li-S or sulfide-family,Long-term R&D option,80.8715,0.806003,0.7317266218249429,0.88399464,0.5122,0.4878,QML confident stable,QML-led; XGBoost agrees,False,0.052192578818013896,83.92,78,0.015803136,1.313,True,Strict model shortlist,"High-potential chemistry, but less direct for immediate purchase. India score 78; QML probability 0.7317; XGBoost probability 0.8840; hybrid probability 0.8060; predicted hull 0.0158."
88,Li2ZnSnS4,mp-555186,Li-S or sulfide-family,Long-term R&D option,80.8402,0.785879,0.8458059914074656,0.6988894,0.5921,0.4079,QML confident stable,QML-led; XGBoost agrees,False,0.013476466926509013,77.05,78,0.008500034,2.1758,True,Strict model shortlist,"High-potential chemistry, but less direct for immediate purchase. India score 78; QML probability 0.8458; XGBoost probability 0.6989; hybrid probability 0.7859; predicted hull 0.0085."
89,Li4Al3Si3ClO12,mp-23648,Silicon-family,R&D anode improvement option,80.6768,0.783759,0.8370761007233426,0.70829177,0.586,0.414,QML confident stable,QML-led; XGBoost agrees,False,0.030751362976766554,77.77,87,0.02275271,5.4534,True,Strict model shortlist,High-potential anode direction; better for blended or future designs. India score 87; QML probability 0.8371; XGBoost probability 0.7083; hybrid probability 0.7838; predicted hull 0.0228.
90,Rb2LiTaS4,mp-556085,Li-S or sulfide-family,Long-term R&D option,80.6477,0.773743,0.8462253477366797,0.66839796,0.5924,0.4076,QML confident stable,QML-led; XGBoost agrees,False,0.013101086261871949,76.07,78,0.0065450445,2.8199,True,Strict model shortlist,"High-potential chemistry, but less direct for immediate purchase. India score 78; QML probability 0.8462; XGBoost probability 0.6684; hybrid probability 0.7737; predicted hull 0.0065."
91,Li3GaSiO5,mp-16996,Silicon-family,R&D anode improvement option,80.5966,0.788519,0.8406079171111033,0.71405476,0.5884,0.4116,QML confident stable,QML-led; XGBoost agrees,False,0.015339848619144761,77.76,87,0.024100767,3.8433,True,Strict model shortlist,High-potential anode direction; better for blended or future designs. India score 87; QML probability 0.8406; XGBoost probability 0.7141; hybrid probability 0.7885; predicted hull 0.0241.
92,Li3Bi2(SbS2)9,mp-3214172,Li-S or sulfide-family,Long-term R&D option,80.5008,0.823573,0.8509333665683926,0.783259,0.5957,0.4043,QML confident stable,QML-led; XGBoost agrees,False,0.012371985143681206,78.82,78,0.01862083,1.5914,True,Strict model shortlist,"High-potential chemistry, but less direct for immediate purchase. India score 78; QML probability 0.8509; XGBoost probability 0.7833; hybrid probability 0.8236; predicted hull 0.0186."
93,Li2VSiO5,mp-18860,Silicon-family,R&D anode improvement option,80.3385,0.779966,0.8522524158076381,0.67305917,0.5966,0.4034,QML confident stable,QML-led; XGBoost agrees,False,0.040631026159896756,76.16,87,0.022880645,2.3621,True,Strict model shortlist,High-potential anode direction; better for blended or future designs. India score 87; QML probability 0.8523; XGBoost probability 0.6731; hybrid probability 0.7800; predicted hull 0.0229.
94,Na5Li3(TiS4)2,mp-554395,Li-S or sulfide-family,Long-term R&D option,79.9703,0.783459,0.8457848096980143,0.6930246,0.592,0.408,QML confident stable,QML-led; XGBoost agrees,False,0.013080479852432688,76.2,80,0.014940141,2.2797,True,Strict model shortlist,"High-potential chemistry, but less direct for immediate purchase. India score 80; QML probability 0.8458; XGBoost probability 0.6930; hybrid probability 0.7835; predicted hull 0.0149."
95,SrLiBS3,mp-557962,Li-S or sulfide-family,Long-term R&D option,79.9379,0.779886,0.844667750706274,0.6861605,0.5913,0.4087,QML confident stable,QML-led; XGBoost agrees,False,0.013705167071674169,75.65,72,0.0021124817,2.5603,False,Strict model shortlist,"High-potential chemistry, but less direct for immediate purchase. India score 72; QML probability 0.8447; XGBoost probability 0.6862; hybrid probability 0.7799; predicted hull 0.0021."
96,Li2Ga2GeS6,mp-554782,Li-S or sulfide-family,Long-term R&D option,79.8928,0.819618,0.8441011213540459,0.7842553,0.5909,0.4091,QML confident stable,QML-led; XGBoost agrees,False,0.013970444802827808,78.09,70,0.008504724,2.1339,False,Strict model shortlist,"High-potential chemistry, but less direct for immediate purchase. India score 70; QML probability 0.8441; XGBoost probability 0.7843; hybrid probability 0.8196; predicted hull 0.0085."
97,LiEr4MnC8,mp-3247282,Carbon-family,Useful anode/support material,79.8633,0.797049,0.8441126911723371,0.72907007,0.5909,0.4091,QML confident stable,QML-led; XGBoost agrees,False,0.01498593668914291,77.9,98,0.046043165,0.0,True,Strict model shortlist,"Practical supporting material, but not a complete battery-cell choice. India score 98; QML probability 0.8441; XGBoost probability 0.7291; hybrid probability 0.7970; predicted hull 0.0460."
98,Li2MnSnS4,mp-1195603,Li-S or sulfide-family,Long-term R&D option,79.7491,0.822744,0.8445406908039379,0.79122114,0.5912,0.4088,QML confident stable,QML-led; XGBoost agrees,False,0.01384867917703531,78.36,75,0.017483257,1.1047,False,Strict model shortlist,"High-potential chemistry, but less direct for immediate purchase. India score 75; QML probability 0.8445; XGBoost probability 0.7912; hybrid probability 0.8227; predicted hull 0.0175."
99,NaLi3(Mo3S4)2,mp-3209135,Li-S or sulfide-family,Long-term R&D option,79.7156,0.802975,0.8389057624444739,0.751864,0.5872,0.4128,QML confident stable,QML-led; XGBoost agrees,False,0.029532947952426558,77.57,78,0.017802056,1.6659,True,Strict model shortlist,"High-potential chemistry, but less direct for immediate purchase. India score 78; QML probability 0.8389; XGBoost probability 0.7519; hybrid probability 0.8030; predicted hull 0.0178."
100,Li4GeS4,mp-30249,Li-S or sulfide-family,Long-term R&D option,79.7128,0.766294,0.8443457683897504,0.65351117,0.591,0.409,QML confident stable,QML-led; XGBoost agrees,False,0.014145640400223232,74.61,72,0.0,2.7129,False,Strict model shortlist,"High-potential chemistry, but less direct for immediate purchase. India score 72; QML probability 0.8443; XGBoost probability 0.6535; hybrid probability 0.7663; predicted hull 0.0000."
101,Cs2Li2CeS4,mp-3250661,Li-S or sulfide-family,Long-term R&D option,79.3925,0.805546,0.7305947310171941,0.88399464,0.5114,0.4886,QML confident stable,QML-led; XGBoost agrees,False,0.05233328186940338,82.59,78,0.022441853,1.1384,True,Strict model shortlist,"High-potential chemistry, but less direct for immediate purchase. India score 78; QML probability 0.7306; XGBoost probability 0.8840; hybrid probability 0.8055; predicted hull 0.0224."
102,LiAl(CrS2)4,mp-3216054,Li-S or sulfide-family,Long-term R&D option,79.2902,0.832732,0.8416349563740926,0.81996816,0.5891,0.4109,QML confident stable,QML-led; XGBoost agrees,False,0.01471602556322622,78.89,78,0.026540361,1.4934,True,Strict model shortlist,"High-potential chemistry, but less direct for immediate purchase. India score 78; QML probability 0.8416; XGBoost probability 0.8200; hybrid probability 0.8327; predicted hull 0.0265."
103,Li4MnGe2S7,mp-1192995,Li-S or sulfide-family,Long-term R&D option,78.0722,0.809475,0.8455850351785934,0.7571015,0.5919,0.4081,QML confident stable,QML-led; XGBoost agrees,False,0.013514765469494656,76.19,81,0.031129079,1.5209,True,Strict model shortlist,"High-potential chemistry, but less direct for immediate purchase. India score 81; QML probability 0.8456; XGBoost probability 0.7571; hybrid probability 0.8095; predicted hull 0.0311."
104,Ba2Li2CeS5,mp-3252600,Li-S or sulfide-family,Long-term R&D option,77.9097,0.768477,0.6161592860912778,0.88399464,0.4313,0.5687,QML moderately stable,QML-led ranking signal,False,0.06002161075500054,82.59,78,0.022441853,1.1743,True,Strict model shortlist,"High-potential chemistry, but less direct for immediate purchase. India score 78; QML probability 0.6162; XGBoost probability 0.8840; hybrid probability 0.7685; predicted hull 0.0224."
105,Li2EuGeS4,mp-629443,Li-S or sulfide-family,Long-term R&D option,77.4523,0.796385,0.8448336752585204,0.7262604,0.5914,0.4086,QML confident stable,QML-led; XGBoost agrees,False,0.014425097102009767,74.71,78,0.026370278,0.2021,True,Strict model shortlist,"High-potential chemistry, but less direct for immediate purchase. India score 78; QML probability 0.8448; XGBoost probability 0.7263; hybrid probability 0.7964; predicted hull 0.0264."
106,Ba2LiAlS4,mp-3207754,Li-S or sulfide-family,Long-term R&D option,77.1818,0.712028,0.6610726764986887,0.7559268,0.4628,0.5372,QML moderately stable,QML-led; XGBoost agrees,False,0.05811632730065874,78.74,78,0.012866707,2.6656,True,Strict model shortlist,"High-potential chemistry, but less direct for immediate purchase. India score 78; QML probability 0.6611; XGBoost probability 0.7559; hybrid probability 0.7120; predicted hull 0.0129."
107,LiV(CuS2)2,mp-3203193,Li-S or sulfide-family,Long-term R&D option,75.9261,0.834562,0.8679012609190974,0.7829614,0.6075,0.3925,QML confident stable,QML-led; XGBoost agrees,False,0.024065648612252376,74.25,78,0.041406773,1.1022,True,Strict model shortlist,"High-potential chemistry, but less direct for immediate purchase. India score 78; QML probability 0.8679; XGBoost probability 0.7830; hybrid probability 0.8346; predicted hull 0.0414."
108,Li2Mn3ZnO8,mp-704943,LMO-family,Selective low-cost option,75.786,0.744133,0.8136469195483592,0.6521369,0.5696,0.4304,QML confident stable,QML-led; XGBoost agrees,False,0.08436285812120821,72.61,90,0.041201778,1.5525,True,Strict model shortlist,"Manganese-based family; useful when cost matters, but needs checks. India score 90; QML probability 0.8136; XGBoost probability 0.6521; hybrid probability 0.7441; predicted hull 0.0412."
109,LiCa2C3F,mp-3210734,Carbon-family,Useful anode/support material,75.7242,0.811518,0.8716783258872777,0.7173424,0.6102,0.3898,QML confident stable,QML-led; XGBoost agrees,False,0.024153765011752808,72.81,91,0.056587666,1.5941,True,Strict model shortlist,"Practical supporting material, but not a complete battery-cell choice. India score 91; QML probability 0.8717; XGBoost probability 0.7173; hybrid probability 0.8115; predicted hull 0.0566."
110,Sr2LiHC3,mp-3214455,Carbon-family,Useful anode/support material,75.0071,0.828163,0.8277993926846122,0.82866406,0.5795,0.4205,QML confident stable,QML-led; XGBoost agrees,False,0.019782217444455578,76.29,95,0.07124193,1.615,True,Strict model shortlist,"Practical supporting material, but not a complete battery-cell choice. India score 95; QML probability 0.8278; XGBoost probability 0.8287; hybrid probability 0.8282; predicted hull 0.0712."
111,Li2VCrS4,mp-1222735,Li-S or sulfide-family,Long-term R&D option,74.9093,0.815839,0.818310800177996,0.81252587,0.5728,0.4272,QML confident stable,QML-led; XGBoost agrees,False,0.03698917637992259,74.85,70,0.03104612,0.0,False,Strict model shortlist,"High-potential chemistry, but less direct for immediate purchase. India score 70; QML probability 0.8183; XGBoost probability 0.8125; hybrid probability 0.8158; predicted hull 0.0310."
112,Li9Fe3P8O29,mp-554093,LFP-family,Best near-term purchase direction,71.0908,0.56504,0.8496746975091829,0.1472201,0.5948,0.4052,QML confident stable,QML-led research review; XGBoost cautious,True,0.027735077570875545,59.1,98,0.009104118,2.5479,False,Benchmark family exception,India-friendly iron phosphate chemistry; avoids nickel and cobalt. India score 98; QML probability 0.8497; XGBoost probability 0.1472; hybrid probability 0.5650; predicted hull 0.0091.
113,Li3Fe2(PO4)3,mp-19430,LFP-family,Best near-term purchase direction,71.0351,0.575323,0.8515372757608601,0.16767046,0.5961,0.4039,QML confident stable,QML-led research review; XGBoost cautious,True,0.03381988082611349,59.52,98,0.011649002,2.4773,False,Benchmark family exception,India-friendly iron phosphate chemistry; avoids nickel and cobalt. India score 98; QML probability 0.8515; XGBoost probability 0.1677; hybrid probability 0.5753; predicted hull 0.0116.
114,Li2Mn3NiO8,mp-771112,LMO-family,Selective low-cost option,69.7143,0.742233,0.797485617234606,0.67242265,0.5582,0.4418,QML confident stable,QML-led; XGBoost agrees,False,0.13385934531911423,67.8,86,0.06277489,1.3993,True,Strict model shortlist,"Manganese-based family; useful when cost matters, but needs checks. India score 86; QML probability 0.7975; XGBoost probability 0.6724; hybrid probability 0.7422; predicted hull 0.0628."
115,LiEu2CBr3N2,mp-568863,Carbon-family,Useful anode/support material,69.2829,0.773092,0.8491162735848183,0.6616808,0.5944,0.4056,QML confident stable,QML-led; XGBoost agrees,False,0.013130647637851477,66.26,95,0.083833896,0.8303,True,Strict model shortlist,"Practical supporting material, but not a complete battery-cell choice. India score 95; QML probability 0.8491; XGBoost probability 0.6617; hybrid probability 0.7731; predicted hull 0.0838."
116,LiFeP2(HO3)2,mp-1195117,LFP-family,Best near-term purchase direction,68.7731,0.577286,0.8514004591675466,0.17289971,0.596,0.404,QML confident stable,QML-led research review; XGBoost cautious,True,0.029340584837551174,57.42,94,0.016301585,2.7734,False,Benchmark family exception,India-friendly iron phosphate chemistry; avoids nickel and cobalt. India score 94; QML probability 0.8514; XGBoost probability 0.1729; hybrid probability 0.5773; predicted hull 0.0163.
117,Li2Fe3(P2O7)2,mp-26985,LFP-family,Best near-term purchase direction,68.5557,0.540542,0.8391409651787951,0.11544099,0.5874,0.4126,QML confident stable,QML-led research review; XGBoost cautious,True,0.013147384124975754,56.39,98,0.01552477,3.9224,False,Benchmark family exception,India-friendly iron phosphate chemistry; avoids nickel and cobalt. India score 98; QML probability 0.8391; XGBoost probability 0.1154; hybrid probability 0.5405; predicted hull 0.0155.
118,LiFePO4,mp-19017,LFP-family,Best near-term purchase direction,68.2582,0.558771,0.8473485796181587,0.13813923,0.5931,0.4069,QML confident stable,QML-led research review; XGBoost cautious,True,0.020207949319820798,56.48,100,0.023703082,3.9224,True,Benchmark family exception,India-friendly iron phosphate chemistry; avoids nickel and cobalt. India score 100; QML probability 0.8473; XGBoost probability 0.1381; hybrid probability 0.5588; predicted hull 0.0237.
119,NaLiFePO4F,mp-1198378,LFP-family,Best near-term purchase direction,67.4373,0.570595,0.8472927887929338,0.16727781,0.5931,0.4069,QML confident stable,QML-led research review; XGBoost cautious,True,0.020841320168268146,56.22,94,0.021042392,4.3042,False,Benchmark family exception,India-friendly iron phosphate chemistry; avoids nickel and cobalt. India score 94; QML probability 0.8473; XGBoost probability 0.1673; hybrid probability 0.5706; predicted hull 0.0210.
120,Li3Fe2(PO4)3,mp-6373,LFP-family,Best near-term purchase direction,67.1192,0.547385,0.8392627708618363,0.13168135,0.5875,0.4125,QML confident stable,QML-led research review; XGBoost cautious,True,0.013234629398826199,55.5,98,0.023631247,2.4096,False,Benchmark family exception,India-friendly iron phosphate chemistry; avoids nickel and cobalt. India score 98; QML probability 0.8393; XGBoost probability 0.1317; hybrid probability 0.5474; predicted hull 0.0236.
121,Li3Fe2(PO4)3,mp-25993,LFP-family,Best near-term purchase direction,67.0712,0.545211,0.8392663468499943,0.12640509,0.5875,0.4125,QML confident stable,QML-led research review; XGBoost cautious,True,0.01323732560722195,55.32,98,0.023346053,2.6074,False,Benchmark family exception,India-friendly iron phosphate chemistry; avoids nickel and cobalt. India score 98; QML probability 0.8393; XGBoost probability 0.1264; hybrid probability 0.5452; predicted hull 0.0233.
122,LiFe(PO3)3,mp-504179,LFP-family,Best near-term purchase direction,66.4279,0.547754,0.8394524056015304,0.13213262,0.5876,0.4124,QML confident stable,QML-led research review; XGBoost cautious,True,0.013787373919989233,54.88,98,0.02685131,4.1851,False,Benchmark family exception,India-friendly iron phosphate chemistry; avoids nickel and cobalt. India score 98; QML probability 0.8395; XGBoost probability 0.1321; hybrid probability 0.5478; predicted hull 0.0269.
123,LiFeP2O7,mp-19294,LFP-family,Best near-term purchase direction,66.398,0.585158,0.8397101420374753,0.2221644,0.5878,0.4122,QML confident stable,QML-led research review; XGBoost cautious,True,0.01460996942802823,57.26,100,0.038671542,1.7443,True,Benchmark family exception,India-friendly iron phosphate chemistry; avoids nickel and cobalt. India score 100; QML probability 0.8397; XGBoost probability 0.2222; hybrid probability 0.5852; predicted hull 0.0387.
124,LiFePO4,mp-18951,LFP-family,Best near-term purchase direction,65.4672,0.555887,0.847587105947196,0.13035166,0.5933,0.4067,QML confident stable,QML-led research review; XGBoost cautious,True,0.02044731051131517,53.63,98,0.03265646,3.5746,False,Benchmark family exception,India-friendly iron phosphate chemistry; avoids nickel and cobalt. India score 98; QML probability 0.8476; XGBoost probability 0.1304; hybrid probability 0.5559; predicted hull 0.0327.
125,LiFePO4,mp-757019,LFP-family,Best near-term purchase direction,64.6951,0.553206,0.8472798205535236,0.124561734,0.5931,0.4069,QML confident stable,QML-led research review; XGBoost cautious,True,0.01972826140675052,52.61,94,0.029470569,3.6715,False,Benchmark family exception,India-friendly iron phosphate chemistry; avoids nickel and cobalt. India score 94; QML probability 0.8473; XGBoost probability 0.1246; hybrid probability 0.5532; predicted hull 0.0295.
126,LiFe2(P2O7)2,mp-1200149,LFP-family,Best near-term purchase direction,62.3931,0.511745,0.8454601198514006,0.02793269,0.5918,0.4082,QML confident stable,QML-led research review; XGBoost cautious,True,0.017131383472505524,48.07,94,0.030418562,0.0,False,Benchmark family exception,India-friendly iron phosphate chemistry; avoids nickel and cobalt. India score 94; QML probability 0.8455; XGBoost probability 0.0279; hybrid probability 0.5117; predicted hull 0.0304.
127,Li3Fe2P2(CO7)2,mp-768618,LFP-family,Best near-term purchase direction,58.3346,0.08719,0.14283014113458978,0.0037309455,0.6,0.4,QML confident unstable,QML-led ranking signal,False,0.011316948487497997,54.47,98,0.0,0.0,False,Benchmark family exception,India-friendly iron phosphate chemistry; avoids nickel and cobalt. India score 98; QML probability 0.1428; XGBoost probability 0.0037; hybrid probability 0.0872; predicted hull 0.0000.
128,Li5Fe2P2(CO7)2,mp-768667,LFP-family,Best near-term purchase direction,58.3328,0.087145,0.1427305563513644,0.0037309455,0.6001,0.3999,QML confident unstable,QML-led ranking signal,False,0.011539297323890797,54.47,98,0.0,0.0,False,Benchmark family exception,India-friendly iron phosphate chemistry; avoids nickel and cobalt. India score 98; QML probability 0.1427; XGBoost probability 0.0037; hybrid probability 0.0871; predicted hull 0.0000.
129,Li3Fe2P2(CO7)2,mp-756197,LFP-family,Best near-term purchase direction,58.3058,0.086619,0.14275061015460772,0.0023854375,0.6001,0.3999,QML confident unstable,QML-led ranking signal,False,0.01149379819054546,54.41,98,0.0,0.0,False,Benchmark family exception,India-friendly iron phosphate chemistry; avoids nickel and cobalt. India score 98; QML probability 0.1428; XGBoost probability 0.0024; hybrid probability 0.0866; predicted hull 0.0000.
130,LiFePCO7,mp-25406,LFP-family,Best near-term purchase direction,57.6663,0.087232,0.14289854454398315,0.0037309455,0.6,0.4,QML confident unstable,QML-led ranking signal,False,0.011165614736221836,53.77,96,0.0,0.0,False,Benchmark family exception,India-friendly iron phosphate chemistry; avoids nickel and cobalt. India score 96; QML probability 0.1429; XGBoost probability 0.0037; hybrid probability 0.0872; predicted hull 0.0000.
131,LiFePCO7,mp-1176704,LFP-family,Best near-term purchase direction,57.639,0.0867,0.1429090062450522,0.0023854375,0.6,0.4,QML confident unstable,QML-led ranking signal,False,0.011234071133674502,53.71,96,0.0,0.0,False,Benchmark family exception,India-friendly iron phosphate chemistry; avoids nickel and cobalt. India score 96; QML probability 0.1429; XGBoost probability 0.0024; hybrid probability 0.0867; predicted hull 0.0000.
132,LiFePCO7,mp-1176714,LFP-family,Best near-term purchase direction,57.6389,0.086698,0.1429056961299669,0.0023854375,0.6,0.4,QML confident unstable,QML-led ranking signal,False,0.011239365259372039,53.71,96,0.0,0.0,False,Benchmark family exception,India-friendly iron phosphate chemistry; avoids nickel and cobalt. India score 96; QML probability 0.1429; XGBoost probability 0.0024; hybrid probability 0.0867; predicted hull 0.0000.
133,LiFePCO7,mp-768630,LFP-family,Best near-term purchase direction,57.6389,0.086697,0.14290488574551483,0.0023854375,0.6,0.4,QML confident unstable,QML-led ranking signal,False,0.011240662200789679,53.71,96,0.0,0.0,False,Benchmark family exception,India-friendly iron phosphate chemistry; avoids nickel and cobalt. India score 96; QML probability 0.1429; XGBoost probability 0.0024; hybrid probability 0.0867; predicted hull 0.0000.
134,LiFePCO7,mp-779778,LFP-family,Best near-term purchase direction,57.6389,0.086697,0.14290410704003234,0.0023854375,0.6,0.4,QML confident unstable,QML-led ranking signal,False,0.01124190875123325,53.71,96,0.0,0.0,False,Benchmark family exception,India-friendly iron phosphate chemistry; avoids nickel and cobalt. India score 96; QML probability 0.1429; XGBoost probability 0.0024; hybrid probability 0.0867; predicted hull 0.0000.
135,LiFePCO7,mp-768562,LFP-family,Best near-term purchase direction,57.6388,0.086696,0.14290248200324224,0.0023854375,0.6,0.4,QML confident unstable,QML-led ranking signal,False,0.01124451108092934,53.71,96,0.0,0.0,False,Benchmark family exception,India-friendly iron phosphate chemistry; avoids nickel and cobalt. India score 96; QML probability 0.1429; XGBoost probability 0.0024; hybrid probability 0.0867; predicted hull 0.0000.
136,LiFePCO7,mp-768629,LFP-family,Best near-term purchase direction,57.6388,0.086696,0.1429025990655615,0.0023854375,0.6,0.4,QML confident unstable,QML-led ranking signal,False,0.011244323573615461,53.71,96,0.0,0.0,False,Benchmark family exception,India-friendly iron phosphate chemistry; avoids nickel and cobalt. India score 96; QML probability 0.1429; XGBoost probability 0.0024; hybrid probability 0.0867; predicted hull 0.0000.
137,LiFePCO7,mp-779262,LFP-family,Best near-term purchase direction,57.6388,0.086696,0.1429031724462648,0.0023854375,0.6,0.4,QML confident unstable,QML-led ranking signal,False,0.011243405246370535,53.71,96,0.0,0.0,False,Benchmark family exception,India-friendly iron phosphate chemistry; avoids nickel and cobalt. India score 96; QML probability 0.1429; XGBoost probability 0.0024; hybrid probability 0.0867; predicted hull 0.0000.
138,LiFePCO7,mp-1176696,LFP-family,Best near-term purchase direction,57.6388,0.086695,0.1429012316189899,0.0023854375,0.6,0.4,QML confident unstable,QML-led ranking signal,False,0.011246514340027075,53.71,96,0.0,0.0,False,Benchmark family exception,India-friendly iron phosphate chemistry; avoids nickel and cobalt. India score 96; QML probability 0.1429; XGBoost probability 0.0024; hybrid probability 0.0867; predicted hull 0.0000.
139,Li3Fe2P2(CO7)2,mp-1177738,LFP-family,Best near-term purchase direction,57.6365,0.086638,0.14280586939859757,0.0023854375,0.6,0.4,QML confident unstable,QML-led ranking signal,False,0.011401661244754046,53.71,96,0.0,0.0,False,Benchmark family exception,India-friendly iron phosphate chemistry; avoids nickel and cobalt. India score 96; QML probability 0.1428; XGBoost probability 0.0024; hybrid probability 0.0866; predicted hull 0.0000.
140,Li8Fe7Cu(PO4)12,mp-1177097,LFP-family,Best near-term purchase direction,57.6146,0.086191,0.14249154671993264,0.0016338566,0.6003,0.3997,QML confident unstable,QML-led ranking signal,False,0.01195042549421035,53.67,96,0.0,0.0,False,Benchmark family exception,India-friendly iron phosphate chemistry; avoids nickel and cobalt. India score 96; QML probability 0.1425; XGBoost probability 0.0016; hybrid probability 0.0862; predicted hull 0.0000.
141,Li5Fe2P2(CO7)2,mp-768689,LFP-family,Best near-term purchase direction,57.4878,0.08663,0.14290568919165783,0.0022154883,0.6,0.4,QML confident unstable,QML-led ranking signal,False,0.011254505705405165,53.66,98,0.0037170467,0.0,False,Benchmark family exception,India-friendly iron phosphate chemistry; avoids nickel and cobalt. India score 98; QML probability 0.1429; XGBoost probability 0.0022; hybrid probability 0.0866; predicted hull 0.0037.
142,Li2ZrFe(PO4)3,mp-706279,LFP-family,Best near-term purchase direction,56.9349,0.092647,0.1436486215730639,0.016335147,0.5994,0.4006,QML confident unstable,QML-led ranking signal,False,0.010498056203084275,53.29,93,0.0,2.0169,False,Benchmark family exception,India-friendly iron phosphate chemistry; avoids nickel and cobalt. India score 93; QML probability 0.1436; XGBoost probability 0.0163; hybrid probability 0.0926; predicted hull 0.0000.
143,Li3Fe2P2(CO7)2,mp-768557,LFP-family,Best near-term purchase direction,56.818,0.086634,0.14291264660245956,0.0022154883,0.6,0.4,QML confident unstable,QML-led ranking signal,False,0.011154593952632925,52.96,96,0.0037170467,0.0,False,Benchmark family exception,India-friendly iron phosphate chemistry; avoids nickel and cobalt. India score 96; QML probability 0.1429; XGBoost probability 0.0022; hybrid probability 0.0866; predicted hull 0.0037.
144,Li3Fe2P2(CO7)2,mp-1177718,LFP-family,Best near-term purchase direction,56.818,0.086634,0.14291262797185095,0.0022154883,0.6,0.4,QML confident unstable,QML-led ranking signal,False,0.011153790552035516,52.96,96,0.0037170467,0.0,False,Benchmark family exception,India-friendly iron phosphate chemistry; avoids nickel and cobalt. India score 96; QML probability 0.1429; XGBoost probability 0.0022; hybrid probability 0.0866; predicted hull 0.0037.
145,Li8Fe7Ni(PO4)12,mp-780776,LFP-family,Best near-term purchase direction,56.2784,0.08626,0.14247640765247432,0.0018307675,0.6003,0.3997,QML confident unstable,QML-led ranking signal,False,0.01197849406648037,52.28,92,0.0,0.0,False,Benchmark family exception,India-friendly iron phosphate chemistry; avoids nickel and cobalt. India score 92; QML probability 0.1425; XGBoost probability 0.0018; hybrid probability 0.0863; predicted hull 0.0000.
146,Li4FeNi5(PO4)6,mp-766569,LFP-family,Best near-term purchase direction,55.6122,0.086354,0.14267922040364406,0.0018307675,0.6001,0.3999,QML confident unstable,QML-led ranking signal,False,0.011615420269593323,51.58,90,0.0,0.0,False,Benchmark family exception,India-friendly iron phosphate chemistry; avoids nickel and cobalt. India score 90; QML probability 0.1427; XGBoost probability 0.0018; hybrid probability 0.0864; predicted hull 0.0000.
147,Li6Fe3Ni(PO4)6,mp-771187,LFP-family,Best near-term purchase direction,55.607,0.086224,0.14241517505212015,0.0018307675,0.6003,0.3997,QML confident unstable,QML-led ranking signal,False,0.012093739812822591,51.58,90,0.0,0.0,False,Benchmark family exception,India-friendly iron phosphate chemistry; avoids nickel and cobalt. India score 90; QML probability 0.1424; XGBoost probability 0.0018; hybrid probability 0.0862; predicted hull 0.0000.
148,NaLi2FePCO7,mp-756248,LFP-family,Best near-term purchase direction,55.2046,0.088488,0.1426013121356537,0.0072511258,0.6002,0.3998,QML confident unstable,QML-led ranking signal,False,0.011757919885073997,51.81,100,0.017579619,4.1429,False,Benchmark family exception,India-friendly iron phosphate chemistry; avoids nickel and cobalt. India score 100; QML probability 0.1426; XGBoost probability 0.0073; hybrid probability 0.0885; predicted hull 0.0176.
149,Li3VFeP2(O4F)2,mp-1177545,LFP-family,Best near-term purchase direction,55.0513,0.121016,0.14177350374456482,0.089776345,0.6008,0.3992,QML confident unstable,QML-led ranking signal,False,0.013510484999819604,53.86,100,0.025876654,2.4464,True,Benchmark family exception,India-friendly iron phosphate chemistry; avoids nickel and cobalt. India score 100; QML probability 0.1418; XGBoost probability 0.0898; hybrid probability 0.1210; predicted hull 0.0259.
150,Na5LiFe2P2(CO7)2,mp-772306,LFP-family,Best near-term purchase direction,55.0386,0.088178,0.14265385053445823,0.006431061,0.6001,0.3999,QML confident unstable,QML-led ranking signal,False,0.011658489589946497,51.64,100,0.018262483,3.8063,False,Benchmark family exception,India-friendly iron phosphate chemistry; avoids nickel and cobalt. India score 100; QML probability 0.1427; XGBoost probability 0.0064; hybrid probability 0.0882; predicted hull 0.0183.
151,Na5LiFe2P2(CO7)2,mp-772670,LFP-family,Best near-term purchase direction,55.0386,0.088178,0.14265345995918385,0.006431061,0.6001,0.3999,QML confident unstable,QML-led ranking signal,False,0.011659221613054063,51.64,100,0.018262483,3.8022,False,Benchmark family exception,India-friendly iron phosphate chemistry; avoids nickel and cobalt. India score 100; QML probability 0.1427; XGBoost probability 0.0064; hybrid probability 0.0882; predicted hull 0.0183.
152,LiFePCO7,mp-779101,LFP-family,Best near-term purchase direction,54.169,0.086651,0.14291014982754993,0.0022611197,0.6,0.4,QML confident unstable,QML-led ranking signal,False,0.011052689404863739,50.55,96,0.015760418,0.0,False,Benchmark family exception,India-friendly iron phosphate chemistry; avoids nickel and cobalt. India score 96; QML probability 0.1429; XGBoost probability 0.0023; hybrid probability 0.0867; predicted hull 0.0158.
153,NaLi5Fe2P2(CO7)2,mp-772636,LFP-family,Best near-term purchase direction,53.4115,0.092492,0.14259931617498575,0.01726947,0.6002,0.3998,QML confident unstable,QML-led ranking signal,False,0.011761736241279921,50.35,98,0.023616038,1.7989,False,Benchmark family exception,India-friendly iron phosphate chemistry; avoids nickel and cobalt. India score 98; QML probability 0.1426; XGBoost probability 0.0173; hybrid probability 0.0925; predicted hull 0.0236.
154,LiGa(CO3)2,mp-3205982,Carbon-family,Useful anode/support material,53.3525,0.390904,0.17153441333249858,0.69371784,0.5799,0.4201,QML confident unstable,QML caution; XGBoost recovery signal,True,0.06643162573286959,71.53,95,0.06468347,4.5088,True,Strict model shortlist,"Practical supporting material, but not a complete battery-cell choice. India score 95; QML probability 0.1715; XGBoost probability 0.6937; hybrid probability 0.3909; predicted hull 0.0647."
155,Li2ZrFe(PO4)3,mp-766132,LFP-family,Best near-term purchase direction,53.1664,0.09676,0.14573766699601848,0.023902249,0.598,0.402,QML confident unstable,QML-led ranking signal,False,0.008218323457947587,50.25,98,0.025645217,2.4566,False,Benchmark family exception,India-friendly iron phosphate chemistry; avoids nickel and cobalt. India score 98; QML probability 0.1457; XGBoost probability 0.0239; hybrid probability 0.0968; predicted hull 0.0256.
156,NaLi5Fe2P2(CO7)2,mp-772293,LFP-family,Best near-term purchase direction,53.0052,0.093218,0.14259967120533285,0.01908355,0.6002,0.3998,QML confident unstable,QML-led ranking signal,False,0.01176105719670205,50.03,98,0.025632437,1.9868,False,Benchmark family exception,India-friendly iron phosphate chemistry; avoids nickel and cobalt. India score 98; QML probability 0.1426; XGBoost probability 0.0191; hybrid probability 0.0932; predicted hull 0.0256.
157,Na4Li4MnFe3P4(O4F)4,mp-1221200,LMFP-family,Good pilot and next-generation option,52.975,0.089235,0.1436366822870307,0.0078029423,0.5995,0.4005,QML confident unstable,QML-led ranking signal,False,0.01050033733756537,49.46,93,0.017201947,3.8622,False,Benchmark family exception,LFP-like family with manganese; useful for improving performance. India score 93; QML probability 0.1436; XGBoost probability 0.0078; hybrid probability 0.0892; predicted hull 0.0172.
158,Li4MnFe3(PO4)4,mp-764613,LMFP-family,Good pilot and next-generation option,52.3002,0.087756,0.14275160544778837,0.0052281227,0.6001,0.3999,QML confident unstable,QML-led ranking signal,False,0.011655274781090623,48.98,97,0.026039975,4.0066,False,Benchmark family exception,LFP-like family with manganese; useful for improving performance. India score 97; QML probability 0.1428; XGBoost probability 0.0052; hybrid probability 0.0878; predicted hull 0.0260.
159,Li8MnFe7(PO4)8,mp-861717,LMFP-family,Good pilot and next-generation option,52.2986,0.087739,0.1427617601943498,0.005171385,0.6001,0.3999,QML confident unstable,QML-led ranking signal,False,0.011624403098194376,48.97,97,0.026039975,3.8807,False,Benchmark family exception,LFP-like family with manganese; useful for improving performance. India score 97; QML probability 0.1428; XGBoost probability 0.0052; hybrid probability 0.0877; predicted hull 0.0260.
160,Li2MnFe(PO4)2,mp-775945,LMFP-family,Good pilot and next-generation option,52.2814,0.087386,0.14273006731411825,0.004336502,0.6001,0.3999,QML confident unstable,QML-led ranking signal,False,0.011720208861405193,48.94,97,0.026039975,3.8121,False,Benchmark family exception,LFP-like family with manganese; useful for improving performance. India score 97; QML probability 0.1427; XGBoost probability 0.0043; hybrid probability 0.0874; predicted hull 0.0260.
161,Li4MnFe3(PO4)4,mp-766043,LMFP-family,Good pilot and next-generation option,52.235,0.087902,0.1428563688056827,0.005469539,0.6,0.4,QML confident unstable,QML-led ranking signal,False,0.01149242618939754,48.92,97,0.02636517,3.9411,False,Benchmark family exception,LFP-like family with manganese; useful for improving performance. India score 97; QML probability 0.1429; XGBoost probability 0.0055; hybrid probability 0.0879; predicted hull 0.0264.
162,Na5LiFe2P2(CO7)2,mp-768938,LFP-family,Best near-term purchase direction,52.213,0.086616,0.14260007397563348,0.0025694561,0.6002,0.3998,QML confident unstable,QML-led ranking signal,False,0.011753881381120301,48.97,100,0.030743422,3.7615,False,Benchmark family exception,India-friendly iron phosphate chemistry; avoids nickel and cobalt. India score 100; QML probability 0.1426; XGBoost probability 0.0026; hybrid probability 0.0866; predicted hull 0.0307.
163,Na2LiFePCO7,mp-772930,LFP-family,Best near-term purchase direction,52.1609,0.086738,0.14259433678193817,0.0028847326,0.6002,0.3998,QML confident unstable,QML-led ranking signal,False,0.011764073218092197,48.93,100,0.031008067,3.8439,False,Benchmark family exception,India-friendly iron phosphate chemistry; avoids nickel and cobalt. India score 100; QML probability 0.1426; XGBoost probability 0.0029; hybrid probability 0.0867; predicted hull 0.0310.
164,Na2LiFePCO7,mp-1176411,LFP-family,Best near-term purchase direction,52.1608,0.086736,0.14258982868327202,0.0028847326,0.6002,0.3998,QML confident unstable,QML-led ranking signal,False,0.011772096717200448,48.93,100,0.031008067,3.8533,False,Benchmark family exception,India-friendly iron phosphate chemistry; avoids nickel and cobalt. India score 100; QML probability 0.1426; XGBoost probability 0.0029; hybrid probability 0.0867; predicted hull 0.0310.
165,Na3Li3Fe2P2(CO7)2,mp-1176351,LFP-family,Best near-term purchase direction,52.1603,0.086724,0.14256950465765167,0.0028847326,0.6002,0.3998,QML confident unstable,QML-led ranking signal,False,0.011808435693154812,48.93,100,0.031008067,3.8891,False,Benchmark family exception,India-friendly iron phosphate chemistry; avoids nickel and cobalt. India score 100; QML probability 0.1426; XGBoost probability 0.0029; hybrid probability 0.0867; predicted hull 0.0310.
166,Na3Li3Fe2P2(CO7)2,mp-771006,LFP-family,Best near-term purchase direction,52.1578,0.086685,0.14256970655041346,0.0027892338,0.6002,0.3998,QML confident unstable,QML-led ranking signal,False,0.011808073364098216,48.92,100,0.031008067,3.9639,False,Benchmark family exception,India-friendly iron phosphate chemistry; avoids nickel and cobalt. India score 100; QML probability 0.1426; XGBoost probability 0.0028; hybrid probability 0.0867; predicted hull 0.0310.
167,Na2LiFePCO7,mp-1176381,LFP-family,Best near-term purchase direction,52.1538,0.08661,0.14258994462575084,0.0025694561,0.6002,0.3998,QML confident unstable,QML-led ranking signal,False,0.011771890196319036,48.91,100,0.031008067,3.7638,False,Benchmark family exception,India-friendly iron phosphate chemistry; avoids nickel and cobalt. India score 100; QML probability 0.1426; XGBoost probability 0.0026; hybrid probability 0.0866; predicted hull 0.0310.
168,Na2LiFePCO7,mp-1176400,LFP-family,Best near-term purchase direction,52.1538,0.08661,0.14258989583633572,0.0025694561,0.6002,0.3998,QML confident unstable,QML-led ranking signal,False,0.01177197710067998,48.91,100,0.031008067,3.8095,False,Benchmark family exception,India-friendly iron phosphate chemistry; avoids nickel and cobalt. India score 100; QML probability 0.1426; XGBoost probability 0.0026; hybrid probability 0.0866; predicted hull 0.0310.
169,Li2VFeP2(HO5)2,mp-760822,LFP-family,Best near-term purchase direction,52.0143,0.097046,0.1425531407800226,0.02872748,0.6002,0.3998,QML confident unstable,QML-led ranking signal,False,0.011850849733774184,49.39,98,0.03103274,1.7603,False,Benchmark family exception,India-friendly iron phosphate chemistry; avoids nickel and cobalt. India score 98; QML probability 0.1426; XGBoost probability 0.0287; hybrid probability 0.0970; predicted hull 0.0310.
170,Li2VFeP2(HO5)2,mp-1177777,LFP-family,Best near-term purchase direction,52.0143,0.097045,0.14255283087015974,0.02872748,0.6002,0.3998,QML confident unstable,QML-led ranking signal,False,0.011851453254999445,49.39,98,0.03103274,1.7599,False,Benchmark family exception,India-friendly iron phosphate chemistry; avoids nickel and cobalt. India score 98; QML probability 0.1426; XGBoost probability 0.0287; hybrid probability 0.0970; predicted hull 0.0310.
171,Li2VFeP2(HO5)2,mp-1177767,LFP-family,Best near-term purchase direction,52.014,0.097039,0.14254288175874147,0.02872748,0.6002,0.3998,QML confident unstable,QML-led ranking signal,False,0.011870867460142492,49.39,98,0.03103274,1.7583,False,Benchmark family exception,India-friendly iron phosphate chemistry; avoids nickel and cobalt. India score 98; QML probability 0.1425; XGBoost probability 0.0287; hybrid probability 0.0970; predicted hull 0.0310.
172,Li2VFeP2(HO5)2,mp-1177768,LFP-family,Best near-term purchase direction,51.9693,0.097232,0.1425451321290539,0.02920625,0.6002,0.3998,QML confident unstable,QML-led ranking signal,False,0.011866469523694226,49.36,98,0.03127998,1.8858,False,Benchmark family exception,India-friendly iron phosphate chemistry; avoids nickel and cobalt. India score 98; QML probability 0.1425; XGBoost probability 0.0292; hybrid probability 0.0972; predicted hull 0.0313.
173,Li2MnFe(PO4)2,mp-754635,LMFP-family,Good pilot and next-generation option,51.9661,0.088459,0.1432712403539034,0.006344261,0.5997,0.4003,QML confident unstable,QML-led ranking signal,False,0.01094729397480398,48.69,97,0.027706202,3.9838,False,Benchmark family exception,LFP-like family with manganese; useful for improving performance. India score 97; QML probability 0.1433; XGBoost probability 0.0063; hybrid probability 0.0885; predicted hull 0.0277.
174,Li2VFeP2(HO5)2,mp-760034,LFP-family,Best near-term purchase direction,51.891,0.094639,0.142547013216352,0.022716995,0.6002,0.3998,QML confident unstable,QML-led ranking signal,False,0.011862796283440601,49.12,98,0.03103274,1.5143,False,Benchmark family exception,India-friendly iron phosphate chemistry; avoids nickel and cobalt. India score 98; QML probability 0.1425; XGBoost probability 0.0227; hybrid probability 0.0946; predicted hull 0.0310.
175,Li4Mn3Fe(PO4)4,mp-773519,LMFP-family,Good pilot and next-generation option,51.7242,0.087373,0.14270715143689466,0.004336502,0.6001,0.3999,QML confident unstable,QML-led ranking signal,False,0.011788708478031085,48.43,97,0.02856878,3.6773,False,Benchmark family exception,LFP-like family with manganese; useful for improving performance. India score 97; QML probability 0.1427; XGBoost probability 0.0043; hybrid probability 0.0874; predicted hull 0.0286.
176,Li12Mn11Fe(PO4)12,mp-775195,LMFP-family,Good pilot and next-generation option,51.7238,0.087363,0.14269081237474437,0.004336502,0.6001,0.3999,QML confident unstable,QML-led ranking signal,False,0.011837303232074629,48.43,97,0.02856878,3.6905,False,Benchmark family exception,LFP-like family with manganese; useful for improving performance. India score 97; QML probability 0.1427; XGBoost probability 0.0043; hybrid probability 0.0874; predicted hull 0.0286.
177,Li2FeP2O7,mp-755006,LFP-family,Best near-term purchase direction,51.7001,0.094193,0.14264562861422944,0.02148268,0.6001,0.3999,QML confident unstable,QML-led ranking signal,False,0.011770669025366843,48.82,96,0.028748205,4.1132,False,Benchmark family exception,India-friendly iron phosphate chemistry; avoids nickel and cobalt. India score 96; QML probability 0.1426; XGBoost probability 0.0215; hybrid probability 0.0942; predicted hull 0.0287.
178,Li16Mn15Fe(PO4)16,mp-849382,LMFP-family,Good pilot and next-generation option,51.6401,0.087256,0.1426887620435116,0.004072856,0.6001,0.3999,QML confident unstable,QML-led ranking signal,False,0.011843390884904223,48.35,97,0.028925514,3.4633,False,Benchmark family exception,LFP-like family with manganese; useful for improving performance. India score 97; QML probability 0.1427; XGBoost probability 0.0041; hybrid probability 0.0873; predicted hull 0.0289.
179,Na2LiFePCO7,mp-773122,LFP-family,Best near-term purchase direction,51.5432,0.086621,0.14260863001400909,0.0025694561,0.6002,0.3998,QML confident unstable,QML-led ranking signal,False,0.011738721739454127,48.27,98,0.030743422,3.7533,False,Benchmark family exception,India-friendly iron phosphate chemistry; avoids nickel and cobalt. India score 98; QML probability 0.1426; XGBoost probability 0.0026; hybrid probability 0.0866; predicted hull 0.0307.
180,Na3Li3Fe2P2(CO7)2,mp-771022,LFP-family,Best near-term purchase direction,51.4921,0.086769,0.14257752581297295,0.0029873888,0.6002,0.3998,QML confident unstable,QML-led ranking signal,False,0.01179406133331556,48.23,98,0.031008067,3.9313,False,Benchmark family exception,India-friendly iron phosphate chemistry; avoids nickel and cobalt. India score 98; QML probability 0.1426; XGBoost probability 0.0030; hybrid probability 0.0868; predicted hull 0.0310.
181,Na3Li3Fe2P2(CO7)2,mp-1176362,LFP-family,Best near-term purchase direction,51.4921,0.086769,0.14257655169942324,0.0029873888,0.6002,0.3998,QML confident unstable,QML-led ranking signal,False,0.011795804716985357,48.23,98,0.031008067,3.9175,False,Benchmark family exception,India-friendly iron phosphate chemistry; avoids nickel and cobalt. India score 98; QML probability 0.1426; XGBoost probability 0.0030; hybrid probability 0.0868; predicted hull 0.0310.
182,Na3Li3Fe2P2(CO7)2,mp-1176354,LFP-family,Best near-term purchase direction,51.4921,0.086767,0.14257272141766586,0.0029873888,0.6002,0.3998,QML confident unstable,QML-led ranking signal,False,0.011802665934700972,48.23,98,0.031008067,3.9236,False,Benchmark family exception,India-friendly iron phosphate chemistry; avoids nickel and cobalt. India score 98; QML probability 0.1426; XGBoost probability 0.0030; hybrid probability 0.0868; predicted hull 0.0310.
183,NaLi2FePCO7,mp-772927,LFP-family,Best near-term purchase direction,51.4917,0.086759,0.1425609859899768,0.0029873888,0.6002,0.3998,QML confident unstable,QML-led ranking signal,False,0.011823748683018307,48.23,98,0.031008067,3.9249,False,Benchmark family exception,India-friendly iron phosphate chemistry; avoids nickel and cobalt. India score 98; QML probability 0.1426; XGBoost probability 0.0030; hybrid probability 0.0868; predicted hull 0.0310.
184,NaLi2FePCO7,mp-772717,LFP-family,Best near-term purchase direction,51.4877,0.086682,0.1425641056817469,0.0027892338,0.6002,0.3998,QML confident unstable,QML-led ranking signal,False,0.011818135138658308,48.22,98,0.031008067,4.0107,False,Benchmark family exception,India-friendly iron phosphate chemistry; avoids nickel and cobalt. India score 98; QML probability 0.1426; XGBoost probability 0.0028; hybrid probability 0.0867; predicted hull 0.0310.
185,NaLi2FePCO7,mp-1101482,LFP-family,Best near-term purchase direction,51.4877,0.086682,0.14256346344462445,0.0027892338,0.6002,0.3998,QML confident unstable,QML-led ranking signal,False,0.011819290239680655,48.22,98,0.031008067,3.9918,False,Benchmark family exception,India-friendly iron phosphate chemistry; avoids nickel and cobalt. India score 98; QML probability 0.1426; XGBoost probability 0.0028; hybrid probability 0.0867; predicted hull 0.0310.
186,NaLi2FePCO7,mp-1667139,LFP-family,Best near-term purchase direction,51.4872,0.086671,0.14254543288723934,0.0027892338,0.6002,0.3998,QML confident unstable,QML-led ranking signal,False,0.011851832857542295,48.22,98,0.031008067,3.9832,False,Benchmark family exception,India-friendly iron phosphate chemistry; avoids nickel and cobalt. India score 98; QML probability 0.1425; XGBoost probability 0.0028; hybrid probability 0.0867; predicted hull 0.0310.
187,Na3Li3Fe2P2(CO7)2,mp-755665,LFP-family,Best near-term purchase direction,51.4781,0.086494,0.142571062514069,0.0023093445,0.6002,0.3998,QML confident unstable,QML-led ranking signal,False,0.01180564057400144,48.2,98,0.031008067,4.0329,False,Benchmark family exception,India-friendly iron phosphate chemistry; avoids nickel and cobalt. India score 98; QML probability 0.1426; XGBoost probability 0.0023; hybrid probability 0.0865; predicted hull 0.0310.
188,NaLi2FePCO7,mp-771007,LFP-family,Best near-term purchase direction,51.4779,0.086488,0.14256085061337798,0.0023093445,0.6002,0.3998,QML confident unstable,QML-led ranking signal,False,0.011823992426519828,48.2,98,0.031008067,4.0433,False,Benchmark family exception,India-friendly iron phosphate chemistry; avoids nickel and cobalt. India score 98; QML probability 0.1426; XGBoost probability 0.0023; hybrid probability 0.0865; predicted hull 0.0310.
189,Li2MnFe(PO4)2,mp-775189,LMFP-family,Good pilot and next-generation option,51.4117,0.087474,0.14273014148682103,0.0045548165,0.6001,0.3999,QML confident unstable,QML-led ranking signal,False,0.011719986293471239,48.15,97,0.030011393,3.0175,False,Benchmark family exception,LFP-like family with manganese; useful for improving performance. India score 97; QML probability 0.1427; XGBoost probability 0.0046; hybrid probability 0.0875; predicted hull 0.0300.
190,Li2FeCu(PO4)2,mp-758722,LFP-family,Best near-term purchase direction,51.3279,0.086474,0.14314665863126205,0.0015370344,0.5998,0.4002,QML confident unstable,QML-led ranking signal,False,0.010918890339932126,47.94,96,0.028625501,0.0,False,Benchmark family exception,India-friendly iron phosphate chemistry; avoids nickel and cobalt. India score 96; QML probability 0.1431; XGBoost probability 0.0015; hybrid probability 0.0865; predicted hull 0.0286.
191,Na5LiFe2P2(CO7)2,mp-1176343,LFP-family,Best near-term purchase direction,51.301,0.087149,0.14260617328915687,0.0038941696,0.6002,0.3998,QML confident unstable,QML-led ranking signal,False,0.0117430697282662,48.17,100,0.035009976,3.6433,False,Benchmark family exception,India-friendly iron phosphate chemistry; avoids nickel and cobalt. India score 100; QML probability 0.1426; XGBoost probability 0.0039; hybrid probability 0.0871; predicted hull 0.0350.
192,LiVFeP2(HO5)2,mp-760163,LFP-family,Best near-term purchase direction,51.2231,0.09469,0.14263241206142235,0.022716995,0.6002,0.3998,QML confident unstable,QML-led ranking signal,False,0.011698826644192969,48.42,96,0.03103274,1.5817,False,Benchmark family exception,India-friendly iron phosphate chemistry; avoids nickel and cobalt. India score 96; QML probability 0.1426; XGBoost probability 0.0227; hybrid probability 0.0947; predicted hull 0.0310.
193,LiVFeP2(HO5)2,mp-760043,LFP-family,Best near-term purchase direction,51.223,0.094689,0.14263059919179452,0.022716995,0.6002,0.3998,QML confident unstable,QML-led ranking signal,False,0.011702252361667876,48.42,96,0.03103274,1.59,False,Benchmark family exception,India-friendly iron phosphate chemistry; avoids nickel and cobalt. India score 96; QML probability 0.1426; XGBoost probability 0.0227; hybrid probability 0.0947; predicted hull 0.0310.
194,LiVFeP2(O4F)2,mp-777388,LFP-family,Best near-term purchase direction,51.2156,0.103547,0.14210273357792186,0.045593247,0.6005,0.3995,QML confident unstable,QML-led ranking signal,False,0.012730063864363891,48.84,92,0.027051492,1.7351,False,Benchmark family exception,India-friendly iron phosphate chemistry; avoids nickel and cobalt. India score 92; QML probability 0.1421; XGBoost probability 0.0456; hybrid probability 0.1035; predicted hull 0.0271.
195,Li4FeCu3(PO4)4,mp-1177402,LFP-family,Best near-term purchase direction,51.1981,0.086449,0.14286601652019015,0.0018242882,0.6,0.4,QML confident unstable,QML-led ranking signal,False,0.011283214623420822,47.84,96,0.029219268,0.0,False,Benchmark family exception,India-friendly iron phosphate chemistry; avoids nickel and cobalt. India score 96; QML probability 0.1429; XGBoost probability 0.0018; hybrid probability 0.0864; predicted hull 0.0292.
196,Na2LiFePCO7,mp-1176392,LFP-family,Best near-term purchase direction,51.1439,0.090494,0.14258979493197768,0.012285716,0.6002,0.3998,QML confident unstable,QML-led ranking signal,False,0.011772156837879596,48.25,100,0.036504343,1.4357,False,Benchmark family exception,India-friendly iron phosphate chemistry; avoids nickel and cobalt. India score 100; QML probability 0.1426; XGBoost probability 0.0123; hybrid probability 0.0905; predicted hull 0.0365.
197,Na5LiFe2P2(CO7)2,mp-1176585,LFP-family,Best near-term purchase direction,51.0319,0.087299,0.14260450976080105,0.004272744,0.6002,0.3998,QML confident unstable,QML-led ranking signal,False,0.011746016109293258,47.94,100,0.036270354,3.5469,False,Benchmark family exception,India-friendly iron phosphate chemistry; avoids nickel and cobalt. India score 100; QML probability 0.1426; XGBoost probability 0.0043; hybrid probability 0.0873; predicted hull 0.0363.
198,Li2FePCO7,mp-768485,LFP-family,Best near-term purchase direction,50.9169,0.098261,0.1425917107288907,0.031708557,0.6002,0.3998,QML confident unstable,QML-led ranking signal,False,0.011768745440192194,48.56,100,0.039347798,2.1632,False,Benchmark family exception,India-friendly iron phosphate chemistry; avoids nickel and cobalt. India score 100; QML probability 0.1426; XGBoost probability 0.0317; hybrid probability 0.0983; predicted hull 0.0393.
199,Li8MnFe7(PO4)8,mp-849430,LMFP-family,Good pilot and next-generation option,50.9014,0.087948,0.14295676145572833,0.005469539,0.5999,0.4001,QML confident unstable,QML-led ranking signal,False,0.01133991925308575,47.71,97,0.032437753,3.9032,False,Benchmark family exception,LFP-like family with manganese; useful for improving performance. India score 97; QML probability 0.1430; XGBoost probability 0.0055; hybrid probability 0.0879; predicted hull 0.0324.
200,Li2FePCO7,mp-1177947,LFP-family,Best near-term purchase direction,50.8968,0.089227,0.14259999010234314,0.009101786,0.6002,0.3998,QML confident unstable,QML-led ranking signal,False,0.011754030223352247,47.94,100,0.037331402,1.7891,False,Benchmark family exception,India-friendly iron phosphate chemistry; avoids nickel and cobalt. India score 100; QML probability 0.1426; XGBoost probability 0.0091; hybrid probability 0.0892; predicted hull 0.0373.
201,Li2FePCO7,mp-768624,LFP-family,Best near-term purchase direction,50.8874,0.095535,0.14259778916213456,0.02488097,0.6002,0.3998,QML confident unstable,QML-led ranking signal,False,0.011757937666925447,48.35,100,0.038844913,2.441,False,Benchmark family exception,India-friendly iron phosphate chemistry; avoids nickel and cobalt. India score 100; QML probability 0.1426; XGBoost probability 0.0249; hybrid probability 0.0955; predicted hull 0.0388.
202,Li2FePCO7,mp-768648,LFP-family,Best near-term purchase direction,50.8002,0.088119,0.1426007839299049,0.006327903,0.6002,0.3998,QML confident unstable,QML-led ranking signal,False,0.011752621673406733,47.78,100,0.03751257,2.461,False,Benchmark family exception,India-friendly iron phosphate chemistry; avoids nickel and cobalt. India score 100; QML probability 0.1426; XGBoost probability 0.0063; hybrid probability 0.0881; predicted hull 0.0375.
203,Li2FePCO7,mp-768508,LFP-family,Best near-term purchase direction,50.7574,0.09515,0.14259080525755438,0.023930272,0.6002,0.3998,QML confident unstable,QML-led ranking signal,False,0.011770357483862397,48.21,100,0.039347798,2.1108,False,Benchmark family exception,India-friendly iron phosphate chemistry; avoids nickel and cobalt. India score 100; QML probability 0.1426; XGBoost probability 0.0239; hybrid probability 0.0951; predicted hull 0.0393.
204,Na2LiFePCO7,mp-773033,LFP-family,Best near-term purchase direction,50.7481,0.08699,0.1425960363453026,0.003512331,0.6002,0.3998,QML confident unstable,QML-led ranking signal,False,0.011761051791333854,47.57,98,0.03444273,0.0025,False,Benchmark family exception,India-friendly iron phosphate chemistry; avoids nickel and cobalt. India score 98; QML probability 0.1426; XGBoost probability 0.0035; hybrid probability 0.0870; predicted hull 0.0344.
205,Li4MnFe3(PO4)4,mp-766130,LMFP-family,Good pilot and next-generation option,50.7148,0.091378,0.1447978295029736,0.01171362,0.5986,0.4014,QML confident unstable,QML-led ranking signal,False,0.009076478003991197,47.67,97,0.03403656,4.1435,False,Benchmark family exception,LFP-like family with manganese; useful for improving performance. India score 97; QML probability 0.1448; XGBoost probability 0.0117; hybrid probability 0.0914; predicted hull 0.0340.
206,LiFe2(PO4)3,mp-26581,LFP-family,Best near-term purchase direction,50.7059,0.091583,0.15250084897413552,0.0027509963,0.5932,0.4068,QML confident unstable,QML-led ranking signal,False,0.02315197651355522,47.15,94,0.029361947,0.0,False,Benchmark family exception,India-friendly iron phosphate chemistry; avoids nickel and cobalt. India score 94; QML probability 0.1525; XGBoost probability 0.0028; hybrid probability 0.0916; predicted hull 0.0294.
207,Li4Fe2(PO4)3,mp-780568,LFP-family,Best near-term purchase direction,50.6755,0.088274,0.14407451891006354,0.004886676,0.5991,0.4009,QML confident unstable,QML-led ranking signal,False,0.009997322016598307,47.42,96,0.031987317,0.0,False,Benchmark family exception,India-friendly iron phosphate chemistry; avoids nickel and cobalt. India score 96; QML probability 0.1441; XGBoost probability 0.0049; hybrid probability 0.0883; predicted hull 0.0320.
208,Na3Li3Fe2P2(CO7)2,mp-772931,LFP-family,Best near-term purchase direction,50.6088,0.101159,0.14257647262203693,0.038981277,0.6002,0.3998,QML confident unstable,QML-led ranking signal,False,0.011795946270435774,48.38,98,0.038378015,2.1884,False,Benchmark family exception,India-friendly iron phosphate chemistry; avoids nickel and cobalt. India score 98; QML probability 0.1426; XGBoost probability 0.0390; hybrid probability 0.1012; predicted hull 0.0384.
209,Na5LiFe2P2(CO7)2,mp-772514,LFP-family,Best near-term purchase direction,50.5164,0.088767,0.14275403950424598,0.0077529983,0.6001,0.3999,QML confident unstable,QML-led ranking signal,False,0.011486497929962194,47.56,100,0.03895127,3.8318,False,Benchmark family exception,India-friendly iron phosphate chemistry; avoids nickel and cobalt. India score 100; QML probability 0.1428; XGBoost probability 0.0078; hybrid probability 0.0888; predicted hull 0.0390.
210,Na5LiFe2P2(CO7)2,mp-772536,LFP-family,Best near-term purchase direction,50.4905,0.088268,0.14275393158215366,0.0065040574,0.6001,0.3999,QML confident unstable,QML-led ranking signal,False,0.01148673996996318,47.5,100,0.03895127,3.7899,False,Benchmark family exception,India-friendly iron phosphate chemistry; avoids nickel and cobalt. India score 100; QML probability 0.1428; XGBoost probability 0.0065; hybrid probability 0.0883; predicted hull 0.0390.
211,Li3FePCO7,mp-1177667,LFP-family,Best near-term purchase direction,50.4635,0.086454,0.14252968340935582,0.0022691654,0.6002,0.3998,QML confident unstable,QML-led ranking signal,False,0.011880439776265505,47.19,96,0.03256819,3.7475,False,Benchmark family exception,India-friendly iron phosphate chemistry; avoids nickel and cobalt. India score 96; QML probability 0.1425; XGBoost probability 0.0023; hybrid probability 0.0865; predicted hull 0.0326.
212,Na3Li3Fe2P2(CO7)2,mp-772851,LFP-family,Best near-term purchase direction,50.4514,0.090057,0.14257745579527936,0.011211707,0.6002,0.3998,QML confident unstable,QML-led ranking signal,False,0.011794186623901602,47.5,98,0.036504343,1.5272,False,Benchmark family exception,India-friendly iron phosphate chemistry; avoids nickel and cobalt. India score 98; QML probability 0.1426; XGBoost probability 0.0112; hybrid probability 0.0901; predicted hull 0.0365.
213,Li2MnFe(PO4)2,mp-759138,LMFP-family,Good pilot and next-generation option,50.442,0.088972,0.14466644816198482,0.005881604,0.5987,0.4013,QML confident unstable,QML-led ranking signal,False,0.00921360011728051,47.27,97,0.034719426,3.9508,False,Benchmark family exception,LFP-like family with manganese; useful for improving performance. India score 97; QML probability 0.1447; XGBoost probability 0.0059; hybrid probability 0.0890; predicted hull 0.0347.
214,NaLi5Fe2P2(CO7)2,mp-1101665,LFP-family,Best near-term purchase direction,50.419,0.088403,0.1425430886273622,0.007125125,0.6002,0.3998,QML confident unstable,QML-led ranking signal,False,0.0118560801324035,47.37,98,0.036270354,3.1758,False,Benchmark family exception,India-friendly iron phosphate chemistry; avoids nickel and cobalt. India score 98; QML probability 0.1425; XGBoost probability 0.0071; hybrid probability 0.0884; predicted hull 0.0363.
215,NaLi2FePCO7,mp-772718,LFP-family,Best near-term purchase direction,50.3576,0.087218,0.14256806605586356,0.00412333,0.6002,0.3998,QML confident unstable,QML-led ranking signal,False,0.011811018284196523,47.23,98,0.036270354,3.4567,False,Benchmark family exception,India-friendly iron phosphate chemistry; avoids nickel and cobalt. India score 98; QML probability 0.1426; XGBoost probability 0.0041; hybrid probability 0.0872; predicted hull 0.0363.
216,NaLi5Fe2P2(CO7)2,mp-773801,LFP-family,Best near-term purchase direction,50.3573,0.087209,0.1425538155529079,0.00412333,0.6002,0.3998,QML confident unstable,QML-led ranking signal,False,0.011836675954809335,47.23,98,0.036270354,3.4564,False,Benchmark family exception,India-friendly iron phosphate chemistry; avoids nickel and cobalt. India score 98; QML probability 0.1426; XGBoost probability 0.0041; hybrid probability 0.0872; predicted hull 0.0363.
217,Li2VFeP2(O4F)2,mp-761208,LFP-family,Best near-term purchase direction,50.3534,0.099792,0.1420140501143084,0.03629949,0.6006,0.3994,QML confident unstable,QML-led ranking signal,False,0.012927654803646268,47.72,90,0.027051492,1.6101,False,Benchmark family exception,India-friendly iron phosphate chemistry; avoids nickel and cobalt. India score 90; QML probability 0.1420; XGBoost probability 0.0363; hybrid probability 0.0998; predicted hull 0.0271.
218,NaLi2FePCO7,mp-1101703,LFP-family,Best near-term purchase direction,50.346,0.096041,0.1425644062093915,0.026196545,0.6002,0.3998,QML confident unstable,QML-led ranking signal,False,0.011817594717148367,47.8,98,0.038378015,2.0244,False,Benchmark family exception,India-friendly iron phosphate chemistry; avoids nickel and cobalt. India score 98; QML probability 0.1426; XGBoost probability 0.0262; hybrid probability 0.0960; predicted hull 0.0384.
219,Li6MnFeP2(CO7)2,mp-757146,LMFP-family,Good pilot and next-generation option,50.3197,0.087849,0.1428183667771629,0.0053938585,0.6,0.4,QML confident unstable,QML-led ranking signal,False,0.011447165591003781,47.18,97,0.035061307,3.9017,False,Benchmark family exception,LFP-like family with manganese; useful for improving performance. India score 97; QML probability 0.1428; XGBoost probability 0.0054; hybrid probability 0.0878; predicted hull 0.0351.
220,NaLi2FePCO7,mp-1101716,LFP-family,Best near-term purchase direction,50.26,0.091662,0.14256380546489333,0.015245686,0.6002,0.3998,QML confident unstable,QML-led ranking signal,False,0.011818675061767196,47.44,98,0.03775222,1.3709,False,Benchmark family exception,India-friendly iron phosphate chemistry; avoids nickel and cobalt. India score 98; QML probability 0.1426; XGBoost probability 0.0152; hybrid probability 0.0917; predicted hull 0.0378.
221,Li4Mn3Fe(PO4)4,mp-766376,LMFP-family,Good pilot and next-generation option,50.2466,0.087556,0.1429373154664929,0.0045184838,0.5999,0.4001,QML confident unstable,QML-led ranking signal,False,0.011453277606777367,47.09,97,0.03532329,3.5811,False,Benchmark family exception,LFP-like family with manganese; useful for improving performance. India score 97; QML probability 0.1429; XGBoost probability 0.0045; hybrid probability 0.0876; predicted hull 0.0353.
222,Li10Mg12Fe(PO4)12,mp-849374,LFP-family,Best near-term purchase direction,50.2235,0.09484,0.14183163884345532,0.02414639,0.6007,0.3993,QML confident unstable,QML-led ranking signal,False,0.01351556049372391,47.65,98,0.038675576,4.4817,False,Benchmark family exception,India-friendly iron phosphate chemistry; avoids nickel and cobalt. India score 98; QML probability 0.1418; XGBoost probability 0.0241; hybrid probability 0.0948; predicted hull 0.0387.
223,Li5Fe2P2(CO7)2,mp-770138,LFP-family,Best near-term purchase direction,50.1838,0.08899,0.14256031258756596,0.008567957,0.6002,0.3998,QML confident unstable,QML-led ranking signal,False,0.011824961255812397,47.19,98,0.037474126,1.4142,False,Benchmark family exception,India-friendly iron phosphate chemistry; avoids nickel and cobalt. India score 98; QML probability 0.1426; XGBoost probability 0.0086; hybrid probability 0.0890; predicted hull 0.0375.
224,LiFeP2HO7,mp-781683,LFP-family,Best near-term purchase direction,50.1684,0.095212,0.14254949795040917,0.02414639,0.6002,0.3998,QML confident unstable,QML-led ranking signal,False,0.011857948467193931,47.59,98,0.03899518,4.45,False,Benchmark family exception,India-friendly iron phosphate chemistry; avoids nickel and cobalt. India score 98; QML probability 0.1425; XGBoost probability 0.0241; hybrid probability 0.0952; predicted hull 0.0390.
225,RbLiS2O7,mp-3271249,Li-S or sulfide-family,Long-term R&D option,50.1285,0.371769,0.14315242634264322,0.7144084,0.5998,0.4002,QML confident unstable,QML caution; XGBoost recovery signal,True,0.0107960700476188,69.37,78,0.05039637,6.4448,True,Strict model shortlist,"High-potential chemistry, but less direct for immediate purchase. India score 78; QML probability 0.1432; XGBoost probability 0.7144; hybrid probability 0.3718; predicted hull 0.0504."
226,CsLiS2O7,mp-3274541,Li-S or sulfide-family,Long-term R&D option,50.1285,0.371769,0.14315155654987502,0.7144084,0.5998,0.4002,QML confident unstable,QML caution; XGBoost recovery signal,True,0.010797469685138556,69.37,78,0.05039637,6.3859,True,Strict model shortlist,"High-potential chemistry, but less direct for immediate purchase. India score 78; QML probability 0.1432; XGBoost probability 0.7144; hybrid probability 0.3718; predicted hull 0.0504."
227,KLiS2O7,mp-3283701,Li-S or sulfide-family,Long-term R&D option,50.1284,0.371768,0.1431507064062949,0.7144084,0.5998,0.4002,QML confident unstable,QML caution; XGBoost recovery signal,True,0.010798838008734688,69.37,78,0.05039637,6.5525,True,Strict model shortlist,"High-potential chemistry, but less direct for immediate purchase. India score 78; QML probability 0.1432; XGBoost probability 0.7144; hybrid probability 0.3718; predicted hull 0.0504."
228,Li3FePCO7,mp-752696,LFP-family,Best near-term purchase direction,50.1142,0.089094,0.14270437152240098,0.008645048,0.6001,0.3999,QML confident unstable,QML-led ranking signal,False,0.011598513975451802,47.13,98,0.037813038,4.3622,False,Benchmark family exception,India-friendly iron phosphate chemistry; avoids nickel and cobalt. India score 98; QML probability 0.1427; XGBoost probability 0.0086; hybrid probability 0.0891; predicted hull 0.0378.
229,Li2Fe(PO4)2,mp-757095,LFP-family,Best near-term purchase direction,50.0917,0.088532,0.14661779816906875,0.0023412013,0.5974,0.4026,QML confident unstable,QML-led ranking signal,False,0.007626513854201328,46.69,94,0.031592846,0.0,False,Benchmark family exception,India-friendly iron phosphate chemistry; avoids nickel and cobalt. India score 94; QML probability 0.1466; XGBoost probability 0.0023; hybrid probability 0.0885; predicted hull 0.0316.
230,Li3ZnFe2(PO4)3,mp-1223044,LFP-family,Best near-term purchase direction,50.0651,0.088265,0.14230546119540524,0.007068606,0.6004,0.3996,QML confident unstable,QML-led ranking signal,False,0.012307511377880899,47.05,98,0.03785256,3.6958,False,Benchmark family exception,India-friendly iron phosphate chemistry; avoids nickel and cobalt. India score 98; QML probability 0.1423; XGBoost probability 0.0071; hybrid probability 0.0883; predicted hull 0.0379.
231,LiFeP3(H7O8)2,mp-850955,LFP-family,Best near-term purchase direction,50.0099,0.088095,0.14327592591536656,0.005426663,0.5997,0.4003,QML confident unstable,QML-led ranking signal,False,0.010677831254005333,46.85,96,0.03499439,3.9327,False,Benchmark family exception,India-friendly iron phosphate chemistry; avoids nickel and cobalt. India score 96; QML probability 0.1433; XGBoost probability 0.0054; hybrid probability 0.0881; predicted hull 0.0350.
232,Li2VFe(P2O7)2,mp-1177781,LFP-family,Best near-term purchase direction,49.9997,0.104543,0.14209304805096007,0.04810081,0.6005,0.3995,QML confident unstable,QML-led ranking signal,False,0.012751240023903905,48.17,100,0.044995315,1.9038,True,Benchmark family exception,India-friendly iron phosphate chemistry; avoids nickel and cobalt. India score 100; QML probability 0.1421; XGBoost probability 0.0481; hybrid probability 0.1045; predicted hull 0.0450.
233,NaLi2FePCO7,mp-770772,LFP-family,Best near-term purchase direction,49.9985,0.088804,0.14272121552874842,0.007894102,0.6001,0.3999,QML confident unstable,QML-led ranking signal,False,0.011560377847954915,47.0,98,0.03826841,4.1713,False,Benchmark family exception,India-friendly iron phosphate chemistry; avoids nickel and cobalt. India score 98; QML probability 0.1427; XGBoost probability 0.0079; hybrid probability 0.0888; predicted hull 0.0383.
234,Li12MnFe3P4(CO7)4,mp-766510,LMFP-family,Good pilot and next-generation option,49.979,0.087368,0.14282835309574124,0.0041777464,0.6,0.4,QML confident unstable,QML-led ranking signal,False,0.0114144679779185,46.84,97,0.036498763,3.64,False,Benchmark family exception,LFP-like family with manganese; useful for improving performance. India score 97; QML probability 0.1428; XGBoost probability 0.0042; hybrid probability 0.0874; predicted hull 0.0365.
235,Na5LiFe2P2(CO7)2,mp-755968,LFP-family,Best near-term purchase direction,49.9515,0.087786,0.14285489488832082,0.005183675,0.6,0.4,QML confident unstable,QML-led ranking signal,False,0.011323727697196176,46.98,100,0.041289926,3.7977,False,Benchmark family exception,India-friendly iron phosphate chemistry; avoids nickel and cobalt. India score 100; QML probability 0.1429; XGBoost probability 0.0052; hybrid probability 0.0878; predicted hull 0.0413.
236,Li2MnFe(PO4)2,mp-761246,LMFP-family,Good pilot and next-generation option,49.9228,0.089735,0.14496140764121554,0.007410288,0.5985,0.4015,QML confident unstable,QML-led ranking signal,False,0.008914700373179303,46.83,97,0.03724823,3.6926,False,Benchmark family exception,LFP-like family with manganese; useful for improving performance. India score 97; QML probability 0.1450; XGBoost probability 0.0074; hybrid probability 0.0897; predicted hull 0.0372.
237,Li5Fe2P2(CO7)2,mp-756740,LFP-family,Best near-term purchase direction,49.922,0.089234,0.14255564142537422,0.00918361,0.6002,0.3998,QML confident unstable,QML-led ranking signal,False,0.0118333808728747,46.97,98,0.038722,1.3676,False,Benchmark family exception,India-friendly iron phosphate chemistry; avoids nickel and cobalt. India score 98; QML probability 0.1426; XGBoost probability 0.0092; hybrid probability 0.0892; predicted hull 0.0387.
238,Li3FePCO7,mp-754968,LFP-family,Best near-term purchase direction,49.9131,0.087859,0.14258443235153195,0.0057035787,0.6002,0.3998,QML confident unstable,QML-led ranking signal,False,0.011790286798598466,46.87,98,0.03844138,4.2053,False,Benchmark family exception,India-friendly iron phosphate chemistry; avoids nickel and cobalt. India score 98; QML probability 0.1426; XGBoost probability 0.0057; hybrid probability 0.0879; predicted hull 0.0384.
239,Li3FePCO7,mp-754987,LFP-family,Best near-term purchase direction,49.9128,0.087853,0.14257408047377346,0.0057035787,0.6002,0.3998,QML confident unstable,QML-led ranking signal,False,0.011810240723977525,46.87,98,0.03844138,4.2201,False,Benchmark family exception,India-friendly iron phosphate chemistry; avoids nickel and cobalt. India score 98; QML probability 0.1426; XGBoost probability 0.0057; hybrid probability 0.0879; predicted hull 0.0384.
240,Li3Fe2(PO5)2,mp-766138,LFP-family,Best near-term purchase direction,49.7712,0.08782,0.1437303838009968,0.0041634734,0.5994,0.4006,QML confident unstable,QML-led ranking signal,False,0.010523299937848238,46.45,93,0.03143312,0.0,False,Benchmark family exception,India-friendly iron phosphate chemistry; avoids nickel and cobalt. India score 93; QML probability 0.1437; XGBoost probability 0.0042; hybrid probability 0.0878; predicted hull 0.0314.
241,Li2InFe(P2O7)2,mp-1222830,LFP-family,Best near-term purchase direction,49.7526,0.089108,0.14218620384336722,0.00932433,0.6005,0.3995,QML confident unstable,QML-led ranking signal,False,0.012551442892791803,46.92,100,0.042518567,2.7432,True,Benchmark family exception,India-friendly iron phosphate chemistry; avoids nickel and cobalt. India score 100; QML probability 0.1422; XGBoost probability 0.0093; hybrid probability 0.0891; predicted hull 0.0425.
242,Li3FePCO7,mp-771344,LFP-family,Best near-term purchase direction,49.7135,0.088191,0.14270863487942084,0.006380898,0.6001,0.3999,QML confident unstable,QML-led ranking signal,False,0.011588846062966184,46.7,98,0.03942079,4.1491,False,Benchmark family exception,India-friendly iron phosphate chemistry; avoids nickel and cobalt. India score 98; QML probability 0.1427; XGBoost probability 0.0064; hybrid probability 0.0882; predicted hull 0.0394.
243,Li2FePO4F,mp-25393,LFP-family,Best near-term purchase direction,49.6856,0.087138,0.14214786412096558,0.0044512823,0.6005,0.3995,QML confident unstable,QML-led ranking signal,False,0.012632640124527894,46.36,92,0.030179678,4.1935,False,Benchmark family exception,India-friendly iron phosphate chemistry; avoids nickel and cobalt. India score 92; QML probability 0.1421; XGBoost probability 0.0045; hybrid probability 0.0871; predicted hull 0.0302.
244,Li3Ti3Fe(PO4)6,mp-695021,LFP-family,Best near-term purchase direction,49.6254,0.118106,0.14175116571644328,0.082520574,0.6008,0.3992,QML confident unstable,QML-led ranking signal,False,0.01356857395950515,48.74,100,0.049864203,2.3884,False,Benchmark family exception,India-friendly iron phosphate chemistry; avoids nickel and cobalt. India score 100; QML probability 0.1418; XGBoost probability 0.0825; hybrid probability 0.1181; predicted hull 0.0499.
245,LiFePHO5,mp-705884,LFP-family,Best near-term purchase direction,49.5586,0.106926,0.14266565648598,0.053294398,0.6001,0.3999,QML confident unstable,QML-led ranking signal,False,0.0116388720571564,47.8,98,0.04449243,2.3934,False,Benchmark family exception,India-friendly iron phosphate chemistry; avoids nickel and cobalt. India score 98; QML probability 0.1427; XGBoost probability 0.0533; hybrid probability 0.1069; predicted hull 0.0445.
246,Li7Mn2Fe6(PO4)8,mp-1176968,LMFP-family,Good pilot and next-generation option,49.534,0.089221,0.14229053273174436,0.009483961,0.6004,0.3996,QML confident unstable,QML-led ranking signal,False,0.012337361783715892,46.58,97,0.03896421,1.4371,False,Benchmark family exception,LFP-like family with manganese; useful for improving performance. India score 97; QML probability 0.1423; XGBoost probability 0.0095; hybrid probability 0.0892; predicted hull 0.0390.
247,Li2FePCO7,mp-755819,LFP-family,Best near-term purchase direction,49.5208,0.089408,0.14274650766466407,0.00936699,0.6001,0.3999,QML confident unstable,QML-led ranking signal,False,0.011503402962094034,46.7,100,0.043627452,2.4943,False,Benchmark family exception,India-friendly iron phosphate chemistry; avoids nickel and cobalt. India score 100; QML probability 0.1427; XGBoost probability 0.0094; hybrid probability 0.0894; predicted hull 0.0436.
248,Li3FePCO7,mp-766818,LFP-family,Best near-term purchase direction,49.4662,0.087056,0.1425307157087496,0.0037741421,0.6002,0.3998,QML confident unstable,QML-led ranking signal,False,0.011878559508355698,46.32,96,0.037240136,3.5301,False,Benchmark family exception,India-friendly iron phosphate chemistry; avoids nickel and cobalt. India score 96; QML probability 0.1425; XGBoost probability 0.0038; hybrid probability 0.0871; predicted hull 0.0372.
249,LiFe(PO3)3,mp-1305316,LFP-family,Best near-term purchase direction,49.3855,0.092805,0.145728887678012,0.014076672,0.598,0.402,QML confident unstable,QML-led ranking signal,False,0.007785234727289948,46.46,96,0.03886347,4.1561,False,Benchmark family exception,India-friendly iron phosphate chemistry; avoids nickel and cobalt. India score 96; QML probability 0.1457; XGBoost probability 0.0141; hybrid probability 0.0928; predicted hull 0.0389.
250,Li2FePCO7,mp-756223,LFP-family,Best near-term purchase direction,49.3287,0.092124,0.1426400039496636,0.016285885,0.6002,0.3998,QML confident unstable,QML-led ranking signal,False,0.011684505629276797,46.71,100,0.045136318,2.4399,False,Benchmark family exception,India-friendly iron phosphate chemistry; avoids nickel and cobalt. India score 100; QML probability 0.1426; XGBoost probability 0.0163; hybrid probability 0.0921; predicted hull 0.0451.
251,Li2FePCO7,mp-768491,LFP-family,Best near-term purchase direction,49.3167,0.091898,0.142641322936046,0.015719637,0.6002,0.3998,QML confident unstable,QML-led ranking signal,False,0.011682021668288274,46.68,100,0.045136318,2.272,False,Benchmark family exception,India-friendly iron phosphate chemistry; avoids nickel and cobalt. India score 100; QML probability 0.1426; XGBoost probability 0.0157; hybrid probability 0.0919; predicted hull 0.0451.
252,Li2FePCO7,mp-768471,LFP-family,Best near-term purchase direction,49.3089,0.091754,0.14264259203946877,0.015357055,0.6002,0.3998,QML confident unstable,QML-led ranking signal,False,0.011679632795532536,46.66,100,0.045136318,2.3391,False,Benchmark family exception,India-friendly iron phosphate chemistry; avoids nickel and cobalt. India score 100; QML probability 0.1426; XGBoost probability 0.0154; hybrid probability 0.0918; predicted hull 0.0451.
253,LiFePO5,mp-774462,LFP-family,Best near-term purchase direction,49.3089,0.087586,0.14374222881238072,0.003562458,0.5994,0.4006,QML confident unstable,QML-led ranking signal,False,0.010488206667926329,46.06,94,0.03500252,0.0,False,Benchmark family exception,India-friendly iron phosphate chemistry; avoids nickel and cobalt. India score 94; QML probability 0.1437; XGBoost probability 0.0036; hybrid probability 0.0876; predicted hull 0.0350.
254,Li2FePCO7,mp-753770,LFP-family,Best near-term purchase direction,49.3087,0.09175,0.1426355253773212,0.015357055,0.6002,0.3998,QML confident unstable,QML-led ranking signal,False,0.01169294892141846,46.66,100,0.045136318,2.3388,False,Benchmark family exception,India-friendly iron phosphate chemistry; avoids nickel and cobalt. India score 100; QML probability 0.1426; XGBoost probability 0.0154; hybrid probability 0.0917; predicted hull 0.0451.
255,Li12Mn3FeP4(CO7)4,mp-767262,LMFP-family,Good pilot and next-generation option,49.3086,0.087359,0.1428123486056724,0.0041777464,0.6,0.4,QML confident unstable,QML-led ranking signal,False,0.011466595188556137,46.14,95,0.036498763,3.6464,False,Benchmark family exception,LFP-like family with manganese; useful for improving performance. India score 95; QML probability 0.1428; XGBoost probability 0.0042; hybrid probability 0.0874; predicted hull 0.0365.
256,Li2Fe(PO4)2,mp-757351,LFP-family,Best near-term purchase direction,49.3018,0.087458,0.14391442278720132,0.0030198481,0.5993,0.4007,QML confident unstable,QML-led ranking signal,False,0.010206879551485986,46.04,94,0.03500252,0.0,False,Benchmark family exception,India-friendly iron phosphate chemistry; avoids nickel and cobalt. India score 94; QML probability 0.1439; XGBoost probability 0.0030; hybrid probability 0.0875; predicted hull 0.0350.
257,Li3FePCO7,mp-766788,LFP-family,Best near-term purchase direction,49.259,0.087679,0.1425337568014901,0.005328054,0.6002,0.3998,QML confident unstable,QML-led ranking signal,False,0.011873024627694259,46.17,96,0.038326014,3.0219,False,Benchmark family exception,India-friendly iron phosphate chemistry; avoids nickel and cobalt. India score 96; QML probability 0.1425; XGBoost probability 0.0053; hybrid probability 0.0877; predicted hull 0.0383.
258,Li2VFeP2(O4F)2,mp-756057,LFP-family,Best near-term purchase direction,49.2521,0.104405,0.14212227177343423,0.047710117,0.6005,0.3995,QML confident unstable,QML-led ranking signal,False,0.012772609899227839,47.02,90,0.03313046,1.8424,False,Benchmark family exception,India-friendly iron phosphate chemistry; avoids nickel and cobalt. India score 90; QML probability 0.1421; XGBoost probability 0.0477; hybrid probability 0.1044; predicted hull 0.0331.
259,Li5Fe2P2(CO7)2,mp-756326,LFP-family,Best near-term purchase direction,49.1997,0.0873,0.14256204410433315,0.0043371776,0.6002,0.3998,QML confident unstable,QML-led ranking signal,False,0.011821843988866744,46.18,98,0.04155156,1.2001,False,Benchmark family exception,India-friendly iron phosphate chemistry; avoids nickel and cobalt. India score 98; QML probability 0.1426; XGBoost probability 0.0043; hybrid probability 0.0873; predicted hull 0.0416.
260,NaLiMn2Fe4(PO4)6,mp-776529,LMFP-family,Good pilot and next-generation option,49.178,0.091301,0.14240576911035288,0.014549062,0.6003,0.3997,QML confident unstable,QML-led ranking signal,False,0.012111692957611308,46.3,95,0.038019963,1.4044,False,Benchmark family exception,LFP-like family with manganese; useful for improving performance. India score 95; QML probability 0.1424; XGBoost probability 0.0145; hybrid probability 0.0913; predicted hull 0.0380.
261,Li2VFeP2(HO5)2,mp-1177765,LFP-family,Best near-term purchase direction,49.1557,0.095983,0.14248196014418063,0.026147997,0.6003,0.3997,QML confident unstable,QML-led ranking signal,False,0.011968180306211744,46.72,98,0.04377829,1.7279,False,Benchmark family exception,India-friendly iron phosphate chemistry; avoids nickel and cobalt. India score 98; QML probability 0.1425; XGBoost probability 0.0261; hybrid probability 0.0960; predicted hull 0.0438.
262,LiVFeP2(HO5)2,mp-765988,LFP-family,Best near-term purchase direction,49.1077,0.094445,0.142572348035025,0.02219281,0.6002,0.3998,QML confident unstable,QML-led ranking signal,False,0.011803335300547503,46.57,98,0.04363557,1.7801,False,Benchmark family exception,India-friendly iron phosphate chemistry; avoids nickel and cobalt. India score 98; QML probability 0.1426; XGBoost probability 0.0222; hybrid probability 0.0944; predicted hull 0.0436.
263,Li2VFeP2(HO5)2,mp-1177766,LFP-family,Best near-term purchase direction,49.106,0.094404,0.1424854477087051,0.02219281,0.6003,0.3997,QML confident unstable,QML-led ranking signal,False,0.011961713524719687,46.57,98,0.04363557,1.7845,False,Benchmark family exception,India-friendly iron phosphate chemistry; avoids nickel and cobalt. India score 98; QML probability 0.1425; XGBoost probability 0.0222; hybrid probability 0.0944; predicted hull 0.0436.
264,Li2FePCO7,mp-756441,LFP-family,Best near-term purchase direction,49.0869,0.095262,0.1428172449838317,0.023930272,0.6,0.4,QML confident unstable,QML-led ranking signal,False,0.011382902565547089,46.46,95,0.039347798,2.0936,False,Benchmark family exception,India-friendly iron phosphate chemistry; avoids nickel and cobalt. India score 95; QML probability 0.1428; XGBoost probability 0.0239; hybrid probability 0.0953; predicted hull 0.0393.
265,Li3FePCO7,mp-757108,LFP-family,Best near-term purchase direction,49.0366,0.088043,0.14271825452945042,0.0059969896,0.6001,0.3999,QML confident unstable,QML-led ranking signal,False,0.011567070175836162,45.99,96,0.03942079,4.2595,False,Benchmark family exception,India-friendly iron phosphate chemistry; avoids nickel and cobalt. India score 96; QML probability 0.1427; XGBoost probability 0.0060; hybrid probability 0.0880; predicted hull 0.0394.
266,Li2FePO4F,mp-1172969,LFP-family,Best near-term purchase direction,49.0162,0.087154,0.1421745037824123,0.0044512823,0.6005,0.3995,QML confident unstable,QML-led ranking signal,False,0.012576072555279387,45.66,90,0.030179678,4.2299,False,Benchmark family exception,India-friendly iron phosphate chemistry; avoids nickel and cobalt. India score 90; QML probability 0.1422; XGBoost probability 0.0045; hybrid probability 0.0872; predicted hull 0.0302.
267,Li4CrFe3Sn2(PO4)6,mp-1177657,LFP-family,Best near-term purchase direction,49.0093,0.107234,0.14235990606526772,0.05447857,0.6003,0.3997,QML confident unstable,QML-led ranking signal,False,0.012200219892338979,47.25,96,0.044025533,1.8994,False,Benchmark family exception,India-friendly iron phosphate chemistry; avoids nickel and cobalt. India score 96; QML probability 0.1424; XGBoost probability 0.0545; hybrid probability 0.1072; predicted hull 0.0440.
268,Li2VFeP2(HO5)2,mp-760258,LFP-family,Best near-term purchase direction,48.9822,0.092597,0.14247994635039304,0.01768017,0.6003,0.3997,QML confident unstable,QML-led ranking signal,False,0.011971918355730601,46.34,98,0.04377829,1.646,False,Benchmark family exception,India-friendly iron phosphate chemistry; avoids nickel and cobalt. India score 98; QML probability 0.1425; XGBoost probability 0.0177; hybrid probability 0.0926; predicted hull 0.0438.
269,LiFePO5,mp-765510,LFP-family,Best near-term purchase direction,48.9738,0.087583,0.1437366483046611,0.003562458,0.5994,0.4006,QML confident unstable,QML-led ranking signal,False,0.010500696998616525,45.71,93,0.03500252,0.0,False,Benchmark family exception,India-friendly iron phosphate chemistry; avoids nickel and cobalt. India score 93; QML probability 0.1437; XGBoost probability 0.0036; hybrid probability 0.0876; predicted hull 0.0350.
270,Li5CrFe4(P2O7)5,mp-1223507,LFP-family,Best near-term purchase direction,48.9714,0.08971,0.14220869944108713,0.01079686,0.6005,0.3995,QML confident unstable,QML-led ranking signal,False,0.012504448746511356,46.15,98,0.043160085,2.4695,False,Benchmark family exception,India-friendly iron phosphate chemistry; avoids nickel and cobalt. India score 98; QML probability 0.1422; XGBoost probability 0.0108; hybrid probability 0.0897; predicted hull 0.0432.
271,Li4FeP6(HO2)12,mp-1177405,LFP-family,Best near-term purchase direction,48.8942,0.090369,0.1428820155387128,0.011599154,0.6,0.4,QML confident unstable,QML-led ranking signal,False,0.011247434644641582,46.0,96,0.040602926,4.1488,False,Benchmark family exception,India-friendly iron phosphate chemistry; avoids nickel and cobalt. India score 96; QML probability 0.1429; XGBoost probability 0.0116; hybrid probability 0.0904; predicted hull 0.0406.
272,Li4Mn2Fe3P6WO24,mp-770860,LMFP-family,Good pilot and next-generation option,48.8905,0.099824,0.1423833684665546,0.035905983,0.6003,0.3997,QML confident unstable,QML-led ranking signal,False,0.012154724905312688,46.51,93,0.038267206,2.1317,False,Benchmark family exception,LFP-like family with manganese; useful for improving performance. India score 93; QML probability 0.1424; XGBoost probability 0.0359; hybrid probability 0.0998; predicted hull 0.0383.
273,Li3Fe2P4HO14,mp-753272,LFP-family,Best near-term purchase direction,48.8855,0.090151,0.14245296613150182,0.011599154,0.6003,0.3997,QML confident unstable,QML-led ranking signal,False,0.012049895415206586,46.0,96,0.040602926,4.0848,False,Benchmark family exception,India-friendly iron phosphate chemistry; avoids nickel and cobalt. India score 96; QML probability 0.1425; XGBoost probability 0.0116; hybrid probability 0.0902; predicted hull 0.0406.
274,Li3FeP2HO8,mp-755383,LFP-family,Best near-term purchase direction,48.8713,0.089871,0.142450026521885,0.010904734,0.6003,0.3997,QML confident unstable,QML-led ranking signal,False,0.012055860784702995,45.97,96,0.040602926,4.2413,False,Benchmark family exception,India-friendly iron phosphate chemistry; avoids nickel and cobalt. India score 96; QML probability 0.1425; XGBoost probability 0.0109; hybrid probability 0.0899; predicted hull 0.0406.
275,Li5Fe2P2(CO7)2,mp-768722,LFP-family,Best near-term purchase direction,48.864,0.090252,0.14261317302209958,0.011644469,0.6002,0.3998,QML confident unstable,QML-led ranking signal,False,0.011735301045733058,46.07,98,0.043765523,1.4255,False,Benchmark family exception,India-friendly iron phosphate chemistry; avoids nickel and cobalt. India score 98; QML probability 0.1426; XGBoost probability 0.0116; hybrid probability 0.0903; predicted hull 0.0438.
276,LiFePH2O5,mp-1651026,LFP-family,Best near-term purchase direction,48.8506,0.090349,0.14289528652459968,0.011528992,0.6,0.4,QML confident unstable,QML-led ranking signal,False,0.01117282188555231,45.96,96,0.040796686,3.8725,False,Benchmark family exception,India-friendly iron phosphate chemistry; avoids nickel and cobalt. India score 96; QML probability 0.1429; XGBoost probability 0.0115; hybrid probability 0.0903; predicted hull 0.0408.
277,Li6CrFe3(PO4)6,mp-766014,LFP-family,Best near-term purchase direction,48.8474,0.106072,0.14227872807404265,0.051670775,0.6004,0.3996,QML confident unstable,QML-led ranking signal,False,0.01236110074388112,47.03,96,0.04449243,2.3887,False,Benchmark family exception,India-friendly iron phosphate chemistry; avoids nickel and cobalt. India score 96; QML probability 0.1423; XGBoost probability 0.0517; hybrid probability 0.1061; predicted hull 0.0445.
278,Li6Cr3Fe(PO4)6,mp-770489,LFP-family,Best near-term purchase direction,48.8448,0.106008,0.14215704255670686,0.051670775,0.6005,0.3995,QML confident unstable,QML-led ranking signal,False,0.012613072917418007,47.03,96,0.04449243,2.3776,False,Benchmark family exception,India-friendly iron phosphate chemistry; avoids nickel and cobalt. India score 96; QML probability 0.1422; XGBoost probability 0.0517; hybrid probability 0.1060; predicted hull 0.0445.
279,Li5Fe2P2(CO7)2,mp-768720,LFP-family,Best near-term purchase direction,48.8277,0.089544,0.14261343450562247,0.009874102,0.6002,0.3998,QML confident unstable,QML-led ranking signal,False,0.011734803538551315,45.99,98,0.043765523,1.5819,False,Benchmark family exception,India-friendly iron phosphate chemistry; avoids nickel and cobalt. India score 98; QML probability 0.1426; XGBoost probability 0.0099; hybrid probability 0.0895; predicted hull 0.0438.
280,Li5Fe2P2(CO7)2,mp-1177151,LFP-family,Best near-term purchase direction,48.8276,0.089543,0.14261121799796722,0.009874102,0.6002,0.3998,QML confident unstable,QML-led ranking signal,False,0.011739022298740853,45.99,98,0.043765523,1.6247,False,Benchmark family exception,India-friendly iron phosphate chemistry; avoids nickel and cobalt. India score 98; QML probability 0.1426; XGBoost probability 0.0099; hybrid probability 0.0895; predicted hull 0.0438.
281,NaLi3Ti2Fe2(PO4)6,mp-744690,LFP-family,Best near-term purchase direction,48.8204,0.111333,0.1419514764641677,0.06528949,0.6006,0.3994,QML confident unstable,QML-led ranking signal,False,0.013072313559503923,47.46,98,0.04889442,2.2378,False,Benchmark family exception,India-friendly iron phosphate chemistry; avoids nickel and cobalt. India score 98; QML probability 0.1420; XGBoost probability 0.0653; hybrid probability 0.1113; predicted hull 0.0489.
282,LiFe2P2HO8,mp-756333,LFP-family,Best near-term purchase direction,48.8102,0.089538,0.14275585175640043,0.0096777035,0.6001,0.3999,QML confident unstable,QML-led ranking signal,False,0.011482434343254766,45.88,96,0.040796686,3.7674,False,Benchmark family exception,India-friendly iron phosphate chemistry; avoids nickel and cobalt. India score 96; QML probability 0.1428; XGBoost probability 0.0097; hybrid probability 0.0895; predicted hull 0.0408.
283,Li3Ti3Fe(PO4)6,mp-743603,LFP-family,Best near-term purchase direction,48.7912,0.1149,0.14176907080523604,0.074462324,0.6008,0.3992,QML confident unstable,QML-led ranking signal,False,0.013521953627239085,47.68,98,0.049864203,2.4446,False,Benchmark family exception,India-friendly iron phosphate chemistry; avoids nickel and cobalt. India score 98; QML probability 0.1418; XGBoost probability 0.0745; hybrid probability 0.1149; predicted hull 0.0499.
284,Li2VFe(P2O7)2,mp-764318,LFP-family,Best near-term purchase direction,48.7776,0.09273,0.14209407844023794,0.018530505,0.6005,0.3995,QML confident unstable,QML-led ranking signal,False,0.012748982630184848,46.18,98,0.04474807,1.7389,False,Benchmark family exception,India-friendly iron phosphate chemistry; avoids nickel and cobalt. India score 98; QML probability 0.1421; XGBoost probability 0.0185; hybrid probability 0.0927; predicted hull 0.0447.
285,Li2VFe(P2O7)2,mp-1177778,LFP-family,Best near-term purchase direction,48.7548,0.091671,0.14209409966922068,0.015878113,0.6005,0.3995,QML confident unstable,QML-led ranking signal,False,0.01274893613290088,46.09,98,0.044605352,1.8187,False,Benchmark family exception,India-friendly iron phosphate chemistry; avoids nickel and cobalt. India score 98; QML probability 0.1421; XGBoost probability 0.0159; hybrid probability 0.0917; predicted hull 0.0446.
286,Li2VFe(P2O7)2,mp-764299,LFP-family,Best near-term purchase direction,48.7547,0.09167,0.14209332675632097,0.015878113,0.6005,0.3995,QML confident unstable,QML-led ranking signal,False,0.012750629323698554,46.09,98,0.044605352,1.8187,False,Benchmark family exception,India-friendly iron phosphate chemistry; avoids nickel and cobalt. India score 98; QML probability 0.1421; XGBoost probability 0.0159; hybrid probability 0.0917; predicted hull 0.0446.
287,LiVFe(P2O7)2,mp-752490,LFP-family,Best near-term purchase direction,48.724,0.09169,0.1421824021334103,0.015792223,0.6005,0.3995,QML confident unstable,QML-led ranking signal,False,0.012559431616957297,46.06,98,0.04474807,1.7188,False,Benchmark family exception,India-friendly iron phosphate chemistry; avoids nickel and cobalt. India score 98; QML probability 0.1422; XGBoost probability 0.0158; hybrid probability 0.0917; predicted hull 0.0447.
288,Li4Mn3Fe2Sn(PO4)6,mp-1177412,LMFP-family,Good pilot and next-generation option,48.7218,0.096532,0.14234835262455348,0.027693244,0.6004,0.3996,QML confident unstable,QML-led ranking signal,False,0.012222784611562714,46.14,93,0.038267206,2.0246,False,Benchmark family exception,LFP-like family with manganese; useful for improving performance. India score 93; QML probability 0.1423; XGBoost probability 0.0277; hybrid probability 0.0965; predicted hull 0.0383.
289,Li2FePHO5,mp-1638898,LFP-family,Best near-term purchase direction,48.7182,0.089834,0.14267507201856303,0.01054001,0.6001,0.3999,QML confident unstable,QML-led ranking signal,False,0.01161887277832285,45.82,96,0.04128579,3.7864,False,Benchmark family exception,India-friendly iron phosphate chemistry; avoids nickel and cobalt. India score 96; QML probability 0.1427; XGBoost probability 0.0105; hybrid probability 0.0898; predicted hull 0.0413.
290,LiFe2P2HO8,mp-753451,LFP-family,Best near-term purchase direction,48.7175,0.089817,0.14264593665034903,0.01054001,0.6001,0.3999,QML confident unstable,QML-led ranking signal,False,0.011673342507591115,45.82,96,0.04128579,3.7997,False,Benchmark family exception,India-friendly iron phosphate chemistry; avoids nickel and cobalt. India score 96; QML probability 0.1426; XGBoost probability 0.0105; hybrid probability 0.0898; predicted hull 0.0413.
291,Li2VFe(P2O7)2,mp-759428,LFP-family,Best near-term purchase direction,48.6882,0.092031,0.1420941489524787,0.016779644,0.6005,0.3995,QML confident unstable,QML-led ranking signal,False,0.012748828190818769,46.06,98,0.044995315,1.8673,False,Benchmark family exception,India-friendly iron phosphate chemistry; avoids nickel and cobalt. India score 98; QML probability 0.1421; XGBoost probability 0.0168; hybrid probability 0.0920; predicted hull 0.0450.
292,Li2VFe(P2O7)2,mp-1177780,LFP-family,Best near-term purchase direction,48.6882,0.092031,0.1420941764306805,0.016779644,0.6005,0.3995,QML confident unstable,QML-led ranking signal,False,0.01274876800806507,46.06,98,0.044995315,1.8738,False,Benchmark family exception,India-friendly iron phosphate chemistry; avoids nickel and cobalt. India score 98; QML probability 0.1421; XGBoost probability 0.0168; hybrid probability 0.0920; predicted hull 0.0450.
293,LiVFe(P2O7)2,mp-759529,LFP-family,Best near-term purchase direction,48.6845,0.090928,0.14218724052215953,0.013878688,0.6005,0.3995,QML confident unstable,QML-led ranking signal,False,0.012549266831882325,45.97,98,0.04474807,1.509,False,Benchmark family exception,India-friendly iron phosphate chemistry; avoids nickel and cobalt. India score 98; QML probability 0.1422; XGBoost probability 0.0139; hybrid probability 0.0909; predicted hull 0.0447.
294,Li4Mn2Fe3Sn(PO4)6,mp-1177457,LMFP-family,Good pilot and next-generation option,48.6803,0.087842,0.1423799252880779,0.005932849,0.6003,0.3997,QML confident unstable,QML-led ranking signal,False,0.012161374103195552,45.53,93,0.036431976,2.4669,False,Benchmark family exception,LFP-like family with manganese; useful for improving performance. India score 93; QML probability 0.1424; XGBoost probability 0.0059; hybrid probability 0.0878; predicted hull 0.0364.
295,Li4Fe2P4H3O16,mp-1177422,LFP-family,Best near-term purchase direction,48.6739,0.090738,0.14250082806666536,0.013027809,0.6002,0.3998,QML confident unstable,QML-led ranking signal,False,0.011933298596430907,45.94,98,0.04474807,1.5845,False,Benchmark family exception,India-friendly iron phosphate chemistry; avoids nickel and cobalt. India score 98; QML probability 0.1425; XGBoost probability 0.0130; hybrid probability 0.0907; predicted hull 0.0447.
296,LiVFe(P2O7)2,mp-1235847,LFP-family,Best near-term purchase direction,48.6681,0.090593,0.14219563535794824,0.013027809,0.6005,0.3995,QML confident unstable,QML-led ranking signal,False,0.012531682654636814,45.94,98,0.04474807,1.587,False,Benchmark family exception,India-friendly iron phosphate chemistry; avoids nickel and cobalt. India score 98; QML probability 0.1422; XGBoost probability 0.0130; hybrid probability 0.0906; predicted hull 0.0447.
297,LiVFe(P2O7)2,mp-759761,LFP-family,Best near-term purchase direction,48.6679,0.090587,0.14218631934661205,0.013027809,0.6005,0.3995,QML confident unstable,QML-led ranking signal,False,0.012551200393345159,45.94,98,0.04474807,1.5817,False,Benchmark family exception,India-friendly iron phosphate chemistry; avoids nickel and cobalt. India score 98; QML probability 0.1422; XGBoost probability 0.0130; hybrid probability 0.0906; predicted hull 0.0447.
298,LiVFe(P2O7)2,mp-759801,LFP-family,Best near-term purchase direction,48.6679,0.090587,0.14218616942148649,0.013027809,0.6005,0.3995,QML confident unstable,QML-led ranking signal,False,0.012551515164040159,45.94,98,0.04474807,1.5943,False,Benchmark family exception,India-friendly iron phosphate chemistry; avoids nickel and cobalt. India score 98; QML probability 0.1422; XGBoost probability 0.0130; hybrid probability 0.0906; predicted hull 0.0447.
299,LiVFe(P2O7)2,mp-1235295,LFP-family,Best near-term purchase direction,48.6569,0.090387,0.1422055785192215,0.01249793,0.6005,0.3995,QML confident unstable,QML-led ranking signal,False,0.012510940363117028,45.91,98,0.04474807,1.6635,False,Benchmark family exception,India-friendly iron phosphate chemistry; avoids nickel and cobalt. India score 98; QML probability 0.1422; XGBoost probability 0.0125; hybrid probability 0.0904; predicted hull 0.0447.
300,LiVFe(P2O7)2,mp-759820,LFP-family,Best near-term purchase direction,48.6564,0.090376,0.14218627051505178,0.01249793,0.6005,0.3995,QML confident unstable,QML-led ranking signal,False,0.012551302913835416,45.91,98,0.04474807,1.6157,False,Benchmark family exception,India-friendly iron phosphate chemistry; avoids nickel and cobalt. India score 98; QML probability 0.1422; XGBoost probability 0.0125; hybrid probability 0.0904; predicted hull 0.0447.
301,LiVFe(P2O7)2,mp-759903,LFP-family,Best near-term purchase direction,48.6564,0.090376,0.14218603874019822,0.01249793,0.6005,0.3995,QML confident unstable,QML-led ranking signal,False,0.012551789549226743,45.91,98,0.04474807,1.637,False,Benchmark family exception,India-friendly iron phosphate chemistry; avoids nickel and cobalt. India score 98; QML probability 0.1422; XGBoost probability 0.0125; hybrid probability 0.0904; predicted hull 0.0447.
302,LiVFe(P2O7)2,mp-1176547,LFP-family,Best near-term purchase direction,48.6564,0.090376,0.14218624116692968,0.01249793,0.6005,0.3995,QML confident unstable,QML-led ranking signal,False,0.012551364530455234,45.91,98,0.04474807,1.6263,False,Benchmark family exception,India-friendly iron phosphate chemistry; avoids nickel and cobalt. India score 98; QML probability 0.1422; XGBoost probability 0.0125; hybrid probability 0.0904; predicted hull 0.0447.
303,LiVFe(P2O7)2,mp-765981,LFP-family,Best near-term purchase direction,48.6563,0.090374,0.14218256486840955,0.01249793,0.6005,0.3995,QML confident unstable,QML-led ranking signal,False,0.012559089374172246,45.91,98,0.04474807,1.6447,False,Benchmark family exception,India-friendly iron phosphate chemistry; avoids nickel and cobalt. India score 98; QML probability 0.1422; XGBoost probability 0.0125; hybrid probability 0.0904; predicted hull 0.0447.
304,Li2FePCO7,mp-755726,LFP-family,Best near-term purchase direction,48.6467,0.091898,0.14266221365992257,0.015719637,0.6001,0.3999,QML confident unstable,QML-led ranking signal,False,0.011642840425718325,45.98,98,0.045136318,2.2748,False,Benchmark family exception,India-friendly iron phosphate chemistry; avoids nickel and cobalt. India score 98; QML probability 0.1427; XGBoost probability 0.0157; hybrid probability 0.0919; predicted hull 0.0451.
305,Li2VFeP2(O4F)2,mp-1177762,LFP-family,Best near-term purchase direction,48.6381,0.10742,0.14213777041612202,0.055235807,0.6005,0.3995,QML confident unstable,QML-led ranking signal,False,0.012736148077144469,46.66,90,0.036623638,1.7344,False,Benchmark family exception,India-friendly iron phosphate chemistry; avoids nickel and cobalt. India score 90; QML probability 0.1421; XGBoost probability 0.0552; hybrid probability 0.1074; predicted hull 0.0366.
306,Li5Fe2P2(CO7)2,mp-768862,LFP-family,Best near-term purchase direction,48.6356,0.091157,0.1426153124192712,0.013905635,0.6002,0.3998,QML confident unstable,QML-led ranking signal,False,0.0117312320018515,45.92,98,0.045013405,1.3813,False,Benchmark family exception,India-friendly iron phosphate chemistry; avoids nickel and cobalt. India score 98; QML probability 0.1426; XGBoost probability 0.0139; hybrid probability 0.0912; predicted hull 0.0450.
307,Li2Mg2MnFe(PO4)4,mp-755564,LMFP-family,Good pilot and next-generation option,48.5746,0.087954,0.14201770005977593,0.0066543845,0.6006,0.3994,QML confident unstable,QML-led ranking signal,False,0.012919354599220048,45.64,97,0.04303803,1.0616,False,Benchmark family exception,LFP-like family with manganese; useful for improving performance. India score 97; QML probability 0.1420; XGBoost probability 0.0067; hybrid probability 0.0880; predicted hull 0.0430.
308,Li5Mn2Fe3(PO4)6,mp-757441,LMFP-family,Good pilot and next-generation option,48.5743,0.09769,0.14232518171405467,0.03062656,0.6004,0.3996,QML confident unstable,QML-led ranking signal,False,0.012268366761979873,46.09,93,0.039211452,2.186,False,Benchmark family exception,LFP-like family with manganese; useful for improving performance. India score 93; QML probability 0.1423; XGBoost probability 0.0306; hybrid probability 0.0977; predicted hull 0.0392.
309,Li2VFeP2(O4F)2,mp-764571,LFP-family,Best near-term purchase direction,48.4769,0.104265,0.14213846123382584,0.04733507,0.6005,0.3995,QML confident unstable,QML-led ranking signal,False,0.012734529474203466,46.31,90,0.036623638,1.7139,False,Benchmark family exception,India-friendly iron phosphate chemistry; avoids nickel and cobalt. India score 90; QML probability 0.1421; XGBoost probability 0.0473; hybrid probability 0.1043; predicted hull 0.0366.
310,Li2FeP2HO8,mp-766101,LFP-family,Best near-term purchase direction,48.4436,0.095273,0.14263639043868132,0.02416764,0.6002,0.3998,QML confident unstable,QML-led ranking signal,False,0.01175423463978472,46.11,100,0.049891405,2.4221,True,Benchmark family exception,India-friendly iron phosphate chemistry; avoids nickel and cobalt. India score 100; QML probability 0.1426; XGBoost probability 0.0242; hybrid probability 0.0953; predicted hull 0.0499.
311,Li5Fe2P2(CO7)2,mp-1177175,LFP-family,Best near-term purchase direction,48.4307,0.091023,0.14262028496667406,0.013563177,0.6002,0.3998,QML confident unstable,QML-led ranking signal,False,0.011721787103515477,45.73,98,0.04591599,1.2674,False,Benchmark family exception,India-friendly iron phosphate chemistry; avoids nickel and cobalt. India score 98; QML probability 0.1426; XGBoost probability 0.0136; hybrid probability 0.0910; predicted hull 0.0459.
312,NaLi3Ti2Fe2(PO4)6,mp-849337,LFP-family,Best near-term purchase direction,48.4263,0.113937,0.14727756356811278,0.064568214,0.5969,0.4031,QML confident unstable,QML-led ranking signal,False,0.015475325660789014,47.07,100,0.05419085,2.4454,False,Benchmark family exception,India-friendly iron phosphate chemistry; avoids nickel and cobalt. India score 100; QML probability 0.1473; XGBoost probability 0.0646; hybrid probability 0.1139; predicted hull 0.0542.
313,LiVFeP2(HO5)2,mp-759855,LFP-family,Best near-term purchase direction,48.3541,0.09342,0.14257765638295328,0.019622087,0.6002,0.3998,QML confident unstable,QML-led ranking signal,False,0.011793827698377855,45.73,96,0.04377829,1.4905,False,Benchmark family exception,India-friendly iron phosphate chemistry; avoids nickel and cobalt. India score 96; QML probability 0.1426; XGBoost probability 0.0196; hybrid probability 0.0934; predicted hull 0.0438.
314,Li2FeP2O7,mp-1982622,LFP-family,Best near-term purchase direction,48.3468,0.086375,0.14224214329597545,0.002435356,0.6004,0.3996,QML confident unstable,QML-led ranking signal,False,0.012435443049738018,45.27,96,0.042175945,4.0783,False,Benchmark family exception,India-friendly iron phosphate chemistry; avoids nickel and cobalt. India score 96; QML probability 0.1422; XGBoost probability 0.0024; hybrid probability 0.0864; predicted hull 0.0422.
315,LiVFeP2(HO5)2,mp-760297,LFP-family,Best near-term purchase direction,48.3291,0.092945,0.14258271070079975,0.018425664,0.6002,0.3998,QML confident unstable,QML-led ranking signal,False,0.011784792449264773,45.67,96,0.04377829,1.5384,False,Benchmark family exception,India-friendly iron phosphate chemistry; avoids nickel and cobalt. India score 96; QML probability 0.1426; XGBoost probability 0.0184; hybrid probability 0.0929; predicted hull 0.0438.
316,LiVFeP2(HO5)2,mp-759528,LFP-family,Best near-term purchase direction,48.3291,0.092943,0.14257926207143806,0.018425664,0.6002,0.3998,QML confident unstable,QML-led ranking signal,False,0.011790955489264064,45.67,96,0.04377829,1.5659,False,Benchmark family exception,India-friendly iron phosphate chemistry; avoids nickel and cobalt. India score 96; QML probability 0.1426; XGBoost probability 0.0184; hybrid probability 0.0929; predicted hull 0.0438.
317,NaLi5Fe2P2(CO7)2,mp-772237,LFP-family,Best near-term purchase direction,48.3041,0.092481,0.14271928721933197,0.017092759,0.6001,0.3999,QML confident unstable,QML-led ranking signal,False,0.011564735582831647,45.7,98,0.046825867,2.1727,False,Benchmark family exception,India-friendly iron phosphate chemistry; avoids nickel and cobalt. India score 98; QML probability 0.1427; XGBoost probability 0.0171; hybrid probability 0.0925; predicted hull 0.0468.
318,LiFePO4,mp-772093,LFP-family,Best near-term purchase direction,48.2711,0.091979,0.1430405179896122,0.015418601,0.5999,0.4001,QML confident unstable,QML-led ranking signal,False,0.011477956994741967,45.44,94,0.04076048,3.3709,False,Benchmark family exception,India-friendly iron phosphate chemistry; avoids nickel and cobalt. India score 94; QML probability 0.1430; XGBoost probability 0.0154; hybrid probability 0.0920; predicted hull 0.0408.
319,Li2FeP4(H4O5)4,mp-759228,LFP-family,Best near-term purchase direction,48.2244,0.08914,0.1424986314480254,0.009003178,0.6003,0.3997,QML confident unstable,QML-led ranking signal,False,0.011510635918687916,45.42,98,0.046416074,4.0948,False,Benchmark family exception,India-friendly iron phosphate chemistry; avoids nickel and cobalt. India score 98; QML probability 0.1425; XGBoost probability 0.0090; hybrid probability 0.0891; predicted hull 0.0464.
320,LiFeP2HO7,mp-850985,LFP-family,Best near-term purchase direction,48.2185,0.090227,0.14260151474215021,0.011599154,0.6002,0.3998,QML confident unstable,QML-led ranking signal,False,0.011757532655714626,45.3,94,0.040602926,4.142,False,Benchmark family exception,India-friendly iron phosphate chemistry; avoids nickel and cobalt. India score 94; QML probability 0.1426; XGBoost probability 0.0116; hybrid probability 0.0902; predicted hull 0.0406.
321,LiFe(PO3)3,mp-26003,LFP-family,Best near-term purchase direction,48.217,0.088456,0.14230615895237075,0.0075455345,0.6004,0.3996,QML confident unstable,QML-led ranking signal,False,0.012357238810702652,45.47,100,0.04934143,3.9487,True,Benchmark family exception,India-friendly iron phosphate chemistry; avoids nickel and cobalt. India score 100; QML probability 0.1423; XGBoost probability 0.0075; hybrid probability 0.0885; predicted hull 0.0493.
322,Li2Fe2(PO4)3,mp-776769,LFP-family,Best near-term purchase direction,48.2163,0.087115,0.14347773398064012,0.0027125052,0.5996,0.4004,QML confident unstable,QML-led ranking signal,False,0.010523759603631206,45.14,96,0.042911265,0.0,False,Benchmark family exception,India-friendly iron phosphate chemistry; avoids nickel and cobalt. India score 96; QML probability 0.1435; XGBoost probability 0.0027; hybrid probability 0.0871; predicted hull 0.0429.
323,Li4FeP6(H4O11)2,mp-1177403,LFP-family,Best near-term purchase direction,48.212,0.090115,0.14274859216418223,0.01113101,0.6001,0.3999,QML confident unstable,QML-led ranking signal,False,0.011483926655937463,45.28,94,0.040602926,4.0633,False,Benchmark family exception,India-friendly iron phosphate chemistry; avoids nickel and cobalt. India score 94; QML probability 0.1427; XGBoost probability 0.0111; hybrid probability 0.0901; predicted hull 0.0406.
324,Li6FeSn3(PO4)6,mp-1176997,LFP-family,Best near-term purchase direction,48.211,0.106738,0.142306956762016,0.053294398,0.6004,0.3996,QML confident unstable,QML-led ranking signal,False,0.01230453130102777,46.4,94,0.04449243,2.4207,False,Benchmark family exception,India-friendly iron phosphate chemistry; avoids nickel and cobalt. India score 94; QML probability 0.1423; XGBoost probability 0.0533; hybrid probability 0.1067; predicted hull 0.0445.
325,LiFeP2HO7,mp-754533,LFP-family,Best near-term purchase direction,48.2087,0.090032,0.14258951692268768,0.01113101,0.6002,0.3998,QML confident unstable,QML-led ranking signal,False,0.011780515095989293,45.28,94,0.040602926,4.0823,False,Benchmark family exception,India-friendly iron phosphate chemistry; avoids nickel and cobalt. India score 94; QML probability 0.1426; XGBoost probability 0.0111; hybrid probability 0.0900; predicted hull 0.0406.
326,Li2FeP2O7,mp-779056,LFP-family,Best near-term purchase direction,48.1776,0.088338,0.14250038319189048,0.0070254407,0.6002,0.3998,QML confident unstable,QML-led ranking signal,False,0.01207653092553583,45.33,98,0.04644448,4.1447,False,Benchmark family exception,India-friendly iron phosphate chemistry; avoids nickel and cobalt. India score 98; QML probability 0.1425; XGBoost probability 0.0070; hybrid probability 0.0883; predicted hull 0.0464.
327,Li4Fe(PO3)6,mp-758649,LFP-family,Best near-term purchase direction,48.1729,0.087765,0.14216745799508737,0.0059920684,0.6005,0.3995,QML confident unstable,QML-led ranking signal,False,0.012590967367677737,45.12,94,0.04024859,4.6312,False,Benchmark family exception,India-friendly iron phosphate chemistry; avoids nickel and cobalt. India score 94; QML probability 0.1422; XGBoost probability 0.0060; hybrid probability 0.0878; predicted hull 0.0402.
328,Li3Fe2(PO4)3,mp-765598,LFP-family,Best near-term purchase direction,48.1551,0.126868,0.15487780843863191,0.08629347,0.5916,0.4084,QML confident unstable,QML-led ranking signal,False,0.01912918480697928,46.97,94,0.04908296,2.4593,False,Benchmark family exception,India-friendly iron phosphate chemistry; avoids nickel and cobalt. India score 94; QML probability 0.1549; XGBoost probability 0.0863; hybrid probability 0.1269; predicted hull 0.0491.
329,Li3FePCO7,mp-25445,LFP-family,Best near-term purchase direction,48.1481,0.089276,0.14316167068204938,0.008515642,0.5998,0.4002,QML confident unstable,QML-led ranking signal,False,0.010915616953387252,45.33,98,0.046779882,4.3732,False,Benchmark family exception,India-friendly iron phosphate chemistry; avoids nickel and cobalt. India score 98; QML probability 0.1432; XGBoost probability 0.0085; hybrid probability 0.0893; predicted hull 0.0468.
330,Li2FePHO5,mp-756776,LFP-family,Best near-term purchase direction,48.0732,0.090335,0.1426909035863678,0.011769582,0.6001,0.3999,QML confident unstable,QML-led ranking signal,False,0.011589515988140175,45.17,94,0.04128579,3.9833,False,Benchmark family exception,India-friendly iron phosphate chemistry; avoids nickel and cobalt. India score 94; QML probability 0.1427; XGBoost probability 0.0118; hybrid probability 0.0903; predicted hull 0.0413.
331,Li6VFe3(PO4)6,mp-757753,LFP-family,Best near-term purchase direction,48.0627,0.091857,0.14225781213755756,0.016128816,0.6004,0.3996,QML confident unstable,QML-led ranking signal,False,0.012403458936951661,45.38,96,0.04474807,1.7539,False,Benchmark family exception,India-friendly iron phosphate chemistry; avoids nickel and cobalt. India score 96; QML probability 0.1423; XGBoost probability 0.0161; hybrid probability 0.0919; predicted hull 0.0447.
332,NaLi5Fe2P2(CO7)2,mp-772274,LFP-family,Best near-term purchase direction,48.0543,0.092737,0.14271936584792633,0.017731756,0.6001,0.3999,QML confident unstable,QML-led ranking signal,False,0.011564557852036444,45.49,98,0.04802106,2.0608,False,Benchmark family exception,India-friendly iron phosphate chemistry; avoids nickel and cobalt. India score 98; QML probability 0.1427; XGBoost probability 0.0177; hybrid probability 0.0927; predicted hull 0.0480.
333,Li2Fe3P4(HO4)4,mp-849240,LFP-family,Best near-term purchase direction,48.0301,0.088347,0.14317461523857508,0.0061740666,0.5998,0.4002,QML confident unstable,QML-led ranking signal,False,0.010799621010707751,45.16,98,0.04709894,3.7766,False,Benchmark family exception,India-friendly iron phosphate chemistry; avoids nickel and cobalt. India score 98; QML probability 0.1432; XGBoost probability 0.0062; hybrid probability 0.0883; predicted hull 0.0471.
334,Na6Li3Fe6(PO4)8,mp-1101725,LFP-family,Best near-term purchase direction,48.0264,0.091176,0.1423809405018663,0.014273271,0.6003,0.3997,QML confident unstable,QML-led ranking signal,False,0.012159412630283405,45.29,96,0.04474807,1.4336,False,Benchmark family exception,India-friendly iron phosphate chemistry; avoids nickel and cobalt. India score 96; QML probability 0.1424; XGBoost probability 0.0143; hybrid probability 0.0912; predicted hull 0.0447.
335,LiVFe(P2O7)2,mp-1235226,LFP-family,Best near-term purchase direction,47.998,0.090591,0.14221430722751013,0.013027809,0.6004,0.3996,QML confident unstable,QML-led ranking signal,False,0.01249280692545343,45.24,96,0.04474807,1.5996,False,Benchmark family exception,India-friendly iron phosphate chemistry; avoids nickel and cobalt. India score 96; QML probability 0.1422; XGBoost probability 0.0130; hybrid probability 0.0906; predicted hull 0.0447.
336,Li6V3Fe(PO4)6,mp-1176939,LFP-family,Best near-term purchase direction,47.9842,0.090321,0.1420944497867672,0.01249793,0.6005,0.3995,QML confident unstable,QML-led ranking signal,False,0.012748169346193938,45.21,96,0.04474807,1.6169,False,Benchmark family exception,India-friendly iron phosphate chemistry; avoids nickel and cobalt. India score 96; QML probability 0.1421; XGBoost probability 0.0125; hybrid probability 0.0903; predicted hull 0.0447.
337,Li4Fe5P6WO24,mp-774930,LFP-family,Best near-term purchase direction,47.9371,0.103578,0.1424697218681223,0.045166213,0.6003,0.3997,QML confident unstable,QML-led ranking signal,False,0.011990942573513883,45.93,94,0.044995315,2.0987,False,Benchmark family exception,India-friendly iron phosphate chemistry; avoids nickel and cobalt. India score 94; QML probability 0.1425; XGBoost probability 0.0452; hybrid probability 0.1036; predicted hull 0.0450.
338,Li2CrFe(PO4)2,mp-1665188,LFP-family,Best near-term purchase direction,47.8746,0.092084,0.1423632243053179,0.016569596,0.6003,0.3997,QML confident unstable,QML-led ranking signal,False,0.01223541814449768,45.31,98,0.048698872,2.5057,False,Benchmark family exception,India-friendly iron phosphate chemistry; avoids nickel and cobalt. India score 98; QML probability 0.1424; XGBoost probability 0.0166; hybrid probability 0.0921; predicted hull 0.0487.
339,Li4TiFe3Sn2(PO4)6,mp-1177317,LFP-family,Best near-term purchase direction,47.8201,0.092952,0.14223800656556965,0.018900892,0.6004,0.3996,QML confident unstable,QML-led ranking signal,False,0.01244392366501569,45.32,98,0.04915006,1.5117,False,Benchmark family exception,India-friendly iron phosphate chemistry; avoids nickel and cobalt. India score 98; QML probability 0.1422; XGBoost probability 0.0189; hybrid probability 0.0930; predicted hull 0.0492.
340,Li5Fe2P2(CO7)2,mp-754554,LFP-family,Best near-term purchase direction,47.7204,0.088957,0.14284942397800612,0.008118625,0.6,0.4,QML confident unstable,QML-led ranking signal,False,0.011343012129251612,44.93,98,0.048654508,1.4496,False,Benchmark family exception,India-friendly iron phosphate chemistry; avoids nickel and cobalt. India score 98; QML probability 0.1428; XGBoost probability 0.0081; hybrid probability 0.0890; predicted hull 0.0487.
341,Li4FeP2O9,mp-26901,LFP-family,Best near-term purchase direction,47.6907,0.08716,0.1433151036283375,0.0030335982,0.5997,0.4003,QML confident unstable,QML-led ranking signal,False,0.010796870287819366,44.58,94,0.042268727,0.0,False,Benchmark family exception,India-friendly iron phosphate chemistry; avoids nickel and cobalt. India score 94; QML probability 0.1433; XGBoost probability 0.0030; hybrid probability 0.0872; predicted hull 0.0423.
342,Li2FeP2O7,mp-695805,LFP-family,Best near-term purchase direction,47.6876,0.088258,0.14230364978851362,0.007054153,0.6004,0.3996,QML confident unstable,QML-led ranking signal,False,0.01236266749367108,44.89,98,0.04865857,4.2456,False,Benchmark family exception,India-friendly iron phosphate chemistry; avoids nickel and cobalt. India score 98; QML probability 0.1423; XGBoost probability 0.0071; hybrid probability 0.0883; predicted hull 0.0487.
343,Li2Mn2Fe(PO4)3,mp-776051,LMFP-family,Good pilot and next-generation option,47.6767,0.08719,0.1426932057229044,0.0039013287,0.6001,0.3999,QML confident unstable,QML-led ranking signal,False,0.011694220935659345,44.56,93,0.04083429,0.8241,False,Benchmark family exception,LFP-like family with manganese; useful for improving performance. India score 93; QML probability 0.1427; XGBoost probability 0.0039; hybrid probability 0.0872; predicted hull 0.0408.
344,LiFe3P3O13,mp-1013899,LFP-family,Best near-term purchase direction,47.6705,0.08673,0.1430977170835855,0.002249315,0.5998,0.4002,QML confident unstable,QML-led ranking signal,False,0.010935606065225227,44.55,94,0.042268727,0.0,False,Benchmark family exception,India-friendly iron phosphate chemistry; avoids nickel and cobalt. India score 94; QML probability 0.1431; XGBoost probability 0.0022; hybrid probability 0.0867; predicted hull 0.0423.
345,Li3Fe2(PO4)3,mp-758654,LFP-family,Best near-term purchase direction,47.6408,0.090149,0.1422814435592384,0.01181909,0.6004,0.3996,QML confident unstable,QML-led ranking signal,False,0.012355629330622162,44.97,98,0.049310677,2.45,False,Benchmark family exception,India-friendly iron phosphate chemistry; avoids nickel and cobalt. India score 98; QML probability 0.1423; XGBoost probability 0.0118; hybrid probability 0.0901; predicted hull 0.0493.
346,Li2VFe(P2O7)2,mp-760164,LFP-family,Best near-term purchase direction,47.6366,0.093675,0.14244481988158506,0.020429708,0.6003,0.3997,QML confident unstable,QML-led ranking signal,False,0.01221315978618528,45.19,98,0.050147045,1.7396,False,Benchmark family exception,India-friendly iron phosphate chemistry; avoids nickel and cobalt. India score 98; QML probability 0.1424; XGBoost probability 0.0204; hybrid probability 0.0937; predicted hull 0.0501.
347,Li2VFe(P2O7)2,mp-1177776,LFP-family,Best near-term purchase direction,47.6327,0.094664,0.14244491512369623,0.022903243,0.6003,0.3997,QML confident unstable,QML-led ranking signal,False,0.012212922838910704,45.25,98,0.05039429,1.8972,False,Benchmark family exception,India-friendly iron phosphate chemistry; avoids nickel and cobalt. India score 98; QML probability 0.1424; XGBoost probability 0.0229; hybrid probability 0.0947; predicted hull 0.0504.
348,Li2VFe(P2O7)2,mp-759523,LFP-family,Best near-term purchase direction,47.6197,0.092738,0.14244444482508412,0.018086143,0.6003,0.3997,QML confident unstable,QML-led ranking signal,False,0.012214092961909553,45.11,98,0.050004322,1.8573,False,Benchmark family exception,India-friendly iron phosphate chemistry; avoids nickel and cobalt. India score 98; QML probability 0.1424; XGBoost probability 0.0181; hybrid probability 0.0927; predicted hull 0.0500.
349,Li4VFe3(PO4)4,mp-1222547,LFP-family,Best near-term purchase direction,47.61,0.090382,0.14275103795402283,0.011795699,0.6001,0.3999,QML confident unstable,QML-led ranking signal,False,0.011656994580570727,44.93,98,0.04949128,2.7266,False,Benchmark family exception,India-friendly iron phosphate chemistry; avoids nickel and cobalt. India score 98; QML probability 0.1428; XGBoost probability 0.0118; hybrid probability 0.0904; predicted hull 0.0495.
350,LiFe2(PO4)3,mp-1101524,LFP-family,Best near-term purchase direction,47.5974,0.087091,0.1431767268910185,0.0030335982,0.5998,0.4002,QML confident unstable,QML-led ranking signal,False,0.010817723482654626,44.5,94,0.042680953,0.0,False,Benchmark family exception,India-friendly iron phosphate chemistry; avoids nickel and cobalt. India score 94; QML probability 0.1432; XGBoost probability 0.0030; hybrid probability 0.0871; predicted hull 0.0427.
351,Li2Fe(PO4)2,mp-757187,LFP-family,Best near-term purchase direction,47.595,0.087079,0.14343302861322516,0.0026890223,0.5996,0.4004,QML confident unstable,QML-led ranking signal,False,0.010598909766974873,44.48,94,0.042680953,0.0,False,Benchmark family exception,India-friendly iron phosphate chemistry; avoids nickel and cobalt. India score 94; QML probability 0.1434; XGBoost probability 0.0027; hybrid probability 0.0871; predicted hull 0.0427.
352,LiFePO5,mp-756995,LFP-family,Best near-term purchase direction,47.5881,0.086907,0.14309975928503232,0.0026890223,0.5998,0.4002,QML confident unstable,QML-led ranking signal,False,0.010866983979317405,44.48,94,0.042680953,0.0,False,Benchmark family exception,India-friendly iron phosphate chemistry; avoids nickel and cobalt. India score 94; QML probability 0.1431; XGBoost probability 0.0027; hybrid probability 0.0869; predicted hull 0.0427.
353,Na5LiFe2P2(CO7)2,mp-772294,LFP-family,Best near-term purchase direction,47.5826,0.08777,0.142907881291442,0.00506416,0.6,0.4,QML confident unstable,QML-led ranking signal,False,0.011237146149264498,44.82,100,0.05205103,3.7514,False,Benchmark family exception,India-friendly iron phosphate chemistry; avoids nickel and cobalt. India score 100; QML probability 0.1429; XGBoost probability 0.0051; hybrid probability 0.0878; predicted hull 0.0521.
354,Li5Fe3Cu2(PO4)6,mp-776209,LFP-family,Best near-term purchase direction,47.5672,0.086179,0.1425668365591511,0.001527421,0.6002,0.3998,QML confident unstable,QML-led ranking signal,False,0.01181322658472497,44.44,94,0.04261957,0.1332,False,Benchmark family exception,India-friendly iron phosphate chemistry; avoids nickel and cobalt. India score 94; QML probability 0.1426; XGBoost probability 0.0015; hybrid probability 0.0862; predicted hull 0.0426.
355,Li3Fe3(PO4)4,mp-26077,LFP-family,Best near-term purchase direction,47.5457,0.09046,0.14234444429467205,0.012504223,0.6004,0.3996,QML confident unstable,QML-led ranking signal,False,0.012230442334506228,44.9,98,0.04981356,2.0208,False,Benchmark family exception,India-friendly iron phosphate chemistry; avoids nickel and cobalt. India score 98; QML probability 0.1423; XGBoost probability 0.0125; hybrid probability 0.0905; predicted hull 0.0498.
356,LiFe2(PO4)3,mp-1101593,LFP-family,Best near-term purchase direction,47.5418,0.087002,0.14326556776768046,0.0027125052,0.5997,0.4003,QML confident unstable,QML-led ranking signal,False,0.010703263329762888,44.44,94,0.042911265,0.0,False,Benchmark family exception,India-friendly iron phosphate chemistry; avoids nickel and cobalt. India score 94; QML probability 0.1433; XGBoost probability 0.0027; hybrid probability 0.0870; predicted hull 0.0429.
357,Li6MnFe3(PO4)6,mp-771062,LMFP-family,Good pilot and next-generation option,47.5383,0.087004,0.14232006911139036,0.00389113,0.6004,0.3996,QML confident unstable,QML-led ranking signal,False,0.012278483941285674,44.44,93,0.04142913,1.1904,False,Benchmark family exception,LFP-like family with manganese; useful for improving performance. India score 93; QML probability 0.1423; XGBoost probability 0.0039; hybrid probability 0.0870; predicted hull 0.0414.
358,LiFePO4,mp-1661648,LFP-family,Best near-term purchase direction,47.5348,0.086539,0.14240955545009087,0.0026271835,0.6003,0.3997,QML confident unstable,QML-led ranking signal,False,0.012104457789044502,44.45,94,0.042858813,3.7629,False,Benchmark family exception,India-friendly iron phosphate chemistry; avoids nickel and cobalt. India score 94; QML probability 0.1424; XGBoost probability 0.0026; hybrid probability 0.0865; predicted hull 0.0429.
359,Li3ZnFe2(PO4)3,mp-780791,LFP-family,Best near-term purchase direction,47.4978,0.088533,0.1427684065065462,0.0071447976,0.6001,0.3999,QML confident unstable,QML-led ranking signal,False,0.011604086938682388,44.71,98,0.049572647,3.4441,False,Benchmark family exception,India-friendly iron phosphate chemistry; avoids nickel and cobalt. India score 98; QML probability 0.1428; XGBoost probability 0.0071; hybrid probability 0.0885; predicted hull 0.0496.
360,Li4MnCr2Fe3(PO4)6,mp-779026,LMFP-family,Good pilot and next-generation option,47.474,0.088221,0.14237865750503173,0.006882454,0.6003,0.3997,QML confident unstable,QML-led ranking signal,False,0.012163824701780611,44.41,92,0.040479437,1.1511,False,Benchmark family exception,LFP-like family with manganese; useful for improving performance. India score 92; QML probability 0.1424; XGBoost probability 0.0069; hybrid probability 0.0882; predicted hull 0.0405.
361,Li7Fe4(P2O7)4,mp-1176933,LFP-family,Best near-term purchase direction,47.4385,0.087293,0.1422154122487465,0.0047713215,0.6004,0.3996,QML confident unstable,QML-led ranking signal,False,0.012490516297482395,44.6,98,0.049566314,1.6232,False,Benchmark family exception,India-friendly iron phosphate chemistry; avoids nickel and cobalt. India score 98; QML probability 0.1422; XGBoost probability 0.0048; hybrid probability 0.0873; predicted hull 0.0496.
362,Li2FeP2O7,mp-1644021,LFP-family,Best near-term purchase direction,47.4324,0.089465,0.14232220073858776,0.01004798,0.6004,0.3996,QML confident unstable,QML-led ranking signal,False,0.012322677519022605,44.64,96,0.047050823,4.3546,False,Benchmark family exception,India-friendly iron phosphate chemistry; avoids nickel and cobalt. India score 96; QML probability 0.1423; XGBoost probability 0.0100; hybrid probability 0.0895; predicted hull 0.0471.
363,Li2FeP2O7,mp-752657,LFP-family,Best near-term purchase direction,47.4324,0.089464,0.14232029787497819,0.01004798,0.6004,0.3996,QML confident unstable,QML-led ranking signal,False,0.012326764044651682,44.64,96,0.047050823,4.3509,False,Benchmark family exception,India-friendly iron phosphate chemistry; avoids nickel and cobalt. India score 96; QML probability 0.1423; XGBoost probability 0.0100; hybrid probability 0.0895; predicted hull 0.0471.
364,Li2Fe(PO3)4,mp-758865,LFP-family,Best near-term purchase direction,47.4318,0.089448,0.14229259069167824,0.01004798,0.6004,0.3996,QML confident unstable,QML-led ranking signal,False,0.01238666858077606,44.64,96,0.047050823,4.3957,False,Benchmark family exception,India-friendly iron phosphate chemistry; avoids nickel and cobalt. India score 96; QML probability 0.1423; XGBoost probability 0.0100; hybrid probability 0.0894; predicted hull 0.0471.
365,LiFeP3H8O13,mp-849293,LFP-family,Best near-term purchase direction,47.4274,0.09003,0.14304591040367848,0.01054001,0.5999,0.4001,QML confident unstable,QML-led ranking signal,False,0.010969859064719907,44.55,94,0.04414396,3.6786,False,Benchmark family exception,India-friendly iron phosphate chemistry; avoids nickel and cobalt. India score 94; QML probability 0.1430; XGBoost probability 0.0105; hybrid probability 0.0900; predicted hull 0.0441.
366,LiFeP2H5O9,mp-778046,LFP-family,Best near-term purchase direction,47.4269,0.090018,0.14302577895154941,0.01054001,0.5999,0.4001,QML confident unstable,QML-led ranking signal,False,0.011003262643056738,44.55,94,0.04414396,3.7043,False,Benchmark family exception,India-friendly iron phosphate chemistry; avoids nickel and cobalt. India score 94; QML probability 0.1430; XGBoost probability 0.0105; hybrid probability 0.0900; predicted hull 0.0441.
367,Li4Fe3P4(HO8)2,mp-780175,LFP-family,Best near-term purchase direction,47.4046,0.089234,0.14337452386924648,0.008159282,0.5996,0.4004,QML confident unstable,QML-led ranking signal,False,0.010639157561228248,44.55,96,0.04709894,3.9766,False,Benchmark family exception,India-friendly iron phosphate chemistry; avoids nickel and cobalt. India score 96; QML probability 0.1434; XGBoost probability 0.0082; hybrid probability 0.0892; predicted hull 0.0471.
368,LiFe2(PO4)3,mp-699352,LFP-family,Best near-term purchase direction,47.3507,0.087037,0.1430628539211715,0.0030335982,0.5999,0.4001,QML confident unstable,QML-led ranking signal,False,0.010925443928649714,44.23,93,0.042268727,0.0,False,Benchmark family exception,India-friendly iron phosphate chemistry; avoids nickel and cobalt. India score 93; QML probability 0.1431; XGBoost probability 0.0030; hybrid probability 0.0870; predicted hull 0.0423.
369,Li5Fe3Sb2(PO4)6,mp-775305,LFP-family,Best near-term purchase direction,47.3333,0.090722,0.14245360574600568,0.013027809,0.6003,0.3997,QML confident unstable,QML-led ranking signal,False,0.012021084065689924,44.54,94,0.04474807,1.5159,False,Benchmark family exception,India-friendly iron phosphate chemistry; avoids nickel and cobalt. India score 94; QML probability 0.1425; XGBoost probability 0.0130; hybrid probability 0.0907; predicted hull 0.0447.
370,Li6Fe3Sn(PO4)6,mp-778734,LFP-family,Best near-term purchase direction,47.3321,0.090692,0.14231522700930768,0.013128799,0.6004,0.3996,QML confident unstable,QML-led ranking signal,False,0.01228808589810215,44.54,94,0.04474807,1.6795,False,Benchmark family exception,India-friendly iron phosphate chemistry; avoids nickel and cobalt. India score 94; QML probability 0.1423; XGBoost probability 0.0131; hybrid probability 0.0907; predicted hull 0.0447.
371,Li12VFe3P4(CO7)4,mp-766566,LFP-family,Best near-term purchase direction,47.2669,0.089293,0.1428268105809089,0.008991707,0.6,0.4,QML confident unstable,QML-led ranking signal,False,0.011419559606776514,44.45,96,0.047748964,2.642,False,Benchmark family exception,India-friendly iron phosphate chemistry; avoids nickel and cobalt. India score 96; QML probability 0.1428; XGBoost probability 0.0090; hybrid probability 0.0893; predicted hull 0.0477.
372,Li2Fe(PO4)2,mp-31815,LFP-family,Best near-term purchase direction,47.2583,0.087038,0.14336445484311325,0.0026890223,0.5996,0.4004,QML confident unstable,QML-led ranking signal,False,0.01064644076150176,44.13,93,0.042680953,0.0,False,Benchmark family exception,India-friendly iron phosphate chemistry; avoids nickel and cobalt. India score 93; QML probability 0.1434; XGBoost probability 0.0027; hybrid probability 0.0870; predicted hull 0.0427.
373,Li3Fe(PO3)8,mp-26049,LFP-family,Best near-term purchase direction,47.246,0.086803,0.142705287044771,0.0029138888,0.6001,0.3999,QML confident unstable,QML-led ranking signal,False,0.011662708226698588,44.19,94,0.04422581,0.0,False,Benchmark family exception,India-friendly iron phosphate chemistry; avoids nickel and cobalt. India score 94; QML probability 0.1427; XGBoost probability 0.0029; hybrid probability 0.0868; predicted hull 0.0442.
374,Li3Fe3P8O29,mp-705437,LFP-family,Best near-term purchase direction,47.2066,0.086997,0.14325773234335054,0.0027125052,0.5997,0.4003,QML confident unstable,QML-led ranking signal,False,0.010710397796082639,44.09,93,0.042911265,0.0,False,Benchmark family exception,India-friendly iron phosphate chemistry; avoids nickel and cobalt. India score 93; QML probability 0.1433; XGBoost probability 0.0027; hybrid probability 0.0870; predicted hull 0.0429.
375,LiFePO5,mp-758919,LFP-family,Best near-term purchase direction,47.2037,0.086924,0.14311156707146308,0.0027125052,0.5998,0.4002,QML confident unstable,QML-led ranking signal,False,0.010849128495921902,44.09,93,0.042911265,0.0,False,Benchmark family exception,India-friendly iron phosphate chemistry; avoids nickel and cobalt. India score 93; QML probability 0.1431; XGBoost probability 0.0027; hybrid probability 0.0869; predicted hull 0.0429.
376,Li6CrFeP2(CO7)2,mp-756846,LFP-family,Best near-term purchase direction,47.0888,0.08925,0.14282389845746066,0.008889923,0.6,0.4,QML confident unstable,QML-led ranking signal,False,0.011429129646949551,44.29,96,0.048550922,2.4855,False,Benchmark family exception,India-friendly iron phosphate chemistry; avoids nickel and cobalt. India score 96; QML probability 0.1428; XGBoost probability 0.0089; hybrid probability 0.0892; predicted hull 0.0486.
377,Li12Cr3FeP4(CO7)4,mp-766533,LFP-family,Best near-term purchase direction,47.0887,0.089248,0.14282083053640388,0.008889923,0.6,0.4,QML confident unstable,QML-led ranking signal,False,0.011439154695806131,44.29,96,0.048550922,2.5199,False,Benchmark family exception,India-friendly iron phosphate chemistry; avoids nickel and cobalt. India score 96; QML probability 0.1428; XGBoost probability 0.0089; hybrid probability 0.0892; predicted hull 0.0486.
378,Li6VFeP2(CO7)2,mp-756847,LFP-family,Best near-term purchase direction,47.0751,0.089731,0.14281553571660693,0.010103746,0.6,0.4,QML confident unstable,QML-led ranking signal,False,0.011456329257185354,44.31,96,0.048725665,2.7163,False,Benchmark family exception,India-friendly iron phosphate chemistry; avoids nickel and cobalt. India score 96; QML probability 0.1428; XGBoost probability 0.0101; hybrid probability 0.0897; predicted hull 0.0487.
379,Li12V3FeP4(CO7)4,mp-766535,LFP-family,Best near-term purchase direction,47.0749,0.089726,0.14280768123670567,0.010103746,0.6,0.4,QML confident unstable,QML-led ranking signal,False,0.01148153959389131,44.31,96,0.048725665,2.6919,False,Benchmark family exception,India-friendly iron phosphate chemistry; avoids nickel and cobalt. India score 96; QML probability 0.1428; XGBoost probability 0.0101; hybrid probability 0.0897; predicted hull 0.0487.
380,Li4Mn2Fe3Sb(PO4)6,mp-776752,LMFP-family,Good pilot and next-generation option,47.068,0.088101,0.14241598402698383,0.006525782,0.6003,0.3997,QML confident unstable,QML-led ranking signal,False,0.012092198888338842,44.08,93,0.043820053,1.1094,False,Benchmark family exception,LFP-like family with manganese; useful for improving performance. India score 93; QML probability 0.1424; XGBoost probability 0.0065; hybrid probability 0.0881; predicted hull 0.0438.
381,LiFe(PO3)5,mp-687200,LFP-family,Best near-term purchase direction,47.057,0.087089,0.14345613527069645,0.0026784062,0.5996,0.4004,QML confident unstable,QML-led ranking signal,False,0.010584087764947427,43.99,94,0.045127973,0.0036,False,Benchmark family exception,India-friendly iron phosphate chemistry; avoids nickel and cobalt. India score 94; QML probability 0.1435; XGBoost probability 0.0027; hybrid probability 0.0871; predicted hull 0.0451.
382,LiFe(PO3)3,mp-540313,LFP-family,Best near-term purchase direction,47.0186,0.088283,0.14234547226050362,0.007054153,0.6004,0.3996,QML confident unstable,QML-led ranking signal,False,0.01227298199847953,44.19,96,0.04865857,4.1748,False,Benchmark family exception,India-friendly iron phosphate chemistry; avoids nickel and cobalt. India score 96; QML probability 0.1423; XGBoost probability 0.0071; hybrid probability 0.0883; predicted hull 0.0487.
383,Li5FeP3O11,mp-757035,LFP-family,Best near-term purchase direction,47.0162,0.088222,0.142244002440192,0.007054153,0.6004,0.3996,QML confident unstable,QML-led ranking signal,False,0.012493582821227008,44.19,96,0.04865857,4.2351,False,Benchmark family exception,India-friendly iron phosphate chemistry; avoids nickel and cobalt. India score 96; QML probability 0.1422; XGBoost probability 0.0071; hybrid probability 0.0882; predicted hull 0.0487.
384,LiFeP2O7,mp-26546,LFP-family,Best near-term purchase direction,46.9861,0.090456,0.14230032705906798,0.0125593655,0.6004,0.3996,QML confident unstable,QML-led ranking signal,False,0.012317756068080271,44.3,96,0.049310677,2.2582,False,Benchmark family exception,India-friendly iron phosphate chemistry; avoids nickel and cobalt. India score 96; QML probability 0.1423; XGBoost probability 0.0126; hybrid probability 0.0905; predicted hull 0.0493.
385,LiFePO4,mp-585400,LFP-family,Best near-term purchase direction,46.9832,0.091719,0.1458485435335482,0.011231468,0.5979,0.4021,QML confident unstable,QML-led ranking signal,False,0.00703327441275472,44.29,98,0.05257274,3.4793,False,Benchmark family exception,India-friendly iron phosphate chemistry; avoids nickel and cobalt. India score 98; QML probability 0.1458; XGBoost probability 0.0112; hybrid probability 0.0917; predicted hull 0.0526.
386,Li4Fe(PO4)2,mp-1273431,LFP-family,Best near-term purchase direction,46.966,0.092055,0.14228028549813804,0.016592393,0.6004,0.3996,QML confident unstable,QML-led ranking signal,False,0.01241351756420551,44.3,94,0.046731215,4.5179,False,Benchmark family exception,India-friendly iron phosphate chemistry; avoids nickel and cobalt. India score 94; QML probability 0.1423; XGBoost probability 0.0166; hybrid probability 0.0921; predicted hull 0.0467.
387,Li2FeP2O7,mp-540231,LFP-family,Best near-term purchase direction,46.9627,0.088486,0.14358610875337488,0.0060089165,0.5995,0.4005,QML confident unstable,QML-led ranking signal,False,0.010516097661637006,44.18,98,0.05197386,4.2232,False,Benchmark family exception,India-friendly iron phosphate chemistry; avoids nickel and cobalt. India score 98; QML probability 0.1436; XGBoost probability 0.0060; hybrid probability 0.0885; predicted hull 0.0520.
388,LiFeP2O7,mp-26326,LFP-family,Best near-term purchase direction,46.9296,0.087359,0.14229643743638606,0.004816273,0.6004,0.3996,QML confident unstable,QML-led ranking signal,False,0.012325532315680475,44.05,96,0.048848696,2.5998,False,Benchmark family exception,India-friendly iron phosphate chemistry; avoids nickel and cobalt. India score 96; QML probability 0.1423; XGBoost probability 0.0048; hybrid probability 0.0874; predicted hull 0.0488.
389,Li2FeP2O7,mp-26025,LFP-family,Best near-term purchase direction,46.9148,0.088566,0.14370758200311706,0.0060612154,0.5994,0.4006,QML confident unstable,QML-led ranking signal,False,0.010370562693560884,44.13,98,0.052204173,4.1571,False,Benchmark family exception,India-friendly iron phosphate chemistry; avoids nickel and cobalt. India score 98; QML probability 0.1437; XGBoost probability 0.0061; hybrid probability 0.0886; predicted hull 0.0522.
390,Li2FeP2O7,mp-752659,LFP-family,Best near-term purchase direction,46.8778,0.088476,0.14234035490322167,0.0075455345,0.6004,0.3996,QML confident unstable,QML-led ranking signal,False,0.012283865581608343,44.07,96,0.04934143,3.9518,False,Benchmark family exception,India-friendly iron phosphate chemistry; avoids nickel and cobalt. India score 96; QML probability 0.1423; XGBoost probability 0.0075; hybrid probability 0.0885; predicted hull 0.0493.
391,Li2Fe3(P2O7)2,mp-540433,LFP-family,Best near-term purchase direction,46.8734,0.088391,0.1424498600606928,0.00720111,0.6003,0.3997,QML confident unstable,QML-led ranking signal,False,0.012056198805190472,44.06,96,0.04934143,4.0181,False,Benchmark family exception,India-friendly iron phosphate chemistry; avoids nickel and cobalt. India score 96; QML probability 0.1424; XGBoost probability 0.0072; hybrid probability 0.0884; predicted hull 0.0493.
392,LiFe2(PO4)3,mp-543094,LFP-family,Best near-term purchase direction,46.8713,0.086628,0.14291062936052015,0.0022039216,0.6,0.4,QML confident unstable,QML-led ranking signal,False,0.01120996919796329,43.82,94,0.045879308,0.0,False,Benchmark family exception,India-friendly iron phosphate chemistry; avoids nickel and cobalt. India score 94; QML probability 0.1429; XGBoost probability 0.0022; hybrid probability 0.0866; predicted hull 0.0459.
393,LiFePO4,mp-758921,LFP-family,Best near-term purchase direction,46.861,0.088158,0.1424547330151355,0.0066107437,0.6003,0.3997,QML confident unstable,QML-led ranking signal,False,0.012046313394101733,44.03,96,0.04934143,3.7639,False,Benchmark family exception,India-friendly iron phosphate chemistry; avoids nickel and cobalt. India score 96; QML probability 0.1425; XGBoost probability 0.0066; hybrid probability 0.0882; predicted hull 0.0493.
394,Li2Fe3(P2O7)2,mp-758636,LFP-family,Best near-term purchase direction,46.8606,0.088147,0.14243667429344672,0.0066107437,0.6003,0.3997,QML confident unstable,QML-led ranking signal,False,0.012083049397738526,44.03,96,0.04934143,3.7629,False,Benchmark family exception,India-friendly iron phosphate chemistry; avoids nickel and cobalt. India score 96; QML probability 0.1424; XGBoost probability 0.0066; hybrid probability 0.0881; predicted hull 0.0493.
395,LiFe(PO3)3,mp-758678,LFP-family,Best near-term purchase direction,46.8588,0.088103,0.14236332824249257,0.0066107437,0.6003,0.3997,QML confident unstable,QML-led ranking signal,False,0.012235199077427985,44.03,96,0.04934143,3.7629,False,Benchmark family exception,India-friendly iron phosphate chemistry; avoids nickel and cobalt. India score 96; QML probability 0.1424; XGBoost probability 0.0066; hybrid probability 0.0881; predicted hull 0.0493.
396,LiFeP2O7,mp-697764,LFP-family,Best near-term purchase direction,46.8581,0.089521,0.1426597697129786,0.009779401,0.6001,0.3999,QML confident unstable,QML-led ranking signal,False,0.01178161809929651,44.2,98,0.05271391,2.5021,False,Benchmark family exception,India-friendly iron phosphate chemistry; avoids nickel and cobalt. India score 98; QML probability 0.1427; XGBoost probability 0.0098; hybrid probability 0.0895; predicted hull 0.0527.
397,LiFeP2O7,mp-26181,LFP-family,Best near-term purchase direction,46.858,0.089519,0.14265673086727154,0.009779401,0.6001,0.3999,QML confident unstable,QML-led ranking signal,False,0.011789579669334829,44.2,98,0.05271391,2.5296,False,Benchmark family exception,India-friendly iron phosphate chemistry; avoids nickel and cobalt. India score 98; QML probability 0.1427; XGBoost probability 0.0098; hybrid probability 0.0895; predicted hull 0.0527.
398,Na2LiFePCO7,mp-772544,LFP-family,Best near-term purchase direction,46.8537,0.08777,0.14290733160614297,0.00506416,0.6,0.4,QML confident unstable,QML-led ranking signal,False,0.011241738760725616,44.06,98,0.052315675,3.8041,False,Benchmark family exception,India-friendly iron phosphate chemistry; avoids nickel and cobalt. India score 98; QML probability 0.1429; XGBoost probability 0.0051; hybrid probability 0.0878; predicted hull 0.0523.
399,Li6Mn3Fe(PO4)6,mp-1176969,LMFP-family,Good pilot and next-generation option,46.8468,0.087333,0.142286288881017,0.004766257,0.6004,0.3996,QML confident unstable,QML-led ranking signal,False,0.012345882307151116,43.83,93,0.044647787,0.8846,False,Benchmark family exception,LFP-like family with manganese; useful for improving performance. India score 93; QML probability 0.1423; XGBoost probability 0.0048; hybrid probability 0.0873; predicted hull 0.0446.
400,Li3Fe(PO4)2,mp-859109,LFP-family,Best near-term purchase direction,46.8401,0.097189,0.14598762172114058,0.02465799,0.5978,0.4022,QML confident unstable,QML-led ranking signal,False,0.0076897578152292844,44.33,94,0.04840209,2.2931,False,Benchmark family exception,India-friendly iron phosphate chemistry; avoids nickel and cobalt. India score 94; QML probability 0.1460; XGBoost probability 0.0247; hybrid probability 0.0972; predicted hull 0.0484.
401,Li2FeP2O7,mp-1648306,LFP-family,Best near-term purchase direction,46.8325,0.091747,0.14367827957485263,0.014044374,0.5994,0.4006,QML confident unstable,QML-led ranking signal,False,0.010386539461228105,44.18,96,0.050276816,4.4589,False,Benchmark family exception,India-friendly iron phosphate chemistry; avoids nickel and cobalt. India score 96; QML probability 0.1437; XGBoost probability 0.0140; hybrid probability 0.0917; predicted hull 0.0503.
402,Li3Fe2P5O16,mp-31885,LFP-family,Best near-term purchase direction,46.825,0.088734,0.14348112624989356,0.006749022,0.5996,0.4004,QML confident unstable,QML-led ranking signal,False,0.010655754073291354,44.07,98,0.052656725,3.9386,False,Benchmark family exception,India-friendly iron phosphate chemistry; avoids nickel and cobalt. India score 98; QML probability 0.1435; XGBoost probability 0.0067; hybrid probability 0.0887; predicted hull 0.0527.
403,Na3Li3Fe2P2(CO7)2,mp-1176364,LFP-family,Best near-term purchase direction,46.8142,0.088094,0.14258004660327808,0.0062971306,0.6002,0.3998,QML confident unstable,QML-led ranking signal,False,0.011789552762475036,44.07,98,0.052582994,1.104,False,Benchmark family exception,India-friendly iron phosphate chemistry; avoids nickel and cobalt. India score 98; QML probability 0.1426; XGBoost probability 0.0063; hybrid probability 0.0881; predicted hull 0.0526.
404,Li4Fe(PO4)2,mp-31890,LFP-family,Best near-term purchase direction,46.8133,0.088515,0.1436388617881718,0.006001095,0.5995,0.4005,QML confident unstable,QML-led ranking signal,False,0.010499871535083131,44.04,98,0.052656725,4.042,False,Benchmark family exception,India-friendly iron phosphate chemistry; avoids nickel and cobalt. India score 98; QML probability 0.1436; XGBoost probability 0.0060; hybrid probability 0.0885; predicted hull 0.0527.
405,Li2FeP2O7,mp-849623,LFP-family,Best near-term purchase direction,46.8079,0.088406,0.1435956779291585,0.0057928627,0.5995,0.4005,QML confident unstable,QML-led ranking signal,False,0.010512485577441374,44.03,98,0.052656725,3.9852,False,Benchmark family exception,India-friendly iron phosphate chemistry; avoids nickel and cobalt. India score 98; QML probability 0.1436; XGBoost probability 0.0058; hybrid probability 0.0884; predicted hull 0.0527.
406,Li2FeP2O7,mp-26255,LFP-family,Best near-term purchase direction,46.8077,0.088402,0.14358973635612934,0.0057928627,0.5995,0.4005,QML confident unstable,QML-led ranking signal,False,0.010514698461878294,44.03,98,0.052656725,3.8745,False,Benchmark family exception,India-friendly iron phosphate chemistry; avoids nickel and cobalt. India score 98; QML probability 0.1436; XGBoost probability 0.0058; hybrid probability 0.0884; predicted hull 0.0527.
407,Li2Fe(PO4)2,mp-697816,LFP-family,Best near-term purchase direction,46.803,0.086778,0.14267903163654957,0.0028921252,0.6001,0.3999,QML confident unstable,QML-led ranking signal,False,0.011656203454306367,43.78,94,0.046230488,0.0,False,Benchmark family exception,India-friendly iron phosphate chemistry; avoids nickel and cobalt. India score 94; QML probability 0.1427; XGBoost probability 0.0029; hybrid probability 0.0868; predicted hull 0.0462.
408,Li2Fe(PO4)2,mp-689973,LFP-family,Best near-term purchase direction,46.8029,0.086775,0.14267284142628645,0.0028921252,0.6001,0.3999,QML confident unstable,QML-led ranking signal,False,0.011670357885605512,43.78,94,0.046230488,0.0,False,Benchmark family exception,India-friendly iron phosphate chemistry; avoids nickel and cobalt. India score 94; QML probability 0.1427; XGBoost probability 0.0029; hybrid probability 0.0868; predicted hull 0.0462.
409,Li5Fe4(P2O7)4,mp-849492,LFP-family,Best near-term purchase direction,46.7819,0.087555,0.14229752801370937,0.005303037,0.6004,0.3996,QML confident unstable,QML-led ranking signal,False,0.012323350705330126,43.93,96,0.049566314,1.4982,False,Benchmark family exception,India-friendly iron phosphate chemistry; avoids nickel and cobalt. India score 96; QML probability 0.1423; XGBoost probability 0.0053; hybrid probability 0.0876; predicted hull 0.0496.
410,Li6Fe3Sb(PO4)6,mp-757289,LFP-family,Best near-term purchase direction,46.7757,0.089061,0.14237130006309315,0.008996603,0.6003,0.3997,QML confident unstable,QML-led ranking signal,False,0.012178071596274032,43.93,94,0.046898548,1.3332,False,Benchmark family exception,India-friendly iron phosphate chemistry; avoids nickel and cobalt. India score 94; QML probability 0.1424; XGBoost probability 0.0090; hybrid probability 0.0891; predicted hull 0.0469.
411,Li4Fe5Sb(PO4)6,mp-776398,LFP-family,Best near-term purchase direction,46.7719,0.089016,0.14249619303668032,0.008694994,0.6003,0.3997,QML confident unstable,QML-led ranking signal,False,0.011941843963327961,43.91,94,0.046898548,1.3065,False,Benchmark family exception,India-friendly iron phosphate chemistry; avoids nickel and cobalt. India score 94; QML probability 0.1425; XGBoost probability 0.0087; hybrid probability 0.0890; predicted hull 0.0469.
412,Li7Fe4(PO4)6,mp-1177121,LFP-family,Best near-term purchase direction,46.77,0.087331,0.14227862096470217,0.0047713215,0.6004,0.3996,QML confident unstable,QML-led ranking signal,False,0.012361316688387905,43.9,96,0.049566314,1.6567,False,Benchmark family exception,India-friendly iron phosphate chemistry; avoids nickel and cobalt. India score 96; QML probability 0.1423; XGBoost probability 0.0048; hybrid probability 0.0873; predicted hull 0.0496.
413,Li3Fe(PO4)2,mp-758982,LFP-family,Best near-term purchase direction,46.7686,0.09455,0.14573723633983246,0.018406415,0.598,0.402,QML confident unstable,QML-led ranking signal,False,0.007594274208739887,44.1,94,0.048116907,2.5097,False,Benchmark family exception,India-friendly iron phosphate chemistry; avoids nickel and cobalt. India score 94; QML probability 0.1457; XGBoost probability 0.0184; hybrid probability 0.0945; predicted hull 0.0481.
414,LiFeP3H8O13,mp-850255,LFP-family,Best near-term purchase direction,46.7462,0.089612,0.14309055762457554,0.009461063,0.5998,0.4002,QML confident unstable,QML-led ranking signal,False,0.010896420111490014,43.9,94,0.047141165,3.3193,False,Benchmark family exception,India-friendly iron phosphate chemistry; avoids nickel and cobalt. India score 94; QML probability 0.1431; XGBoost probability 0.0095; hybrid probability 0.0896; predicted hull 0.0471.
415,Li3FePCO7,mp-768937,LFP-family,Best near-term purchase direction,46.7287,0.087249,0.1428570791071599,0.0038357873,0.6,0.4,QML confident unstable,QML-led ranking signal,False,0.01131592067782897,43.78,95,0.048196465,3.4707,False,Benchmark family exception,India-friendly iron phosphate chemistry; avoids nickel and cobalt. India score 95; QML probability 0.1429; XGBoost probability 0.0038; hybrid probability 0.0872; predicted hull 0.0482.
416,Li2FePCO7,mp-768640,LFP-family,Best near-term purchase direction,46.7039,0.088763,0.1432668442638395,0.0071086893,0.5997,0.4003,QML confident unstable,QML-led ranking signal,False,0.01072172381194121,44.07,100,0.056268312,2.4571,False,Benchmark family exception,India-friendly iron phosphate chemistry; avoids nickel and cobalt. India score 100; QML probability 0.1433; XGBoost probability 0.0071; hybrid probability 0.0888; predicted hull 0.0563.
417,Li5Fe2(PO4)3,mp-1177302,LFP-family,Best near-term purchase direction,46.6863,0.088319,0.14254056347415195,0.006918104,0.6002,0.3998,QML confident unstable,QML-led ranking signal,False,0.01197962765986954,43.79,94,0.047127344,3.9183,False,Benchmark family exception,India-friendly iron phosphate chemistry; avoids nickel and cobalt. India score 94; QML probability 0.1425; XGBoost probability 0.0069; hybrid probability 0.0883; predicted hull 0.0471.
418,LiFe(PO3)4,mp-2912291,LFP-family,Best near-term purchase direction,46.6826,0.090258,0.14277564412884575,0.011449018,0.6001,0.3999,QML confident unstable,QML-led ranking signal,False,0.011438148643247046,44.08,98,0.05367877,2.004,False,Benchmark family exception,India-friendly iron phosphate chemistry; avoids nickel and cobalt. India score 98; QML probability 0.1428; XGBoost probability 0.0114; hybrid probability 0.0903; predicted hull 0.0537.
419,Li2FePCO7,mp-25457,LFP-family,Best near-term purchase direction,46.6822,0.089022,0.14311856898297676,0.007944437,0.5998,0.4002,QML confident unstable,QML-led ranking signal,False,0.01092747819365632,44.07,100,0.05642823,2.4748,False,Benchmark family exception,India-friendly iron phosphate chemistry; avoids nickel and cobalt. India score 100; QML probability 0.1431; XGBoost probability 0.0079; hybrid probability 0.0890; predicted hull 0.0564.
420,Li3Fe3(PO4)4,mp-27027,LFP-family,Best near-term purchase direction,46.679,0.09017,0.14260621587927308,0.011449018,0.6002,0.3998,QML confident unstable,QML-led ranking signal,False,0.01182440196043749,44.08,98,0.05367877,2.0933,False,Benchmark family exception,India-friendly iron phosphate chemistry; avoids nickel and cobalt. India score 98; QML probability 0.1426; XGBoost probability 0.0114; hybrid probability 0.0902; predicted hull 0.0537.
421,LiFe2(PO4)3,mp-697784,LFP-family,Best near-term purchase direction,46.6127,0.086672,0.14299653142522722,0.002219717,0.5999,0.4001,QML confident unstable,QML-led ranking signal,False,0.011068698155227664,43.59,94,0.04706568,0.0,False,Benchmark family exception,India-friendly iron phosphate chemistry; avoids nickel and cobalt. India score 94; QML probability 0.1430; XGBoost probability 0.0022; hybrid probability 0.0867; predicted hull 0.0471.
422,Li2Fe(PO4)2,mp-26576,LFP-family,Best near-term purchase direction,46.6117,0.086647,0.14296560495557215,0.0022039216,0.5999,0.4001,QML confident unstable,QML-led ranking signal,False,0.011224000385860052,43.59,94,0.04706568,0.0,False,Benchmark family exception,India-friendly iron phosphate chemistry; avoids nickel and cobalt. India score 94; QML probability 0.1430; XGBoost probability 0.0022; hybrid probability 0.0866; predicted hull 0.0471.
423,Li2FeP2O7,mp-697811,LFP-family,Best near-term purchase direction,46.6026,0.087076,0.14221679097376852,0.0042273058,0.6004,0.3996,QML confident unstable,QML-led ranking signal,False,0.012487659870595259,43.74,96,0.050272223,2.9154,False,Benchmark family exception,India-friendly iron phosphate chemistry; avoids nickel and cobalt. India score 96; QML probability 0.1422; XGBoost probability 0.0042; hybrid probability 0.0871; predicted hull 0.0503.
424,Li6TiFe3(PO4)6,mp-758142,LFP-family,Best near-term purchase direction,46.5947,0.091631,0.14214943779225922,0.015694153,0.6005,0.3995,QML confident unstable,QML-led ranking signal,False,0.012629279439968008,44.03,96,0.05136772,1.3866,False,Benchmark family exception,India-friendly iron phosphate chemistry; avoids nickel and cobalt. India score 96; QML probability 0.1421; XGBoost probability 0.0157; hybrid probability 0.0916; predicted hull 0.0514.
425,LiFePH2O5,mp-1638522,LFP-family,Best near-term purchase direction,46.5593,0.089626,0.1429245147335355,0.0096777035,0.6,0.4,QML confident unstable,QML-led ranking signal,False,0.011108097251919961,43.74,94,0.047998916,3.5814,False,Benchmark family exception,India-friendly iron phosphate chemistry; avoids nickel and cobalt. India score 94; QML probability 0.1429; XGBoost probability 0.0097; hybrid probability 0.0896; predicted hull 0.0480.
426,LiFe3SiPO8,mp-1222519,LFP-family,Best near-term purchase direction,46.5592,0.088355,0.14319040036839598,0.00616922,0.5998,0.4002,QML confident unstable,QML-led ranking signal,False,0.010912558573600127,43.91,100,0.05682994,3.5642,False,Benchmark family exception,India-friendly iron phosphate chemistry; avoids nickel and cobalt. India score 100; QML probability 0.1432; XGBoost probability 0.0062; hybrid probability 0.0884; predicted hull 0.0568.
427,Li7Cr3Fe(PO4)6,mp-780107,LFP-family,Best near-term purchase direction,46.509,0.099511,0.14584679279789076,0.0306117,0.5979,0.4021,QML confident unstable,QML-led ranking signal,False,0.009601178639744154,44.19,94,0.050452396,1.5424,False,Benchmark family exception,India-friendly iron phosphate chemistry; avoids nickel and cobalt. India score 94; QML probability 0.1458; XGBoost probability 0.0306; hybrid probability 0.0995; predicted hull 0.0505.
428,LiFeP3(HO5)2,mp-781053,LFP-family,Best near-term purchase direction,46.4306,0.088377,0.14324831703204438,0.0061740666,0.5997,0.4003,QML confident unstable,QML-led ranking signal,False,0.010736883596333194,43.52,94,0.048282366,3.725,False,Benchmark family exception,India-friendly iron phosphate chemistry; avoids nickel and cobalt. India score 94; QML probability 0.1432; XGBoost probability 0.0062; hybrid probability 0.0884; predicted hull 0.0483.
429,Li2FePCO7,mp-768645,LFP-family,Best near-term purchase direction,46.4249,0.088782,0.1432765467195343,0.007142573,0.5997,0.4003,QML confident unstable,QML-led ranking signal,False,0.010713888924307248,43.81,100,0.05753679,1.7876,False,Benchmark family exception,India-friendly iron phosphate chemistry; avoids nickel and cobalt. India score 100; QML probability 0.1433; XGBoost probability 0.0071; hybrid probability 0.0888; predicted hull 0.0575.
430,Li2FePCO7,mp-768646,LFP-family,Best near-term purchase direction,46.3853,0.089666,0.14326897271677733,0.009361792,0.5997,0.4003,QML confident unstable,QML-led ranking signal,False,0.010719998844762785,43.84,100,0.05792675,2.0675,False,Benchmark family exception,India-friendly iron phosphate chemistry; avoids nickel and cobalt. India score 100; QML probability 0.1433; XGBoost probability 0.0094; hybrid probability 0.0897; predicted hull 0.0579.
431,Li2FePCO7,mp-768707,LFP-family,Best near-term purchase direction,46.3805,0.089571,0.1432664616826134,0.009129471,0.5997,0.4003,QML confident unstable,QML-led ranking signal,False,0.010722034235649224,43.83,100,0.05792675,2.1628,False,Benchmark family exception,India-friendly iron phosphate chemistry; avoids nickel and cobalt. India score 100; QML probability 0.1433; XGBoost probability 0.0091; hybrid probability 0.0896; predicted hull 0.0579.
432,Li2FePCO7,mp-768644,LFP-family,Best near-term purchase direction,46.3785,0.089546,0.14326693011656758,0.00906508,0.5997,0.4003,QML confident unstable,QML-led ranking signal,False,0.010721654166995827,43.82,100,0.05792675,1.9565,False,Benchmark family exception,India-friendly iron phosphate chemistry; avoids nickel and cobalt. India score 100; QML probability 0.1433; XGBoost probability 0.0091; hybrid probability 0.0895; predicted hull 0.0579.
433,Li8Fe3Sn(PO4)6,mp-775125,LFP-family,Best near-term purchase direction,46.3716,0.103891,0.14592231645543613,0.041393507,0.5979,0.4021,QML confident unstable,QML-led ranking signal,False,0.006960931991878196,44.3,93,0.050570194,2.2619,False,Benchmark family exception,India-friendly iron phosphate chemistry; avoids nickel and cobalt. India score 93; QML probability 0.1459; XGBoost probability 0.0414; hybrid probability 0.1039; predicted hull 0.0506.
434,Li2VFe(PO4)2,mp-861602,LFP-family,Best near-term purchase direction,46.3189,0.0905,0.14327188105814848,0.011440897,0.5997,0.4003,QML confident unstable,QML-led ranking signal,False,0.010948113286317477,43.74,98,0.055375706,2.5592,False,Benchmark family exception,India-friendly iron phosphate chemistry; avoids nickel and cobalt. India score 98; QML probability 0.1433; XGBoost probability 0.0114; hybrid probability 0.0905; predicted hull 0.0554.
435,Li3Fe(PO4)2,mp-758847,LFP-family,Best near-term purchase direction,46.3159,0.090452,0.14229379479303886,0.0125593655,0.6004,0.3996,QML confident unstable,QML-led ranking signal,False,0.01233082290409647,43.6,94,0.049310677,2.2422,False,Benchmark family exception,India-friendly iron phosphate chemistry; avoids nickel and cobalt. India score 94; QML probability 0.1423; XGBoost probability 0.0126; hybrid probability 0.0905; predicted hull 0.0493.
436,Li3Fe2(PO4)3,mp-849395,LFP-family,Best near-term purchase direction,46.3103,0.090039,0.14238639192508876,0.011419287,0.6003,0.3997,QML confident unstable,QML-led ranking signal,False,0.012186834249922606,43.75,98,0.055331312,2.5377,False,Benchmark family exception,India-friendly iron phosphate chemistry; avoids nickel and cobalt. India score 98; QML probability 0.1424; XGBoost probability 0.0114; hybrid probability 0.0900; predicted hull 0.0553.
437,Li2Fe(PO3)4,mp-758609,LFP-family,Best near-term purchase direction,46.2926,0.088484,0.14358172075706394,0.0060089165,0.5995,0.4005,QML confident unstable,QML-led ranking signal,False,0.010517837103029837,43.48,96,0.05197386,4.1614,False,Benchmark family exception,India-friendly iron phosphate chemistry; avoids nickel and cobalt. India score 96; QML probability 0.1436; XGBoost probability 0.0060; hybrid probability 0.0885; predicted hull 0.0520.
438,Li2FeP2O7,mp-25845,LFP-family,Best near-term purchase direction,46.2771,0.088847,0.1433696239535948,0.0071998658,0.5996,0.4004,QML confident unstable,QML-led ranking signal,False,0.010797206241038925,43.5,96,0.05213378,4.2417,False,Benchmark family exception,India-friendly iron phosphate chemistry; avoids nickel and cobalt. India score 96; QML probability 0.1434; XGBoost probability 0.0072; hybrid probability 0.0888; predicted hull 0.0521.
439,LiFeP(H6O5)2,mp-782655,LFP-family,Best near-term purchase direction,46.264,0.09063,0.14037850967748816,0.015476227,0.6017,0.3983,QML confident unstable,QML-led ranking signal,False,0.014485873569390767,43.76,96,0.0526862,4.0501,False,Benchmark family exception,India-friendly iron phosphate chemistry; avoids nickel and cobalt. India score 96; QML probability 0.1404; XGBoost probability 0.0155; hybrid probability 0.0906; predicted hull 0.0527.
440,LiFeP2O7,mp-26563,LFP-family,Best near-term purchase direction,46.2616,0.091081,0.14237061288386002,0.0140510965,0.6003,0.3997,QML confident unstable,QML-led ranking signal,False,0.012219870262744632,43.77,98,0.055793293,2.3821,False,Benchmark family exception,India-friendly iron phosphate chemistry; avoids nickel and cobalt. India score 98; QML probability 0.1424; XGBoost probability 0.0141; hybrid probability 0.0911; predicted hull 0.0558.
441,Li2FeP2O7,mp-26789,LFP-family,Best near-term purchase direction,46.2523,0.088703,0.14367638084497686,0.0064492086,0.5994,0.4006,QML confident unstable,QML-led ranking signal,False,0.01038762177081263,43.45,96,0.052204173,4.103,False,Benchmark family exception,India-friendly iron phosphate chemistry; avoids nickel and cobalt. India score 96; QML probability 0.1437; XGBoost probability 0.0064; hybrid probability 0.0887; predicted hull 0.0522.
442,LiFe2(PO4)2,mp-753789,LFP-family,Best near-term purchase direction,46.2464,0.091279,0.14253546598019423,0.014330832,0.6002,0.3998,QML confident unstable,QML-led ranking signal,False,0.011869916669338608,43.58,94,0.04981356,1.9247,False,Benchmark family exception,India-friendly iron phosphate chemistry; avoids nickel and cobalt. India score 94; QML probability 0.1425; XGBoost probability 0.0143; hybrid probability 0.0913; predicted hull 0.0498.
443,Li5Fe5(PO4)6,mp-771125,LFP-family,Best near-term purchase direction,46.246,0.091244,0.14241219498632476,0.014394514,0.6003,0.3997,QML confident unstable,QML-led ranking signal,False,0.012099420522678535,43.59,94,0.04981356,2.1689,False,Benchmark family exception,India-friendly iron phosphate chemistry; avoids nickel and cobalt. India score 94; QML probability 0.1424; XGBoost probability 0.0144; hybrid probability 0.0912; predicted hull 0.0498.
444,Li2FeP2O7,mp-504122,LFP-family,Best near-term purchase direction,46.244,0.088546,0.1436728698463557,0.0060612154,0.5994,0.4006,QML confident unstable,QML-led ranking signal,False,0.01038963724431357,43.43,96,0.052204173,4.2872,False,Benchmark family exception,India-friendly iron phosphate chemistry; avoids nickel and cobalt. India score 96; QML probability 0.1437; XGBoost probability 0.0061; hybrid probability 0.0885; predicted hull 0.0522.
445,Li3Fe3(PO4)4,mp-758557,LFP-family,Best near-term purchase direction,46.2393,0.091125,0.14240077119279618,0.014114124,0.6003,0.3997,QML confident unstable,QML-led ranking signal,False,0.012121260216980005,43.57,94,0.04981356,1.9448,False,Benchmark family exception,India-friendly iron phosphate chemistry; avoids nickel and cobalt. India score 94; QML probability 0.1424; XGBoost probability 0.0141; hybrid probability 0.0911; predicted hull 0.0498.
446,LiFe(PO3)3,mp-762657,LFP-family,Best near-term purchase direction,46.208,0.088482,0.14237147252430665,0.0075455345,0.6003,0.3997,QML confident unstable,QML-led ranking signal,False,0.012218064585729983,43.37,94,0.04934143,3.9316,False,Benchmark family exception,India-friendly iron phosphate chemistry; avoids nickel and cobalt. India score 94; QML probability 0.1424; XGBoost probability 0.0075; hybrid probability 0.0885; predicted hull 0.0493.
447,Li3Fe2(PO3)7,mp-759417,LFP-family,Best near-term purchase direction,46.2018,0.088353,0.1423861948030135,0.00720111,0.6003,0.3997,QML confident unstable,QML-led ranking signal,False,0.012187245556447356,43.36,94,0.04934143,4.0258,False,Benchmark family exception,India-friendly iron phosphate chemistry; avoids nickel and cobalt. India score 94; QML probability 0.1424; XGBoost probability 0.0072; hybrid probability 0.0884; predicted hull 0.0493.
448,LiFeP2O7,mp-849452,LFP-family,Best near-term purchase direction,46.15,0.088307,0.14235380460183306,0.0071011945,0.6004,0.3996,QML confident unstable,QML-led ranking signal,False,0.012212123068037338,43.31,94,0.049566314,1.7432,False,Benchmark family exception,India-friendly iron phosphate chemistry; avoids nickel and cobalt. India score 94; QML probability 0.1424; XGBoost probability 0.0071; hybrid probability 0.0883; predicted hull 0.0496.
449,LiFePO4,mp-758000,LFP-family,Best near-term purchase direction,46.1422,0.091448,0.1521845545272533,0.0027701396,0.5935,0.4065,QML confident unstable,QML-led ranking signal,False,0.019336384149987545,42.96,93,0.048558794,0.0,False,Benchmark family exception,India-friendly iron phosphate chemistry; avoids nickel and cobalt. India score 93; QML probability 0.1522; XGBoost probability 0.0028; hybrid probability 0.0914; predicted hull 0.0486.
450,Li5Fe2P2(CO7)2,mp-768672,LFP-family,Best near-term purchase direction,46.1422,0.090242,0.14261732074627861,0.0116141755,0.6002,0.3998,QML confident unstable,QML-led ranking signal,False,0.011727415237475343,43.6,98,0.056137152,1.0299,False,Benchmark family exception,India-friendly iron phosphate chemistry; avoids nickel and cobalt. India score 98; QML probability 0.1426; XGBoost probability 0.0116; hybrid probability 0.0902; predicted hull 0.0561.
451,LiFeP2O7,mp-849555,LFP-family,Best near-term purchase direction,46.1298,0.087926,0.14236052599610022,0.0061715096,0.6003,0.3997,QML confident unstable,QML-led ranking signal,False,0.012199012162770907,43.26,94,0.049566314,1.7515,False,Benchmark family exception,India-friendly iron phosphate chemistry; avoids nickel and cobalt. India score 94; QML probability 0.1424; XGBoost probability 0.0062; hybrid probability 0.0879; predicted hull 0.0496.
452,Li2ZnFe(PO4)2,mp-756192,LFP-family,Best near-term purchase direction,46.1181,0.08937,0.14324526007810348,0.008658364,0.5997,0.4003,QML confident unstable,QML-led ranking signal,False,0.010924869676133746,43.48,98,0.056023546,3.6034,False,Benchmark family exception,India-friendly iron phosphate chemistry; avoids nickel and cobalt. India score 98; QML probability 0.1432; XGBoost probability 0.0087; hybrid probability 0.0894; predicted hull 0.0560.
453,Li3Fe2(PO4)3,mp-775523,LFP-family,Best near-term purchase direction,46.1169,0.090127,0.14268966484267265,0.01124911,0.6001,0.3999,QML confident unstable,QML-led ranking signal,False,0.0117034619136105,43.47,96,0.053175885,2.269,False,Benchmark family exception,India-friendly iron phosphate chemistry; avoids nickel and cobalt. India score 96; QML probability 0.1427; XGBoost probability 0.0112; hybrid probability 0.0901; predicted hull 0.0532.
454,Li3Fe2(PO4)3,mp-772738,LFP-family,Best near-term purchase direction,46.1169,0.090126,0.1426882555880595,0.01124911,0.6001,0.3999,QML confident unstable,QML-led ranking signal,False,0.011707140537958466,43.47,96,0.053175885,2.2367,False,Benchmark family exception,India-friendly iron phosphate chemistry; avoids nickel and cobalt. India score 96; QML probability 0.1427; XGBoost probability 0.0112; hybrid probability 0.0901; predicted hull 0.0532.
455,Li5Fe6P5O24,mp-1177129,LFP-family,Best near-term purchase direction,46.1146,0.087646,0.1425774070681223,0.0051812585,0.6002,0.3998,QML confident unstable,QML-led ranking signal,False,0.01179427381883086,43.22,94,0.049566314,1.4104,False,Benchmark family exception,India-friendly iron phosphate chemistry; avoids nickel and cobalt. India score 94; QML probability 0.1426; XGBoost probability 0.0052; hybrid probability 0.0876; predicted hull 0.0496.
456,LiFeP2O7,mp-849490,LFP-family,Best near-term purchase direction,46.1102,0.087537,0.14237269661459787,0.0051812585,0.6003,0.3997,QML confident unstable,QML-led ranking signal,False,0.012175364023501745,43.22,94,0.049566314,1.4128,False,Benchmark family exception,India-friendly iron phosphate chemistry; avoids nickel and cobalt. India score 94; QML probability 0.1424; XGBoost probability 0.0052; hybrid probability 0.0875; predicted hull 0.0496.
457,LiFeP2O7,mp-849415,LFP-family,Best near-term purchase direction,46.11,0.087531,0.14236257156018095,0.0051812585,0.6003,0.3997,QML confident unstable,QML-led ranking signal,False,0.012195029247504437,43.22,94,0.049566314,1.4159,False,Benchmark family exception,India-friendly iron phosphate chemistry; avoids nickel and cobalt. India score 94; QML probability 0.1424; XGBoost probability 0.0052; hybrid probability 0.0875; predicted hull 0.0496.
458,Li5Fe4(P2O7)4,mp-849560,LFP-family,Best near-term purchase direction,46.1093,0.087513,0.14230893899773156,0.0051812585,0.6004,0.3996,QML confident unstable,QML-led ranking signal,False,0.012300584387302489,43.22,94,0.049566314,1.4432,False,Benchmark family exception,India-friendly iron phosphate chemistry; avoids nickel and cobalt. India score 94; QML probability 0.1423; XGBoost probability 0.0052; hybrid probability 0.0875; predicted hull 0.0496.
459,LiFeP2O7,mp-849557,LFP-family,Best near-term purchase direction,46.1058,0.087451,0.14236635000602646,0.0049752635,0.6003,0.3997,QML confident unstable,QML-led ranking signal,False,0.01218768105305243,43.21,94,0.049566314,1.5473,False,Benchmark family exception,India-friendly iron phosphate chemistry; avoids nickel and cobalt. India score 94; QML probability 0.1424; XGBoost probability 0.0050; hybrid probability 0.0875; predicted hull 0.0496.
460,Li5Fe4(P2O7)4,mp-1177154,LFP-family,Best near-term purchase direction,46.1048,0.087427,0.1423029079166392,0.0049752635,0.6004,0.3996,QML confident unstable,QML-led ranking signal,False,0.012312603421511817,43.21,94,0.049566314,1.5666,False,Benchmark family exception,India-friendly iron phosphate chemistry; avoids nickel and cobalt. India score 94; QML probability 0.1423; XGBoost probability 0.0050; hybrid probability 0.0874; predicted hull 0.0496.
461,Li7Fe4(P2O7)4,mp-1177031,LFP-family,Best near-term purchase direction,46.1033,0.089077,0.1423160144093376,0.009084076,0.6004,0.3996,QML confident unstable,QML-led ranking signal,False,0.012335975936625308,43.5,98,0.056048937,1.5649,False,Benchmark family exception,India-friendly iron phosphate chemistry; avoids nickel and cobalt. India score 98; QML probability 0.1423; XGBoost probability 0.0091; hybrid probability 0.0891; predicted hull 0.0560.
462,LiFe2(PO4)2,mp-766800,LFP-family,Best near-term purchase direction,46.1031,0.087409,0.14249363640608537,0.0046785087,0.6003,0.3997,QML confident unstable,QML-led ranking signal,False,0.011946564034765824,43.2,94,0.049566314,1.4736,False,Benchmark family exception,India-friendly iron phosphate chemistry; avoids nickel and cobalt. India score 94; QML probability 0.1425; XGBoost probability 0.0047; hybrid probability 0.0874; predicted hull 0.0496.
463,LiFeP2O7,mp-1176772,LFP-family,Best near-term purchase direction,46.1014,0.087366,0.14236045138142933,0.0047713215,0.6003,0.3997,QML confident unstable,QML-led ranking signal,False,0.012199157508357122,43.2,94,0.049566314,1.6172,False,Benchmark family exception,India-friendly iron phosphate chemistry; avoids nickel and cobalt. India score 94; QML probability 0.1424; XGBoost probability 0.0048; hybrid probability 0.0874; predicted hull 0.0496.
464,LiFeP2O7,mp-782726,LFP-family,Best near-term purchase direction,46.1001,0.087333,0.14236707351630815,0.0046785087,0.6003,0.3997,QML confident unstable,QML-led ranking signal,False,0.012186275296488256,43.2,94,0.049566314,1.4647,False,Benchmark family exception,India-friendly iron phosphate chemistry; avoids nickel and cobalt. India score 94; QML probability 0.1424; XGBoost probability 0.0047; hybrid probability 0.0873; predicted hull 0.0496.
465,Li3Fe(PO4)2,mp-26056,LFP-family,Best near-term purchase direction,46.0934,0.08964,0.1425212392598946,0.010251344,0.6002,0.3998,QML confident unstable,QML-led ranking signal,False,0.012026041823697329,43.43,96,0.053175885,2.3376,False,Benchmark family exception,India-friendly iron phosphate chemistry; avoids nickel and cobalt. India score 96; QML probability 0.1425; XGBoost probability 0.0103; hybrid probability 0.0896; predicted hull 0.0532.
466,Li2Fe(PO3)4,mp-31817,LFP-family,Best near-term purchase direction,46.0907,0.088478,0.14370604857020003,0.0058432925,0.5994,0.4006,QML confident unstable,QML-led ranking signal,False,0.01037136297494761,43.29,96,0.052887037,3.945,False,Benchmark family exception,India-friendly iron phosphate chemistry; avoids nickel and cobalt. India score 96; QML probability 0.1437; XGBoost probability 0.0058; hybrid probability 0.0885; predicted hull 0.0529.
467,Li2TiFe(PO4)3,mp-694934,LFP-family,Best near-term purchase direction,46.0631,0.092217,0.14371903846994938,0.015157846,0.5994,0.4006,QML confident unstable,QML-led ranking signal,False,0.010506309907946404,43.69,100,0.05997308,2.4993,False,Benchmark family exception,India-friendly iron phosphate chemistry; avoids nickel and cobalt. India score 100; QML probability 0.1437; XGBoost probability 0.0152; hybrid probability 0.0922; predicted hull 0.0600.
468,LiFe3P3(HO6)2,mp-780853,LFP-family,Best near-term purchase direction,46.0491,0.088321,0.14326494161521403,0.006008042,0.5997,0.4003,QML confident unstable,QML-led ranking signal,False,0.010703832270757213,43.35,98,0.05609394,3.4902,False,Benchmark family exception,India-friendly iron phosphate chemistry; avoids nickel and cobalt. India score 98; QML probability 0.1433; XGBoost probability 0.0060; hybrid probability 0.0883; predicted hull 0.0561.
469,Li2CrFe(PO4)2,mp-861527,LFP-family,Best near-term purchase direction,46.036,0.093169,0.1432544990099513,0.018135441,0.5997,0.4003,QML confident unstable,QML-led ranking signal,False,0.010930891076177071,43.66,98,0.057283875,2.2877,False,Benchmark family exception,India-friendly iron phosphate chemistry; avoids nickel and cobalt. India score 98; QML probability 0.1433; XGBoost probability 0.0181; hybrid probability 0.0932; predicted hull 0.0573.
470,LiFe2(PO4)2,mp-753415,LFP-family,Best near-term purchase direction,46.0198,0.089328,0.14268036515998045,0.009265934,0.6001,0.3999,QML confident unstable,QML-led ranking signal,False,0.011653157498284552,43.33,96,0.053431526,1.4357,False,Benchmark family exception,India-friendly iron phosphate chemistry; avoids nickel and cobalt. India score 96; QML probability 0.1427; XGBoost probability 0.0093; hybrid probability 0.0893; predicted hull 0.0534.
471,Li4Fe(PO4)2,mp-756144,LFP-family,Best near-term purchase direction,46.016,0.088343,0.14246770994556296,0.007054153,0.6003,0.3997,QML confident unstable,QML-led ranking signal,False,0.012020085813272286,43.14,93,0.04865857,4.2344,False,Benchmark family exception,India-friendly iron phosphate chemistry; avoids nickel and cobalt. India score 93; QML probability 0.1425; XGBoost probability 0.0071; hybrid probability 0.0883; predicted hull 0.0487.
472,Li4Fe(PO3)6,mp-757456,LFP-family,Best near-term purchase direction,45.9917,0.0898,0.14370069219706466,0.009151133,0.5994,0.4006,QML confident unstable,QML-led ranking signal,False,0.010374190826224476,43.19,94,0.05059642,4.371,False,Benchmark family exception,India-friendly iron phosphate chemistry; avoids nickel and cobalt. India score 94; QML probability 0.1437; XGBoost probability 0.0092; hybrid probability 0.0898; predicted hull 0.0506.
473,Li3Fe4(P2O7)4,mp-1177688,LFP-family,Best near-term purchase direction,45.9034,0.086614,0.14289299494412058,0.0021952144,0.6,0.4,QML confident unstable,QML-led ranking signal,False,0.011331130833342716,42.9,93,0.04875588,0.0042,False,Benchmark family exception,India-friendly iron phosphate chemistry; avoids nickel and cobalt. India score 93; QML probability 0.1429; XGBoost probability 0.0022; hybrid probability 0.0866; predicted hull 0.0488.
474,LiFeP2O7,mp-1101521,LFP-family,Best near-term purchase direction,45.8807,0.090661,0.14239921036875308,0.012955433,0.6003,0.3997,QML confident unstable,QML-led ranking signal,False,0.01212425198372471,43.17,93,0.04981356,2.0137,False,Benchmark family exception,India-friendly iron phosphate chemistry; avoids nickel and cobalt. India score 93; QML probability 0.1424; XGBoost probability 0.0130; hybrid probability 0.0907; predicted hull 0.0498.
475,Li5Fe2P2(CO7)2,mp-1177155,LFP-family,Best near-term purchase direction,45.8659,0.088845,0.14290567694262662,0.00775433,0.6,0.4,QML confident unstable,QML-led ranking signal,False,0.011254596451169604,43.24,98,0.05705965,1.2947,False,Benchmark family exception,India-friendly iron phosphate chemistry; avoids nickel and cobalt. India score 98; QML probability 0.1429; XGBoost probability 0.0078; hybrid probability 0.0888; predicted hull 0.0571.
476,Li3Fe5(PO4)6,mp-758971,LFP-family,Best near-term purchase direction,45.8284,0.087977,0.14253226923964685,0.0060746255,0.6002,0.3998,QML confident unstable,QML-led ranking signal,False,0.0118757312379015,42.94,93,0.049423598,1.8148,False,Benchmark family exception,India-friendly iron phosphate chemistry; avoids nickel and cobalt. India score 93; QML probability 0.1425; XGBoost probability 0.0061; hybrid probability 0.0880; predicted hull 0.0494.
477,Li4NbFe3Cu2(PO4)6,mp-777855,LFP-family,Best near-term purchase direction,45.8023,0.086509,0.14247884867707913,0.0024503598,0.6003,0.3997,QML confident unstable,QML-led ranking signal,False,0.011973957114934689,42.82,93,0.04920049,0.1427,False,Benchmark family exception,India-friendly iron phosphate chemistry; avoids nickel and cobalt. India score 93; QML probability 0.1425; XGBoost probability 0.0025; hybrid probability 0.0865; predicted hull 0.0492.
478,Li4MnFe3(PO4)4,mp-783919,LMFP-family,Good pilot and next-generation option,45.794,0.088035,0.1423551554771507,0.006418523,0.6004,0.3996,QML confident unstable,QML-led ranking signal,False,0.012252455420601202,43.1,97,0.055687133,3.8643,False,Benchmark family exception,LFP-like family with manganese; useful for improving performance. India score 97; QML probability 0.1424; XGBoost probability 0.0064; hybrid probability 0.0880; predicted hull 0.0557.
479,LiFe4(PO4)3,mp-759000,LFP-family,Best near-term purchase direction,45.7632,0.08815,0.14258690372139157,0.006426726,0.6002,0.3998,QML confident unstable,QML-led ranking signal,False,0.011777309684247903,42.93,94,0.051278893,3.1139,False,Benchmark family exception,India-friendly iron phosphate chemistry; avoids nickel and cobalt. India score 94; QML probability 0.1426; XGBoost probability 0.0064; hybrid probability 0.0882; predicted hull 0.0513.
480,LiFeP2O7,mp-1101560,LFP-family,Best near-term purchase direction,45.7476,0.088059,0.14241465759689825,0.0064231646,0.6003,0.3997,QML confident unstable,QML-led ranking signal,False,0.0120947257170334,42.88,93,0.04981356,1.8744,False,Benchmark family exception,India-friendly iron phosphate chemistry; avoids nickel and cobalt. India score 93; QML probability 0.1424; XGBoost probability 0.0064; hybrid probability 0.0881; predicted hull 0.0498.
481,LiFePO4,mp-772138,LFP-family,Best near-term purchase direction,45.7003,0.086901,0.1423874053194147,0.0035677091,0.6003,0.3997,QML confident unstable,QML-led ranking signal,False,0.012146941124348647,42.8,94,0.051278893,3.4288,False,Benchmark family exception,India-friendly iron phosphate chemistry; avoids nickel and cobalt. India score 94; QML probability 0.1424; XGBoost probability 0.0036; hybrid probability 0.0869; predicted hull 0.0513.
482,LiFe(PO3)3,mp-757732,LFP-family,Best near-term purchase direction,45.6433,0.091722,0.1457825051002491,0.011303976,0.598,0.402,QML confident unstable,QML-led ranking signal,False,0.007228329161739908,42.89,94,0.05257274,3.5699,False,Benchmark family exception,India-friendly iron phosphate chemistry; avoids nickel and cobalt. India score 94; QML probability 0.1458; XGBoost probability 0.0113; hybrid probability 0.0917; predicted hull 0.0526.
483,LiFePO4,mp-705312,LFP-family,Best near-term purchase direction,45.6303,0.089423,0.14472663142349274,0.006915991,0.5987,0.4013,QML confident unstable,QML-led ranking signal,False,0.009155840037639107,42.97,98,0.058218144,3.7718,False,Benchmark family exception,India-friendly iron phosphate chemistry; avoids nickel and cobalt. India score 98; QML probability 0.1447; XGBoost probability 0.0069; hybrid probability 0.0894; predicted hull 0.0582.
484,Li2Fe(PO3)4,mp-26125,LFP-family,Best near-term purchase direction,45.603,0.08984,0.1439551320767787,0.00893654,0.5992,0.4008,QML confident unstable,QML-led ranking signal,False,0.010120271560891368,43.01,98,0.058457937,4.19,False,Benchmark family exception,India-friendly iron phosphate chemistry; avoids nickel and cobalt. India score 98; QML probability 0.1440; XGBoost probability 0.0089; hybrid probability 0.0898; predicted hull 0.0585.
485,Li5Fe4(P2O7)4,mp-849564,LFP-family,Best near-term purchase direction,45.587,0.086559,0.14231562865327446,0.0027835257,0.6004,0.3996,QML confident unstable,QML-led ranking signal,False,0.012287288687985575,42.68,94,0.05171679,1.3356,False,Benchmark family exception,India-friendly iron phosphate chemistry; avoids nickel and cobalt. India score 94; QML probability 0.1423; XGBoost probability 0.0028; hybrid probability 0.0866; predicted hull 0.0517.
486,LiFeP2O7,mp-831266,LFP-family,Best near-term purchase direction,45.5865,0.086546,0.14238089227935058,0.0026896438,0.6003,0.3997,QML confident unstable,QML-led ranking signal,False,0.012159505781585379,42.68,94,0.05171679,1.2947,False,Benchmark family exception,India-friendly iron phosphate chemistry; avoids nickel and cobalt. India score 94; QML probability 0.1424; XGBoost probability 0.0027; hybrid probability 0.0865; predicted hull 0.0517.
487,LiFe4P7O24,mp-697800,LFP-family,Best near-term purchase direction,45.5707,0.090683,0.14249021037128431,0.012875663,0.6003,0.3997,QML confident unstable,QML-led ranking signal,False,0.011974942771170614,43.02,96,0.055793293,2.3447,False,Benchmark family exception,India-friendly iron phosphate chemistry; avoids nickel and cobalt. India score 96; QML probability 0.1425; XGBoost probability 0.0129; hybrid probability 0.0907; predicted hull 0.0558.
488,LiFe(PO3)4,mp-758136,LFP-family,Best near-term purchase direction,45.5244,0.089655,0.14260881166676304,0.010158562,0.6002,0.3998,QML confident unstable,QML-led ranking signal,False,0.0118183381628643,42.81,94,0.05271391,2.5293,False,Benchmark family exception,India-friendly iron phosphate chemistry; avoids nickel and cobalt. India score 94; QML probability 0.1426; XGBoost probability 0.0102; hybrid probability 0.0897; predicted hull 0.0527.
489,Li4Fe3Ni(PO4)4,mp-771063,LFP-family,Best near-term purchase direction,45.5237,0.088462,0.14278694031653832,0.006974917,0.6,0.4,QML confident unstable,QML-led ranking signal,False,0.011546867525180396,42.73,94,0.0524388,3.0636,False,Benchmark family exception,India-friendly iron phosphate chemistry; avoids nickel and cobalt. India score 94; QML probability 0.1428; XGBoost probability 0.0070; hybrid probability 0.0885; predicted hull 0.0524.
490,Li4Fe2(PO4)3,mp-1177430,LFP-family,Best near-term purchase direction,45.486,0.09118,0.14236518578564533,0.014307135,0.6003,0.3997,QML confident unstable,QML-led ranking signal,False,0.012231285647858463,42.98,96,0.056296177,2.1514,False,Benchmark family exception,India-friendly iron phosphate chemistry; avoids nickel and cobalt. India score 96; QML probability 0.1424; XGBoost probability 0.0143; hybrid probability 0.0912; predicted hull 0.0563.
491,LiFe5(P2O7)4,mp-705376,LFP-family,Best near-term purchase direction,45.4834,0.091141,0.1425122450057951,0.014020498,0.6002,0.3998,QML confident unstable,QML-led ranking signal,False,0.011931135004699892,42.97,96,0.056296177,2.0067,False,Benchmark family exception,India-friendly iron phosphate chemistry; avoids nickel and cobalt. India score 96; QML probability 0.1425; XGBoost probability 0.0140; hybrid probability 0.0911; predicted hull 0.0563.
492,Li5Fe4(P2O7)4,mp-1177159,LFP-family,Best near-term purchase direction,45.4807,0.086227,0.14232109241980898,0.0019447097,0.6004,0.3996,QML confident unstable,QML-led ranking signal,False,0.012276457207620139,42.56,94,0.052121803,1.1907,False,Benchmark family exception,India-friendly iron phosphate chemistry; avoids nickel and cobalt. India score 94; QML probability 0.1423; XGBoost probability 0.0019; hybrid probability 0.0862; predicted hull 0.0521.
493,Li5Fe2P5O18,mp-1177139,LFP-family,Best near-term purchase direction,45.4796,0.091046,0.14231036484195464,0.014020498,0.6004,0.3996,QML confident unstable,QML-led ranking signal,False,0.012348153081875573,42.97,96,0.056296177,2.1125,False,Benchmark family exception,India-friendly iron phosphate chemistry; avoids nickel and cobalt. India score 96; QML probability 0.1423; XGBoost probability 0.0140; hybrid probability 0.0910; predicted hull 0.0563.
494,Li6FeNiP2(CO7)2,mp-753528,LFP-family,Best near-term purchase direction,45.4658,0.087811,0.14284399793214742,0.005262325,0.6,0.4,QML confident unstable,QML-led ranking signal,False,0.011361800806542434,42.63,94,0.05254819,3.1756,False,Benchmark family exception,India-friendly iron phosphate chemistry; avoids nickel and cobalt. India score 94; QML probability 0.1428; XGBoost probability 0.0053; hybrid probability 0.0878; predicted hull 0.0525.
495,LiFePO4,mp-757255,LFP-family,Best near-term purchase direction,45.4649,0.088332,0.1434503853924604,0.0057928627,0.5996,0.4004,QML confident unstable,QML-led ranking signal,False,0.010587714066989194,42.63,94,0.052656725,3.8361,False,Benchmark family exception,India-friendly iron phosphate chemistry; avoids nickel and cobalt. India score 94; QML probability 0.1435; XGBoost probability 0.0058; hybrid probability 0.0883; predicted hull 0.0527.
496,LiFe(PO3)4,mp-26811,LFP-family,Best near-term purchase direction,45.4622,0.088967,0.14255596220707897,0.00851538,0.6002,0.3998,QML confident unstable,QML-led ranking signal,False,0.011942885884006788,42.81,96,0.05588761,2.9057,False,Benchmark family exception,India-friendly iron phosphate chemistry; avoids nickel and cobalt. India score 96; QML probability 0.1426; XGBoost probability 0.0085; hybrid probability 0.0890; predicted hull 0.0559.
497,Li12Fe3NiP4(CO7)4,mp-766564,LFP-family,Best near-term purchase direction,45.4622,0.087745,0.14284100255705123,0.005101442,0.6,0.4,QML confident unstable,QML-led ranking signal,False,0.011372045629429433,42.62,94,0.05254819,3.159,False,Benchmark family exception,India-friendly iron phosphate chemistry; avoids nickel and cobalt. India score 94; QML probability 0.1428; XGBoost probability 0.0051; hybrid probability 0.0877; predicted hull 0.0525.
498,Li12FeNi3P4(CO7)4,mp-766539,LFP-family,Best near-term purchase direction,45.4582,0.087672,0.14284935585271563,0.004906048,0.6,0.4,QML confident unstable,QML-led ranking signal,False,0.01134325000438115,42.61,94,0.05254819,3.0772,False,Benchmark family exception,India-friendly iron phosphate chemistry; avoids nickel and cobalt. India score 94; QML probability 0.1428; XGBoost probability 0.0049; hybrid probability 0.0877; predicted hull 0.0525.
499,Li3FeNi2(PO4)3,mp-1223005,LFP-family,Best near-term purchase direction,45.4518,0.087064,0.14280965564137812,0.0034457336,0.6,0.4,QML confident unstable,QML-led ranking signal,False,0.011475230269996577,42.57,94,0.0524388,3.4838,False,Benchmark family exception,India-friendly iron phosphate chemistry; avoids nickel and cobalt. India score 94; QML probability 0.1428; XGBoost probability 0.0034; hybrid probability 0.0871; predicted hull 0.0524.
500,Li3Fe3(PO4)4,mp-25813,LFP-family,Best near-term purchase direction,45.4472,0.090134,0.14264124901985295,0.0113078505,0.6002,0.3998,QML confident unstable,QML-led ranking signal,False,0.011743000448393395,42.77,94,0.053175885,2.2475,False,Benchmark family exception,India-friendly iron phosphate chemistry; avoids nickel and cobalt. India score 94; QML probability 0.1426; XGBoost probability 0.0113; hybrid probability 0.0901; predicted hull 0.0532.
501,LiFe(PO3)4,mp-758737,LFP-family,Best near-term purchase direction,45.4458,0.0901,0.14258452743233369,0.0113078505,0.6002,0.3998,QML confident unstable,QML-led ranking signal,False,0.011875278174092828,42.77,94,0.053175885,2.2489,False,Benchmark family exception,India-friendly iron phosphate chemistry; avoids nickel and cobalt. India score 94; QML probability 0.1426; XGBoost probability 0.0113; hybrid probability 0.0901; predicted hull 0.0532.
502,LiFeP2O7,mp-752859,LFP-family,Best near-term purchase direction,45.4446,0.090069,0.1426113654639979,0.011189917,0.6002,0.3998,QML confident unstable,QML-led ranking signal,False,0.011812377630870204,42.77,94,0.053175885,2.379,False,Benchmark family exception,India-friendly iron phosphate chemistry; avoids nickel and cobalt. India score 94; QML probability 0.1426; XGBoost probability 0.0112; hybrid probability 0.0901; predicted hull 0.0532.
503,LiFe(PO3)4,mp-758724,LFP-family,Best near-term purchase direction,45.4441,0.090056,0.14258951555902372,0.011189917,0.6002,0.3998,QML confident unstable,QML-led ranking signal,False,0.011863543174452599,42.77,94,0.053175885,2.3608,False,Benchmark family exception,India-friendly iron phosphate chemistry; avoids nickel and cobalt. India score 94; QML probability 0.1426; XGBoost probability 0.0112; hybrid probability 0.0901; predicted hull 0.0532.
504,Li3Fe2(PO4)3,mp-773158,LFP-family,Best near-term purchase direction,45.4379,0.089952,0.14271634499510788,0.010772681,0.6001,0.3999,QML confident unstable,QML-led ranking signal,False,0.01163388048547458,42.75,94,0.053175885,2.4012,False,Benchmark family exception,India-friendly iron phosphate chemistry; avoids nickel and cobalt. India score 94; QML probability 0.1427; XGBoost probability 0.0108; hybrid probability 0.0900; predicted hull 0.0532.
505,Li4Fe2(PO4)3,mp-772975,LFP-family,Best near-term purchase direction,45.4342,0.089099,0.14235426239437207,0.009084076,0.6004,0.3996,QML confident unstable,QML-led ranking signal,False,0.012254344897329452,42.8,96,0.056048937,1.5499,False,Benchmark family exception,India-friendly iron phosphate chemistry; avoids nickel and cobalt. India score 96; QML probability 0.1424; XGBoost probability 0.0091; hybrid probability 0.0891; predicted hull 0.0560.
506,LiFePH2O5,mp-780200,LFP-family,Best near-term purchase direction,45.4144,0.088192,0.14287077539829676,0.0061740666,0.6,0.4,QML confident unstable,QML-led ranking signal,False,0.011092552331800667,42.6,94,0.05286642,3.6933,False,Benchmark family exception,India-friendly iron phosphate chemistry; avoids nickel and cobalt. India score 94; QML probability 0.1429; XGBoost probability 0.0062; hybrid probability 0.0882; predicted hull 0.0529.
507,LiFe(PO3)3,mp-758184,LFP-family,Best near-term purchase direction,45.4017,0.088961,0.1440762198631591,0.0065982803,0.5991,0.4009,QML confident unstable,QML-led ranking signal,False,0.009888245435084275,42.76,98,0.05916349,4.1848,False,Benchmark family exception,India-friendly iron phosphate chemistry; avoids nickel and cobalt. India score 98; QML probability 0.1441; XGBoost probability 0.0066; hybrid probability 0.0890; predicted hull 0.0592.
508,LiFeP2O7,mp-1101512,LFP-family,Best near-term purchase direction,45.3842,0.089356,0.1435497846016287,0.008235537,0.5995,0.4005,QML confident unstable,QML-led ranking signal,False,0.01053189929631,42.8,98,0.059350375,2.6064,False,Benchmark family exception,India-friendly iron phosphate chemistry; avoids nickel and cobalt. India score 98; QML probability 0.1435; XGBoost probability 0.0082; hybrid probability 0.0894; predicted hull 0.0594.
509,Li3Fe2(PO4)3,mp-26069,LFP-family,Best near-term purchase direction,45.3832,0.089333,0.14353871830339263,0.008193004,0.5995,0.4005,QML confident unstable,QML-led ranking signal,False,0.010537287377195802,42.8,98,0.059350375,2.4969,False,Benchmark family exception,India-friendly iron phosphate chemistry; avoids nickel and cobalt. India score 98; QML probability 0.1435; XGBoost probability 0.0082; hybrid probability 0.0893; predicted hull 0.0594.
510,Li3Fe(PO4)2,mp-773399,LFP-family,Best near-term purchase direction,45.3725,0.08979,0.14327321783538774,0.009665148,0.5997,0.4003,QML confident unstable,QML-led ranking signal,False,0.010949881127314485,42.83,98,0.059510294,2.4956,False,Benchmark family exception,India-friendly iron phosphate chemistry; avoids nickel and cobalt. India score 98; QML probability 0.1433; XGBoost probability 0.0097; hybrid probability 0.0898; predicted hull 0.0595.
511,LiFePO4,mp-757027,LFP-family,Best near-term purchase direction,45.3696,0.089424,0.14472845491863398,0.006915991,0.5987,0.4013,QML confident unstable,QML-led ranking signal,False,0.009153968937543316,42.73,98,0.05940158,3.726,False,Benchmark family exception,India-friendly iron phosphate chemistry; avoids nickel and cobalt. India score 98; QML probability 0.1447; XGBoost probability 0.0069; hybrid probability 0.0894; predicted hull 0.0594.
512,Li2Fe3(PO4)3,mp-771770,LFP-family,Best near-term purchase direction,45.3425,0.089195,0.14274824603432337,0.0088308,0.6001,0.3999,QML confident unstable,QML-led ranking signal,False,0.011550705483857986,42.61,94,0.053431526,1.483,False,Benchmark family exception,India-friendly iron phosphate chemistry; avoids nickel and cobalt. India score 94; QML probability 0.1427; XGBoost probability 0.0088; hybrid probability 0.0892; predicted hull 0.0534.
513,LiFe2P3O11,mp-758108,LFP-family,Best near-term purchase direction,45.3419,0.08918,0.14272358357027892,0.0088308,0.6001,0.3999,QML confident unstable,QML-led ranking signal,False,0.011615013085107897,42.61,94,0.053431526,1.505,False,Benchmark family exception,India-friendly iron phosphate chemistry; avoids nickel and cobalt. India score 94; QML probability 0.1427; XGBoost probability 0.0088; hybrid probability 0.0892; predicted hull 0.0534.
514,NaLi5Fe2P2(CO7)2,mp-1101478,LFP-family,Best near-term purchase direction,45.3407,0.087902,0.14290182567645573,0.0054010157,0.6,0.4,QML confident unstable,QML-led ranking signal,False,0.01128083886938883,42.7,98,0.059226893,3.6574,False,Benchmark family exception,India-friendly iron phosphate chemistry; avoids nickel and cobalt. India score 98; QML probability 0.1429; XGBoost probability 0.0054; hybrid probability 0.0879; predicted hull 0.0592.
515,Li3Fe(PO4)2,mp-760008,LFP-family,Best near-term purchase direction,45.3385,0.090339,0.1432715783725039,0.0110385185,0.5997,0.4003,QML confident unstable,QML-led ranking signal,False,0.010947724019089205,42.84,98,0.059795484,2.4517,False,Benchmark family exception,India-friendly iron phosphate chemistry; avoids nickel and cobalt. India score 98; QML probability 0.1433; XGBoost probability 0.0110; hybrid probability 0.0903; predicted hull 0.0598.
516,Li3Fe2(PO4)3,mp-758962,LFP-family,Best near-term purchase direction,45.3377,0.090131,0.14269731069906166,0.01124911,0.6001,0.3999,QML confident unstable,QML-led ranking signal,False,0.011683510890205622,42.67,94,0.05367283,2.2006,False,Benchmark family exception,India-friendly iron phosphate chemistry; avoids nickel and cobalt. India score 94; QML probability 0.1427; XGBoost probability 0.0112; hybrid probability 0.0901; predicted hull 0.0537.
517,LiFeP2O7,mp-1101516,LFP-family,Best near-term purchase direction,45.3374,0.089439,0.14363990179267672,0.008307053,0.5995,0.4005,QML confident unstable,QML-led ranking signal,False,0.010409402721546654,42.76,98,0.059580687,2.5628,False,Benchmark family exception,India-friendly iron phosphate chemistry; avoids nickel and cobalt. India score 98; QML probability 0.1436; XGBoost probability 0.0083; hybrid probability 0.0894; predicted hull 0.0596.
518,LiFePO4,mp-765594,LFP-family,Best near-term purchase direction,45.3361,0.08876,0.1445824179744393,0.005442764,0.5988,0.4012,QML confident unstable,QML-led ranking signal,False,0.00929085351407259,42.66,98,0.05940158,3.7144,False,Benchmark family exception,India-friendly iron phosphate chemistry; avoids nickel and cobalt. India score 98; QML probability 0.1446; XGBoost probability 0.0054; hybrid probability 0.0888; predicted hull 0.0594.
519,LiFePO4,mp-757097,LFP-family,Best near-term purchase direction,45.3359,0.088755,0.14457411571881185,0.005442764,0.5988,0.4012,QML confident unstable,QML-led ranking signal,False,0.009299353459371069,42.66,98,0.05940158,3.7339,False,Benchmark family exception,India-friendly iron phosphate chemistry; avoids nickel and cobalt. India score 98; QML probability 0.1446; XGBoost probability 0.0054; hybrid probability 0.0888; predicted hull 0.0594.
520,LiFe2(PO4)2,mp-754078,LFP-family,Best near-term purchase direction,45.3319,0.088979,0.14275190755067008,0.0082867965,0.6001,0.3999,QML confident unstable,QML-led ranking signal,False,0.011541149408639727,42.59,94,0.053431526,1.6166,False,Benchmark family exception,India-friendly iron phosphate chemistry; avoids nickel and cobalt. India score 94; QML probability 0.1428; XGBoost probability 0.0083; hybrid probability 0.0890; predicted hull 0.0534.
521,LiFe2P5O16,mp-26184,LFP-family,Best near-term purchase direction,45.2884,0.089206,0.14285956083224524,0.00872554,0.6,0.4,QML confident unstable,QML-led ranking signal,False,0.011479790678728771,42.74,98,0.059769437,2.5853,False,Benchmark family exception,India-friendly iron phosphate chemistry; avoids nickel and cobalt. India score 98; QML probability 0.1429; XGBoost probability 0.0087; hybrid probability 0.0892; predicted hull 0.0598.
522,LiFe(PO3)4,mp-26269,LFP-family,Best near-term purchase direction,45.2742,0.089435,0.1436650649786007,0.008292869,0.5994,0.4006,QML confident unstable,QML-led ranking signal,False,0.010394181871196536,42.7,98,0.059865877,2.3543,False,Benchmark family exception,India-friendly iron phosphate chemistry; avoids nickel and cobalt. India score 98; QML probability 0.1437; XGBoost probability 0.0083; hybrid probability 0.0894; predicted hull 0.0599.
523,Li4FeNi3(PO4)4,mp-766022,LFP-family,Best near-term purchase direction,45.2581,0.087952,0.14281377436788195,0.00565961,0.6,0.4,QML confident unstable,QML-led ranking signal,False,0.011462009075582475,42.45,94,0.053524677,3.0231,False,Benchmark family exception,India-friendly iron phosphate chemistry; avoids nickel and cobalt. India score 94; QML probability 0.1428; XGBoost probability 0.0057; hybrid probability 0.0880; predicted hull 0.0535.
524,Li4Mn3NbFe2(PO4)6,mp-1177427,LMFP-family,Good pilot and next-generation option,45.2453,0.086528,0.14226963918488084,0.0027766477,0.6004,0.3996,QML confident unstable,QML-led ranking signal,False,0.01237946034595781,42.28,92,0.050219286,0.5376,False,Benchmark family exception,LFP-like family with manganese; useful for improving performance. India score 92; QML probability 0.1423; XGBoost probability 0.0028; hybrid probability 0.0865; predicted hull 0.0502.
525,Li5Fe3Ni2(PO4)6,mp-776686,LFP-family,Best near-term purchase direction,45.2018,0.095732,0.14247119522409074,0.02553501,0.6003,0.3997,QML confident unstable,QML-led ranking signal,False,0.011988196485907012,42.75,90,0.049512617,2.3974,False,Benchmark family exception,India-friendly iron phosphate chemistry; avoids nickel and cobalt. India score 90; QML probability 0.1425; XGBoost probability 0.0255; hybrid probability 0.0957; predicted hull 0.0495.
526,Li2Fe(PO3)4,mp-759012,LFP-family,Best near-term purchase direction,45.1861,0.087979,0.14354641455258457,0.004800734,0.5995,0.4005,QML confident unstable,QML-led ranking signal,False,0.010533514189771217,42.35,94,0.053840153,3.7503,False,Benchmark family exception,India-friendly iron phosphate chemistry; avoids nickel and cobalt. India score 94; QML probability 0.1435; XGBoost probability 0.0048; hybrid probability 0.0880; predicted hull 0.0538.
527,LiFePO4,mp-765634,LFP-family,Best near-term purchase direction,45.1837,0.087918,0.1434219764833899,0.004800734,0.5996,0.4004,QML confident unstable,QML-led ranking signal,False,0.010606225867243078,42.35,94,0.053840153,3.7244,False,Benchmark family exception,India-friendly iron phosphate chemistry; avoids nickel and cobalt. India score 94; QML probability 0.1434; XGBoost probability 0.0048; hybrid probability 0.0879; predicted hull 0.0538.
528,Li3MnFeCo(PO4)3,mp-761258,LMFP-family,Good pilot and next-generation option,45.1669,0.090255,0.14276432451802043,0.011458594,0.6001,0.3999,QML confident unstable,QML-led ranking signal,False,0.0116165757079353,42.43,92,0.051431697,2.2515,False,Benchmark family exception,LFP-like family with manganese; useful for improving performance. India score 92; QML probability 0.1428; XGBoost probability 0.0115; hybrid probability 0.0903; predicted hull 0.0514.
529,Li3MnFeCo(PO4)3,mp-1177594,LMFP-family,Good pilot and next-generation option,45.1577,0.090075,0.14276423634939545,0.011008804,0.6001,0.3999,QML confident unstable,QML-led ranking signal,False,0.01161684506209962,42.41,92,0.051431697,2.3362,False,Benchmark family exception,LFP-like family with manganese; useful for improving performance. India score 92; QML probability 0.1428; XGBoost probability 0.0110; hybrid probability 0.0901; predicted hull 0.0514.
530,Li3FePCO7,mp-766624,LFP-family,Best near-term purchase direction,45.1532,0.089624,0.1433263374181044,0.009170992,0.5997,0.4003,QML confident unstable,QML-led ranking signal,False,0.01067486884375965,42.53,96,0.057423867,2.3987,False,Benchmark family exception,India-friendly iron phosphate chemistry; avoids nickel and cobalt. India score 96; QML probability 0.1433; XGBoost probability 0.0092; hybrid probability 0.0896; predicted hull 0.0574.
531,Li2Fe3P9O28,mp-758205,LFP-family,Best near-term purchase direction,45.1494,0.090108,0.14241497688445123,0.011549693,0.6003,0.3997,QML confident unstable,QML-led ranking signal,False,0.012127559757618882,42.51,94,0.05452936,2.6563,False,Benchmark family exception,India-friendly iron phosphate chemistry; avoids nickel and cobalt. India score 94; QML probability 0.1424; XGBoost probability 0.0115; hybrid probability 0.0901; predicted hull 0.0545.
532,Li3MnFeCo(PO4)3,mp-1177593,LMFP-family,Good pilot and next-generation option,45.1491,0.089911,0.14276424531705756,0.010598238,0.6001,0.3999,QML confident unstable,QML-led ranking signal,False,0.01161681766674132,42.39,92,0.051431697,2.4137,False,Benchmark family exception,LFP-like family with manganese; useful for improving performance. India score 92; QML probability 0.1428; XGBoost probability 0.0106; hybrid probability 0.0899; predicted hull 0.0514.
533,Li3MnFeCo(PO4)3,mp-1177597,LMFP-family,Good pilot and next-generation option,45.1491,0.089911,0.14276471026518228,0.010598238,0.6001,0.3999,QML confident unstable,QML-led ranking signal,False,0.011615397062047714,42.39,92,0.051431697,2.4486,False,Benchmark family exception,LFP-like family with manganese; useful for improving performance. India score 92; QML probability 0.1428; XGBoost probability 0.0106; hybrid probability 0.0899; predicted hull 0.0514.
534,Li3MnFeCo(PO4)3,mp-1177625,LMFP-family,Good pilot and next-generation option,45.1491,0.089911,0.1427640628516813,0.010598238,0.6001,0.3999,QML confident unstable,QML-led ranking signal,False,0.01161737504785646,42.39,92,0.051431697,2.4151,False,Benchmark family exception,LFP-like family with manganese; useful for improving performance. India score 92; QML probability 0.1428; XGBoost probability 0.0106; hybrid probability 0.0899; predicted hull 0.0514.
535,Li4Mn3Fe(PO4)4,mp-849356,LMFP-family,Good pilot and next-generation option,45.1363,0.087571,0.1422554276423465,0.0054065897,0.6004,0.3996,QML confident unstable,QML-led ranking signal,False,0.012468224414682568,42.48,97,0.058572665,3.5657,False,Benchmark family exception,LFP-like family with manganese; useful for improving performance. India score 97; QML probability 0.1423; XGBoost probability 0.0054; hybrid probability 0.0876; predicted hull 0.0586.
536,Li3MnFeCo(PO4)3,mp-1177623,LMFP-family,Good pilot and next-generation option,45.0577,0.090291,0.14276504919003608,0.011546306,0.6001,0.3999,QML confident unstable,QML-led ranking signal,False,0.011614361220829157,42.33,92,0.05193458,2.1681,False,Benchmark family exception,LFP-like family with manganese; useful for improving performance. India score 92; QML probability 0.1428; XGBoost probability 0.0115; hybrid probability 0.0903; predicted hull 0.0519.
537,Li3MnFeCo(PO4)3,mp-764708,LMFP-family,Good pilot and next-generation option,45.0575,0.090255,0.14276431086979002,0.011458594,0.6001,0.3999,QML confident unstable,QML-led ranking signal,False,0.011616617404217733,42.33,92,0.051928643,2.2194,False,Benchmark family exception,LFP-like family with manganese; useful for improving performance. India score 92; QML probability 0.1428; XGBoost probability 0.0115; hybrid probability 0.0903; predicted hull 0.0519.
538,Li3FePCO7,mp-766696,LFP-family,Best near-term purchase direction,45.0398,0.08958,0.14332425417796474,0.00906508,0.5997,0.4003,QML confident unstable,QML-led ranking signal,False,0.010676459958557443,42.42,96,0.05792675,1.9357,False,Benchmark family exception,India-friendly iron phosphate chemistry; avoids nickel and cobalt. India score 96; QML probability 0.1433; XGBoost probability 0.0091; hybrid probability 0.0896; predicted hull 0.0579.
539,Li2Fe5(PO4)4,mp-540431,LFP-family,Best near-term purchase direction,45.0073,0.088139,0.1425635559257333,0.006434221,0.6002,0.3998,QML confident unstable,QML-led ranking signal,False,0.011830609799509288,42.34,96,0.05776151,3.5628,False,Benchmark family exception,India-friendly iron phosphate chemistry; avoids nickel and cobalt. India score 96; QML probability 0.1426; XGBoost probability 0.0064; hybrid probability 0.0881; predicted hull 0.0578.
540,LiFePO4,mp-774251,LFP-family,Best near-term purchase direction,45.0007,0.088001,0.14246053324369867,0.0062096934,0.6003,0.3997,QML confident unstable,QML-led ranking signal,False,0.01203457308527475,42.33,96,0.05776151,3.4587,False,Benchmark family exception,India-friendly iron phosphate chemistry; avoids nickel and cobalt. India score 96; QML probability 0.1425; XGBoost probability 0.0062; hybrid probability 0.0880; predicted hull 0.0578.
541,Li4Mn5Fe(PO4)6,mp-776660,LMFP-family,Good pilot and next-generation option,44.9996,0.086138,0.14229566852524375,0.0017601178,0.6004,0.3996,QML confident unstable,QML-led ranking signal,False,0.012327071067263063,42.08,93,0.052769523,0.3211,False,Benchmark family exception,LFP-like family with manganese; useful for improving performance. India score 93; QML probability 0.1423; XGBoost probability 0.0018; hybrid probability 0.0861; predicted hull 0.0528.
542,LiFePO4,mp-1662030,LFP-family,Best near-term purchase direction,44.9941,0.087886,0.14245480164459892,0.0059316116,0.6003,0.3997,QML confident unstable,QML-led ranking signal,False,0.012046174314230254,42.31,96,0.05776151,3.329,False,Benchmark family exception,India-friendly iron phosphate chemistry; avoids nickel and cobalt. India score 96; QML probability 0.1425; XGBoost probability 0.0059; hybrid probability 0.0879; predicted hull 0.0578.
543,LiFe3SiPO8,mp-743761,LFP-family,Best near-term purchase direction,44.9917,0.088749,0.14290928561613983,0.007508545,0.6,0.4,QML confident unstable,QML-led ranking signal,False,0.011224375441881226,42.3,95,0.056441244,2.5673,False,Benchmark family exception,India-friendly iron phosphate chemistry; avoids nickel and cobalt. India score 95; QML probability 0.1429; XGBoost probability 0.0075; hybrid probability 0.0887; predicted hull 0.0564.
544,Li4Fe3P4O15,mp-705404,LFP-family,Best near-term purchase direction,44.9615,0.089453,0.14477693331334845,0.006915991,0.5987,0.4013,QML confident unstable,QML-led ranking signal,False,0.00910440837994775,42.27,96,0.058218144,3.7823,False,Benchmark family exception,India-friendly iron phosphate chemistry; avoids nickel and cobalt. India score 96; QML probability 0.1448; XGBoost probability 0.0069; hybrid probability 0.0895; predicted hull 0.0582.
545,Li7Fe3Ni(PO4)6,mp-775193,LFP-family,Best near-term purchase direction,44.9233,0.095412,0.14589694182344548,0.020342851,0.5979,0.4021,QML confident unstable,QML-led ranking signal,False,0.0069748191016282,42.29,90,0.050610945,2.4261,False,Benchmark family exception,India-friendly iron phosphate chemistry; avoids nickel and cobalt. India score 90; QML probability 0.1459; XGBoost probability 0.0203; hybrid probability 0.0954; predicted hull 0.0506.
546,Li3MnFeCo(PO4)3,mp-759846,LMFP-family,Good pilot and next-generation option,44.8691,0.097399,0.14470275784378756,0.02682711,0.5987,0.4013,QML confident unstable,QML-led ranking signal,False,0.009172648984769542,42.44,90,0.051354367,2.295,False,Benchmark family exception,LFP-like family with manganese; useful for improving performance. India score 90; QML probability 0.1447; XGBoost probability 0.0268; hybrid probability 0.0974; predicted hull 0.0514.
547,Li3Fe3(PO4)4,mp-758514,LFP-family,Best near-term purchase direction,44.8532,0.090849,0.14253516922545878,0.013256249,0.6002,0.3998,QML confident unstable,QML-led ranking signal,False,0.011885969977005988,42.29,94,0.056048937,1.7429,False,Benchmark family exception,India-friendly iron phosphate chemistry; avoids nickel and cobalt. India score 94; QML probability 0.1425; XGBoost probability 0.0133; hybrid probability 0.0908; predicted hull 0.0560.
548,Li4Fe5Ni(PO4)6,mp-760788,LFP-family,Best near-term purchase direction,44.8371,0.088549,0.14249812060790062,0.0075243884,0.6003,0.3997,QML confident unstable,QML-led ranking signal,False,0.01193828834450107,41.94,90,0.049494304,1.5729,False,Benchmark family exception,India-friendly iron phosphate chemistry; avoids nickel and cobalt. India score 90; QML probability 0.1425; XGBoost probability 0.0075; hybrid probability 0.0885; predicted hull 0.0495.
549,Li3Fe3(PO4)4,mp-1177796,LFP-family,Best near-term purchase direction,44.8188,0.091251,0.14248356057890016,0.014307135,0.6003,0.3997,QML confident unstable,QML-led ranking signal,False,0.011988240914632457,42.28,94,0.056296177,2.1425,False,Benchmark family exception,India-friendly iron phosphate chemistry; avoids nickel and cobalt. India score 94; QML probability 0.1425; XGBoost probability 0.0143; hybrid probability 0.0913; predicted hull 0.0563.
550,Li5Fe(P2O7)2,mp-859124,LFP-family,Best near-term purchase direction,44.8092,0.091035,0.142293176876278,0.014020498,0.6004,0.3996,QML confident unstable,QML-led ranking signal,False,0.012385393357648091,42.27,94,0.056296177,2.037,False,Benchmark family exception,India-friendly iron phosphate chemistry; avoids nickel and cobalt. India score 94; QML probability 0.1423; XGBoost probability 0.0140; hybrid probability 0.0910; predicted hull 0.0563.
551,Li3MnFeCo(PO4)3,mp-764912,LMFP-family,Good pilot and next-generation option,44.8077,0.090542,0.1427674544462026,0.012170177,0.6001,0.3999,QML confident unstable,QML-led ranking signal,False,0.011607003019812517,42.12,92,0.053129774,2.0732,False,Benchmark family exception,LFP-like family with manganese; useful for improving performance. India score 92; QML probability 0.1428; XGBoost probability 0.0122; hybrid probability 0.0905; predicted hull 0.0531.
552,Li3MnFeCo(PO4)3,mp-764931,LMFP-family,Good pilot and next-generation option,44.8076,0.09054,0.14276436828511052,0.012170177,0.6001,0.3999,QML confident unstable,QML-led ranking signal,False,0.011616441993930809,42.12,92,0.053129774,2.0595,False,Benchmark family exception,LFP-like family with manganese; useful for improving performance. India score 92; QML probability 0.1428; XGBoost probability 0.0122; hybrid probability 0.0905; predicted hull 0.0531.
553,LiFeP2O7,mp-753018,LFP-family,Best near-term purchase direction,44.8037,0.090949,0.14246465558627056,0.013578157,0.6003,0.3997,QML confident unstable,QML-led ranking signal,False,0.012026246227138252,42.25,94,0.056296177,1.949,False,Benchmark family exception,India-friendly iron phosphate chemistry; avoids nickel and cobalt. India score 94; QML probability 0.1425; XGBoost probability 0.0136; hybrid probability 0.0909; predicted hull 0.0563.
554,Li2FeP2O7,mp-752770,LFP-family,Best near-term purchase direction,44.8005,0.088061,0.1436781936681999,0.0048425687,0.5994,0.4006,QML confident unstable,QML-led ranking signal,False,0.010386588312492022,42.09,96,0.05865452,3.6665,False,Benchmark family exception,India-friendly iron phosphate chemistry; avoids nickel and cobalt. India score 96; QML probability 0.1437; XGBoost probability 0.0048; hybrid probability 0.0881; predicted hull 0.0587.
555,Li3FePCO7,mp-755283,LFP-family,Best near-term purchase direction,44.7862,0.090324,0.14406631767512343,0.009977747,0.5992,0.4008,QML confident unstable,QML-led ranking signal,False,0.009850926830009406,42.2,96,0.059233826,3.9592,False,Benchmark family exception,India-friendly iron phosphate chemistry; avoids nickel and cobalt. India score 96; QML probability 0.1441; XGBoost probability 0.0100; hybrid probability 0.0903; predicted hull 0.0592.
556,LiFe2P2HO8,mp-850747,LFP-family,Best near-term purchase direction,44.774,0.088593,0.14317658304065123,0.006784689,0.5998,0.4002,QML confident unstable,QML-led ranking signal,False,0.010817832618685455,42.03,94,0.055863626,3.2573,False,Benchmark family exception,India-friendly iron phosphate chemistry; avoids nickel and cobalt. India score 94; QML probability 0.1432; XGBoost probability 0.0068; hybrid probability 0.0886; predicted hull 0.0559.
557,LiFe(PO3)3,mp-758685,LFP-family,Best near-term purchase direction,44.7636,0.089468,0.1439107675585064,0.008042799,0.5993,0.4007,QML confident unstable,QML-led ranking signal,False,0.01019313815862774,42.13,96,0.0591408,3.9103,False,Benchmark family exception,India-friendly iron phosphate chemistry; avoids nickel and cobalt. India score 96; QML probability 0.1439; XGBoost probability 0.0080; hybrid probability 0.0895; predicted hull 0.0591.
558,Li2FePHO5,mp-851030,LFP-family,Best near-term purchase direction,44.7629,0.088365,0.1432271522436285,0.0061740666,0.5997,0.4003,QML confident unstable,QML-led ranking signal,False,0.010754511132524814,42.01,94,0.055863626,3.5215,False,Benchmark family exception,India-friendly iron phosphate chemistry; avoids nickel and cobalt. India score 94; QML probability 0.1432; XGBoost probability 0.0062; hybrid probability 0.0884; predicted hull 0.0559.
559,LiFePO4,mp-831160,LFP-family,Best near-term purchase direction,44.7627,0.089447,0.14387426201945408,0.008042799,0.5993,0.4007,QML confident unstable,QML-led ranking signal,False,0.010252799716267818,42.13,96,0.0591408,3.829,False,Benchmark family exception,India-friendly iron phosphate chemistry; avoids nickel and cobalt. India score 96; QML probability 0.1439; XGBoost probability 0.0080; hybrid probability 0.0894; predicted hull 0.0591.
560,Li2FeSn(PO4)2,mp-772178,LFP-family,Best near-term purchase direction,44.7625,0.089056,0.14320594733356312,0.007898393,0.5998,0.4002,QML confident unstable,QML-led ranking signal,False,0.010913099100493685,42.05,94,0.056023546,3.2388,False,Benchmark family exception,India-friendly iron phosphate chemistry; avoids nickel and cobalt. India score 94; QML probability 0.1432; XGBoost probability 0.0079; hybrid probability 0.0891; predicted hull 0.0560.
561,Li3Fe2(PO4)3,mp-504385,LFP-family,Best near-term purchase direction,44.7326,0.089693,0.14341749569774712,0.009239217,0.5996,0.4004,QML confident unstable,QML-led ranking signal,False,0.010673105975465289,42.15,96,0.059350375,2.5408,False,Benchmark family exception,India-friendly iron phosphate chemistry; avoids nickel and cobalt. India score 96; QML probability 0.1434; XGBoost probability 0.0092; hybrid probability 0.0897; predicted hull 0.0594.
562,LiFePH2O5,mp-780431,LFP-family,Best near-term purchase direction,44.7268,0.088629,0.14304755740418654,0.0070361467,0.5999,0.4001,QML confident unstable,QML-led ranking signal,False,0.011021121525529996,42.09,96,0.059136555,3.6815,False,Benchmark family exception,India-friendly iron phosphate chemistry; avoids nickel and cobalt. India score 96; QML probability 0.1430; XGBoost probability 0.0070; hybrid probability 0.0886; predicted hull 0.0591.
563,LiFePO4,mp-753321,LFP-family,Best near-term purchase direction,44.7239,0.091546,0.1437831919718148,0.013385208,0.5994,0.4006,QML confident unstable,QML-led ranking signal,False,0.010383007657534887,42.15,94,0.056764774,3.8149,False,Benchmark family exception,India-friendly iron phosphate chemistry; avoids nickel and cobalt. India score 94; QML probability 0.1438; XGBoost probability 0.0134; hybrid probability 0.0915; predicted hull 0.0568.
564,LiFeP2O7,mp-697758,LFP-family,Best near-term purchase direction,44.7137,0.089345,0.14353099591766144,0.008235537,0.5995,0.4005,QML confident unstable,QML-led ranking signal,False,0.010541188075159172,42.1,96,0.059350375,2.5726,False,Benchmark family exception,India-friendly iron phosphate chemistry; avoids nickel and cobalt. India score 96; QML probability 0.1435; XGBoost probability 0.0082; hybrid probability 0.0893; predicted hull 0.0594.
565,LiFeP2O7,mp-26749,LFP-family,Best near-term purchase direction,44.7136,0.089343,0.14352770668541556,0.008235537,0.5995,0.4005,QML confident unstable,QML-led ranking signal,False,0.01054288314494618,42.1,96,0.059350375,2.5805,False,Benchmark family exception,India-friendly iron phosphate chemistry; avoids nickel and cobalt. India score 96; QML probability 0.1435; XGBoost probability 0.0082; hybrid probability 0.0893; predicted hull 0.0594.
566,LiFe(PO3)4,mp-540356,LFP-family,Best near-term purchase direction,44.6957,0.089669,0.14335606434199077,0.009239217,0.5997,0.4003,QML confident unstable,QML-led ranking signal,False,0.01079509553941917,42.11,96,0.059510294,2.5331,False,Benchmark family exception,India-friendly iron phosphate chemistry; avoids nickel and cobalt. India score 96; QML probability 0.1434; XGBoost probability 0.0092; hybrid probability 0.0897; predicted hull 0.0595.
567,Li3Fe(PO4)2,mp-26773,LFP-family,Best near-term purchase direction,44.6692,0.089708,0.14357762803849985,0.009070698,0.5995,0.4005,QML confident unstable,QML-led ranking signal,False,0.010519504370587745,42.08,96,0.059635565,2.2702,False,Benchmark family exception,India-friendly iron phosphate chemistry; avoids nickel and cobalt. India score 96; QML probability 0.1436; XGBoost probability 0.0091; hybrid probability 0.0897; predicted hull 0.0596.
568,LiFeP2O7,mp-26613,LFP-family,Best near-term purchase direction,44.6691,0.090355,0.1432454534185581,0.011117881,0.5997,0.4003,QML confident unstable,QML-led ranking signal,False,0.01092497892512013,42.14,96,0.059795484,2.2934,False,Benchmark family exception,India-friendly iron phosphate chemistry; avoids nickel and cobalt. India score 96; QML probability 0.1432; XGBoost probability 0.0111; hybrid probability 0.0904; predicted hull 0.0598.
569,LiFe(PO3)4,mp-25963,LFP-family,Best near-term purchase direction,44.667,0.089429,0.1436463970852413,0.008307053,0.5994,0.4006,QML confident unstable,QML-led ranking signal,False,0.01040539411298691,42.06,96,0.059580687,2.5723,False,Benchmark family exception,India-friendly iron phosphate chemistry; avoids nickel and cobalt. India score 96; QML probability 0.1436; XGBoost probability 0.0083; hybrid probability 0.0894; predicted hull 0.0596.
570,Li3Fe3(PO4)4,mp-26307,LFP-family,Best near-term purchase direction,44.6658,0.089624,0.1434785321701567,0.008975884,0.5996,0.4004,QML confident unstable,QML-led ranking signal,False,0.01057037841191731,42.08,96,0.059635565,2.3693,False,Benchmark family exception,India-friendly iron phosphate chemistry; avoids nickel and cobalt. India score 96; QML probability 0.1435; XGBoost probability 0.0090; hybrid probability 0.0896; predicted hull 0.0596.
571,LiFeP2O7,mp-752697,LFP-family,Best near-term purchase direction,44.6554,0.090008,0.14243820441734828,0.011265473,0.6003,0.3997,QML confident unstable,QML-led ranking signal,False,0.012079925907766837,42.06,94,0.056754846,2.746,False,Benchmark family exception,India-friendly iron phosphate chemistry; avoids nickel and cobalt. India score 94; QML probability 0.1424; XGBoost probability 0.0113; hybrid probability 0.0900; predicted hull 0.0568.
572,LiFeP2O7,mp-757908,LFP-family,Best near-term purchase direction,44.6502,0.089333,0.14351995863851244,0.008221474,0.5995,0.4005,QML confident unstable,QML-led ranking signal,False,0.010546952638869135,42.04,96,0.059635565,2.3061,False,Benchmark family exception,India-friendly iron phosphate chemistry; avoids nickel and cobalt. India score 96; QML probability 0.1435; XGBoost probability 0.0082; hybrid probability 0.0893; predicted hull 0.0596.
573,Li6Fe9(PO4)8,mp-25809,LFP-family,Best near-term purchase direction,44.6272,0.089478,0.1425227953263741,0.00984398,0.6002,0.3998,QML confident unstable,QML-led ranking signal,False,0.011910297359878691,41.99,94,0.056754846,2.8714,False,Benchmark family exception,India-friendly iron phosphate chemistry; avoids nickel and cobalt. India score 94; QML probability 0.1425; XGBoost probability 0.0098; hybrid probability 0.0895; predicted hull 0.0568.
574,Li3Fe2(PO4)3,mp-26825,LFP-family,Best near-term purchase direction,44.6246,0.08982,0.14359471716622788,0.009326969,0.5995,0.4005,QML confident unstable,QML-led ranking signal,False,0.010438676604154306,42.05,96,0.059865877,2.2355,False,Benchmark family exception,India-friendly iron phosphate chemistry; avoids nickel and cobalt. India score 96; QML probability 0.1436; XGBoost probability 0.0093; hybrid probability 0.0898; predicted hull 0.0599.
575,Li3Fe3(PO4)4,mp-26807,LFP-family,Best near-term purchase direction,44.6234,0.08979,0.14354339930120824,0.009326969,0.5995,0.4005,QML confident unstable,QML-led ranking signal,False,0.010474514259564678,42.05,96,0.059865877,2.2551,False,Benchmark family exception,India-friendly iron phosphate chemistry; avoids nickel and cobalt. India score 96; QML probability 0.1435; XGBoost probability 0.0093; hybrid probability 0.0898; predicted hull 0.0599.
576,LiFe4(PO4)3,mp-759439,LFP-family,Best near-term purchase direction,44.6225,0.08913,0.14284625639439105,0.008555806,0.6,0.4,QML confident unstable,QML-led ranking signal,False,0.011354018195706361,41.95,94,0.05668847,2.9119,False,Benchmark family exception,India-friendly iron phosphate chemistry; avoids nickel and cobalt. India score 94; QML probability 0.1428; XGBoost probability 0.0086; hybrid probability 0.0891; predicted hull 0.0567.
577,LiFe(PO3)4,mp-25961,LFP-family,Best near-term purchase direction,44.6193,0.089737,0.14363749100270787,0.00905377,0.5995,0.4005,QML confident unstable,QML-led ranking signal,False,0.010410904085904366,42.03,96,0.059865877,2.3734,False,Benchmark family exception,India-friendly iron phosphate chemistry; avoids nickel and cobalt. India score 96; QML probability 0.1436; XGBoost probability 0.0091; hybrid probability 0.0897; predicted hull 0.0599.
578,LiFePO4,mp-758909,LFP-family,Best near-term purchase direction,44.6169,0.088178,0.14251098796923134,0.0066107437,0.6002,0.3998,QML confident unstable,QML-led ranking signal,False,0.011933623649364487,41.9,94,0.05650114,3.6487,False,Benchmark family exception,India-friendly iron phosphate chemistry; avoids nickel and cobalt. India score 94; QML probability 0.1425; XGBoost probability 0.0066; hybrid probability 0.0882; predicted hull 0.0565.
579,LiFeP2O7,mp-766136,LFP-family,Best near-term purchase direction,44.616,0.089173,0.1428646938651554,0.0086356215,0.6,0.4,QML confident unstable,QML-led ranking signal,False,0.011459092852129593,42.03,96,0.059769437,2.4911,False,Benchmark family exception,India-friendly iron phosphate chemistry; avoids nickel and cobalt. India score 96; QML probability 0.1429; XGBoost probability 0.0086; hybrid probability 0.0892; predicted hull 0.0598.
580,LiFeP2O7,mp-26358,LFP-family,Best near-term purchase direction,44.616,0.089172,0.14286278384967802,0.0086356215,0.6,0.4,QML confident unstable,QML-led ranking signal,False,0.01146685287862759,42.03,96,0.059769437,2.5393,False,Benchmark family exception,India-friendly iron phosphate chemistry; avoids nickel and cobalt. India score 96; QML probability 0.1429; XGBoost probability 0.0086; hybrid probability 0.0892; predicted hull 0.0598.
581,Li2FeP2O7,mp-757481,LFP-family,Best near-term purchase direction,44.5965,0.089393,0.14357639721564613,0.00828628,0.5995,0.4005,QML confident unstable,QML-led ranking signal,False,0.010520014037803735,41.99,96,0.059891205,1.7603,False,Benchmark family exception,India-friendly iron phosphate chemistry; avoids nickel and cobalt. India score 96; QML probability 0.1436; XGBoost probability 0.0083; hybrid probability 0.0894; predicted hull 0.0599.
582,LiFePO4,mp-1661570,LFP-family,Best near-term purchase direction,44.5653,0.088614,0.1438933808857767,0.0059369844,0.5993,0.4007,QML confident unstable,QML-led ranking signal,False,0.010049933223479192,41.9,96,0.059846353,3.8605,False,Benchmark family exception,India-friendly iron phosphate chemistry; avoids nickel and cobalt. India score 96; QML probability 0.1439; XGBoost probability 0.0059; hybrid probability 0.0886; predicted hull 0.0598.
583,LiFePO4,mp-753407,LFP-family,Best near-term purchase direction,44.5213,0.08803,0.14274129102909303,0.0059300205,0.6001,0.3999,QML confident unstable,QML-led ranking signal,False,0.011568848965062516,41.79,94,0.05689428,3.5661,False,Benchmark family exception,India-friendly iron phosphate chemistry; avoids nickel and cobalt. India score 94; QML probability 0.1427; XGBoost probability 0.0059; hybrid probability 0.0880; predicted hull 0.0569.
584,LiFePO4,mp-1176699,LFP-family,Best near-term purchase direction,44.5109,0.08782,0.1426574484242242,0.0055304156,0.6001,0.3999,QML confident unstable,QML-led ranking signal,False,0.01170566580921576,41.77,94,0.05689428,3.3194,False,Benchmark family exception,India-friendly iron phosphate chemistry; avoids nickel and cobalt. India score 94; QML probability 0.1427; XGBoost probability 0.0055; hybrid probability 0.0878; predicted hull 0.0569.
585,Li2FeP2O7,mp-772539,LFP-family,Best near-term purchase direction,44.5094,0.087782,0.1425802391375393,0.0055167847,0.6002,0.3998,QML confident unstable,QML-led ranking signal,False,0.011885383299921575,41.77,94,0.05689428,3.464,False,Benchmark family exception,India-friendly iron phosphate chemistry; avoids nickel and cobalt. India score 94; QML probability 0.1426; XGBoost probability 0.0055; hybrid probability 0.0878; predicted hull 0.0569.
586,Li2Fe(PO3)4,mp-758941,LFP-family,Best near-term purchase direction,44.4942,0.093621,0.14149106032118663,0.021515438,0.601,0.399,QML confident unstable,QML-led ranking signal,False,0.011662924884614147,42.2,94,0.05835331,2.2976,False,Benchmark family exception,India-friendly iron phosphate chemistry; avoids nickel and cobalt. India score 94; QML probability 0.1415; XGBoost probability 0.0215; hybrid probability 0.0936; predicted hull 0.0584.
587,Li2FeNi(PO4)2,mp-756268,LFP-family,Best near-term purchase direction,44.4582,0.089188,0.14321048026987857,0.008222006,0.5998,0.4002,QML confident unstable,QML-led ranking signal,False,0.01091361368848454,41.78,94,0.057436448,3.0324,False,Benchmark family exception,India-friendly iron phosphate chemistry; avoids nickel and cobalt. India score 94; QML probability 0.1432; XGBoost probability 0.0082; hybrid probability 0.0892; predicted hull 0.0574.
588,Li3MnFeCo(PO4)3,mp-1177589,LMFP-family,Good pilot and next-generation option,44.3876,0.090259,0.14277091845082762,0.011458594,0.6001,0.3999,QML confident unstable,QML-led ranking signal,False,0.011596383151936746,41.63,90,0.051928643,2.2157,False,Benchmark family exception,LFP-like family with manganese; useful for improving performance. India score 90; QML probability 0.1428; XGBoost probability 0.0115; hybrid probability 0.0903; predicted hull 0.0519.
589,LiFePO4,mp-757455,LFP-family,Best near-term purchase direction,44.3311,0.08801,0.14247500709069133,0.0062096934,0.6003,0.3997,QML confident unstable,QML-led ranking signal,False,0.012005399528382756,41.63,94,0.05776151,3.4957,False,Benchmark family exception,India-friendly iron phosphate chemistry; avoids nickel and cobalt. India score 94; QML probability 0.1425; XGBoost probability 0.0062; hybrid probability 0.0880; predicted hull 0.0578.
590,LiFePO4,mp-765605,LFP-family,Best near-term purchase direction,44.3311,0.08801,0.14247474722675574,0.0062096934,0.6003,0.3997,QML confident unstable,QML-led ranking signal,False,0.012005921772068684,41.63,94,0.05776151,3.4959,False,Benchmark family exception,India-friendly iron phosphate chemistry; avoids nickel and cobalt. India score 94; QML probability 0.1425; XGBoost probability 0.0062; hybrid probability 0.0880; predicted hull 0.0578.
591,LiFe4(PO4)3,mp-758778,LFP-family,Best near-term purchase direction,44.3276,0.087973,0.14262221842795797,0.0059316116,0.6002,0.3998,QML confident unstable,QML-led ranking signal,False,0.011718119442822155,41.61,94,0.05776151,3.3552,False,Benchmark family exception,India-friendly iron phosphate chemistry; avoids nickel and cobalt. India score 94; QML probability 0.1426; XGBoost probability 0.0059; hybrid probability 0.0880; predicted hull 0.0578.
592,LiFePO4,mp-758926,LFP-family,Best near-term purchase direction,44.3123,0.089849,0.1446493571658325,0.008091189,0.5987,0.4013,QML confident unstable,QML-led ranking signal,False,0.009283776535118936,41.62,94,0.058218144,3.9004,False,Benchmark family exception,India-friendly iron phosphate chemistry; avoids nickel and cobalt. India score 94; QML probability 0.1446; XGBoost probability 0.0081; hybrid probability 0.0898; predicted hull 0.0582.
593,LiFePO4,mp-765651,LFP-family,Best near-term purchase direction,44.2495,0.09347,0.14923200286107852,0.011376834,0.5955,0.4045,QML confident unstable,QML-led ranking signal,False,0.010024156629914353,41.57,94,0.05923168,3.4343,False,Benchmark family exception,India-friendly iron phosphate chemistry; avoids nickel and cobalt. India score 94; QML probability 0.1492; XGBoost probability 0.0114; hybrid probability 0.0935; predicted hull 0.0592.
594,LiFePO4,mp-26611,LFP-family,Best near-term purchase direction,44.2455,0.093397,0.14911181041000762,0.011340299,0.5956,0.4044,QML confident unstable,QML-led ranking signal,False,0.009315674520490948,41.56,94,0.05923168,3.5237,False,Benchmark family exception,India-friendly iron phosphate chemistry; avoids nickel and cobalt. India score 94; QML probability 0.1491; XGBoost probability 0.0113; hybrid probability 0.0934; predicted hull 0.0592.
595,LiFePO4,mp-765635,LFP-family,Best near-term purchase direction,44.1754,0.08793,0.14344198266761088,0.004800734,0.5996,0.4004,QML confident unstable,QML-led ranking signal,False,0.010593088176593534,41.43,94,0.05842421,3.6821,False,Benchmark family exception,India-friendly iron phosphate chemistry; avoids nickel and cobalt. India score 94; QML probability 0.1434; XGBoost probability 0.0048; hybrid probability 0.0879; predicted hull 0.0584.
596,LiFePO4,mp-757653,LFP-family,Best near-term purchase direction,44.1745,0.087908,0.14340478955837446,0.004800734,0.5996,0.4004,QML confident unstable,QML-led ranking signal,False,0.010617877276690486,41.43,94,0.05842421,3.6826,False,Benchmark family exception,India-friendly iron phosphate chemistry; avoids nickel and cobalt. India score 94; QML probability 0.1434; XGBoost probability 0.0048; hybrid probability 0.0879; predicted hull 0.0584.
597,Li3MnFeCo(PO4)3,mp-764867,LMFP-family,Good pilot and next-generation option,44.1378,0.090545,0.14277290119025,0.012170177,0.6001,0.3999,QML confident unstable,QML-led ranking signal,False,0.011590291893452802,41.42,90,0.053129774,2.0843,False,Benchmark family exception,LFP-like family with manganese; useful for improving performance. India score 90; QML probability 0.1428; XGBoost probability 0.0122; hybrid probability 0.0905; predicted hull 0.0531.
598,LiFe2P5O16,mp-758470,LFP-family,Best near-term purchase direction,44.1253,0.089221,0.14287886811714215,0.00873452,0.6,0.4,QML confident unstable,QML-led ranking signal,False,0.011398781489713489,41.5,94,0.058967482,2.6611,False,Benchmark family exception,India-friendly iron phosphate chemistry; avoids nickel and cobalt. India score 94; QML probability 0.1429; XGBoost probability 0.0087; hybrid probability 0.0892; predicted hull 0.0590.
599,LiFe5P3O13,mp-758965,LFP-family,Best near-term purchase direction,44.1185,0.090137,0.142717308673377,0.011232813,0.6001,0.3999,QML confident unstable,QML-led ranking signal,False,0.011540920472138349,41.56,94,0.059214756,2.9798,False,Benchmark family exception,India-friendly iron phosphate chemistry; avoids nickel and cobalt. India score 94; QML probability 0.1427; XGBoost probability 0.0112; hybrid probability 0.0901; predicted hull 0.0592.
600,LiFePO4,mp-1176761,LFP-family,Best near-term purchase direction,44.0922,0.089434,0.14385266428473617,0.008042799,0.5993,0.4007,QML confident unstable,QML-led ranking signal,False,0.010288319713370159,41.43,94,0.0591408,3.9108,False,Benchmark family exception,India-friendly iron phosphate chemistry; avoids nickel and cobalt. India score 94; QML probability 0.1439; XGBoost probability 0.0080; hybrid probability 0.0894; predicted hull 0.0591.
601,Li7Fe2P7O24,mp-757222,LFP-family,Best near-term purchase direction,44.0657,0.089769,0.14348121900638294,0.009335361,0.5996,0.4004,QML confident unstable,QML-led ranking signal,False,0.010655740806596675,41.45,94,0.059350375,2.5575,False,Benchmark family exception,India-friendly iron phosphate chemistry; avoids nickel and cobalt. India score 94; QML probability 0.1435; XGBoost probability 0.0093; hybrid probability 0.0898; predicted hull 0.0594.
602,LiFe(PO3)3,mp-758723,LFP-family,Best near-term purchase direction,44.0597,0.08891,0.1439669920031177,0.0065982803,0.5992,0.4008,QML confident unstable,QML-led ranking signal,False,0.009983317187079965,41.36,94,0.05916349,4.2063,False,Benchmark family exception,India-friendly iron phosphate chemistry; avoids nickel and cobalt. India score 94; QML probability 0.1440; XGBoost probability 0.0066; hybrid probability 0.0889; predicted hull 0.0592.
603,Li3Fe(PO4)2,mp-757240,LFP-family,Best near-term purchase direction,44.0435,0.08934,0.14355042501640763,0.008193004,0.5995,0.4005,QML confident unstable,QML-led ranking signal,False,0.010531595049275765,41.4,94,0.059350375,2.4927,False,Benchmark family exception,India-friendly iron phosphate chemistry; avoids nickel and cobalt. India score 94; QML probability 0.1436; XGBoost probability 0.0082; hybrid probability 0.0893; predicted hull 0.0594.
604,LiFeP2O7,mp-758771,LFP-family,Best near-term purchase direction,44.0432,0.089332,0.14350876766242748,0.008235537,0.5995,0.4005,QML confident unstable,QML-led ranking signal,False,0.010553012857151224,41.4,94,0.059350375,2.5909,False,Benchmark family exception,India-friendly iron phosphate chemistry; avoids nickel and cobalt. India score 94; QML probability 0.1435; XGBoost probability 0.0082; hybrid probability 0.0893; predicted hull 0.0594.
605,LiFeP2O7,mp-758072,LFP-family,Best near-term purchase direction,44.0431,0.08933,0.1435049042928049,0.008235537,0.5995,0.4005,QML confident unstable,QML-led ranking signal,False,0.010555153060170309,41.4,94,0.059350375,2.5562,False,Benchmark family exception,India-friendly iron phosphate chemistry; avoids nickel and cobalt. India score 94; QML probability 0.1435; XGBoost probability 0.0082; hybrid probability 0.0893; predicted hull 0.0594.
606,LiFe(PO3)4,mp-759362,LFP-family,Best near-term purchase direction,44.0428,0.089322,0.1435201399183527,0.008193004,0.5995,0.4005,QML confident unstable,QML-led ranking signal,False,0.01054685622095465,41.4,94,0.059350375,2.4753,False,Benchmark family exception,India-friendly iron phosphate chemistry; avoids nickel and cobalt. India score 94; QML probability 0.1435; XGBoost probability 0.0082; hybrid probability 0.0893; predicted hull 0.0594.
607,LiFe(PO3)4,mp-758790,LFP-family,Best near-term purchase direction,44.0427,0.089319,0.14351518129979732,0.008193004,0.5995,0.4005,QML confident unstable,QML-led ranking signal,False,0.010549513914469063,41.4,94,0.059350375,2.4819,False,Benchmark family exception,India-friendly iron phosphate chemistry; avoids nickel and cobalt. India score 94; QML probability 0.1435; XGBoost probability 0.0082; hybrid probability 0.0893; predicted hull 0.0594.
608,LiFe(PO3)4,mp-758534,LFP-family,Best near-term purchase direction,44.0426,0.089316,0.1434875042122092,0.008193004,0.5996,0.4004,QML confident unstable,QML-led ranking signal,False,0.010565082032562343,41.4,94,0.059350375,2.5387,False,Benchmark family exception,India-friendly iron phosphate chemistry; avoids nickel and cobalt. India score 94; QML probability 0.1435; XGBoost probability 0.0082; hybrid probability 0.0893; predicted hull 0.0594.
609,LiFeP2O7,mp-758535,LFP-family,Best near-term purchase direction,44.0425,0.089314,0.14350702448943164,0.008193004,0.5995,0.4005,QML confident unstable,QML-led ranking signal,False,0.010553975539898232,41.4,94,0.059350375,2.4679,False,Benchmark family exception,India-friendly iron phosphate chemistry; avoids nickel and cobalt. India score 94; QML probability 0.1435; XGBoost probability 0.0082; hybrid probability 0.0893; predicted hull 0.0594.
610,LiFePO4,mp-772409,LFP-family,Best near-term purchase direction,44.0419,0.089299,0.14343112674949715,0.008235537,0.5996,0.4004,QML confident unstable,QML-led ranking signal,False,0.010600158597272936,41.4,94,0.059350375,2.5969,False,Benchmark family exception,India-friendly iron phosphate chemistry; avoids nickel and cobalt. India score 94; QML probability 0.1434; XGBoost probability 0.0082; hybrid probability 0.0893; predicted hull 0.0594.
611,Li3Fe(PO4)2,mp-757451,LFP-family,Best near-term purchase direction,44.0319,0.089774,0.14324741541005362,0.009665148,0.5997,0.4003,QML confident unstable,QML-led ranking signal,False,0.010926125539100105,41.43,94,0.059510294,2.4843,False,Benchmark family exception,India-friendly iron phosphate chemistry; avoids nickel and cobalt. India score 94; QML probability 0.1432; XGBoost probability 0.0097; hybrid probability 0.0898; predicted hull 0.0595.
612,LiFe(PO3)4,mp-758777,LFP-family,Best near-term purchase direction,44.0142,0.089415,0.14359362280637183,0.008315605,0.5995,0.4005,QML confident unstable,QML-led ranking signal,False,0.010439413673999262,41.37,94,0.059497144,2.6516,False,Benchmark family exception,India-friendly iron phosphate chemistry; avoids nickel and cobalt. India score 94; QML probability 0.1436; XGBoost probability 0.0083; hybrid probability 0.0894; predicted hull 0.0595.
613,LiFe(PO3)4,mp-758883,LFP-family,Best near-term purchase direction,43.9978,0.089672,0.1435180400298846,0.009070698,0.5995,0.4005,QML confident unstable,QML-led ranking signal,False,0.01054797657194022,41.38,94,0.059635565,2.2948,False,Benchmark family exception,India-friendly iron phosphate chemistry; avoids nickel and cobalt. India score 94; QML probability 0.1435; XGBoost probability 0.0091; hybrid probability 0.0897; predicted hull 0.0596.
614,LiFeP2O7,mp-695816,LFP-family,Best near-term purchase direction,43.9964,0.089637,0.1434814425326245,0.009005816,0.5996,0.4004,QML confident unstable,QML-led ranking signal,False,0.010568647660495359,41.38,94,0.059635565,2.4269,False,Benchmark family exception,India-friendly iron phosphate chemistry; avoids nickel and cobalt. India score 94; QML probability 0.1435; XGBoost probability 0.0090; hybrid probability 0.0896; predicted hull 0.0596.
615,LiFePO4,mp-1104261,LFP-family,Best near-term purchase direction,43.9905,0.08792,0.1425334283405197,0.0059316116,0.6002,0.3998,QML confident unstable,QML-led ranking signal,False,0.011889385345096096,41.26,93,0.05776151,3.2893,False,Benchmark family exception,India-friendly iron phosphate chemistry; avoids nickel and cobalt. India score 93; QML probability 0.1425; XGBoost probability 0.0059; hybrid probability 0.0879; predicted hull 0.0578.
616,LiFe(PO3)4,mp-758566,LFP-family,Best near-term purchase direction,43.9897,0.08952,0.14349909042298892,0.008685719,0.5996,0.4004,QML confident unstable,QML-led ranking signal,False,0.010558418683649075,41.36,94,0.059635565,2.4002,False,Benchmark family exception,India-friendly iron phosphate chemistry; avoids nickel and cobalt. India score 94; QML probability 0.1435; XGBoost probability 0.0087; hybrid probability 0.0895; predicted hull 0.0596.
617,Li3Fe(PO4)2,mp-757649,LFP-family,Best near-term purchase direction,43.9569,0.089978,0.1435199946144497,0.009832516,0.5995,0.4005,QML confident unstable,QML-led ranking signal,False,0.01054693349969573,41.36,94,0.059891205,1.7471,False,Benchmark family exception,India-friendly iron phosphate chemistry; avoids nickel and cobalt. India score 94; QML probability 0.1435; XGBoost probability 0.0098; hybrid probability 0.0900; predicted hull 0.0599.
618,Li3Fe5(PO4)6,mp-1177652,LFP-family,Best near-term purchase direction,43.9307,0.089347,0.14347394981030462,0.008292869,0.5996,0.4004,QML confident unstable,QML-led ranking signal,False,0.01052670150245117,41.3,94,0.059865877,2.3546,False,Benchmark family exception,India-friendly iron phosphate chemistry; avoids nickel and cobalt. India score 94; QML probability 0.1435; XGBoost probability 0.0083; hybrid probability 0.0893; predicted hull 0.0599.
619,Li2FePO5,mp-861176,LFP-family,Best near-term purchase direction,43.9127,0.089098,0.14339540415757795,0.007786889,0.5996,0.4004,QML confident unstable,QML-led ranking signal,False,0.010624375104174626,41.27,94,0.059891205,1.626,False,Benchmark family exception,India-friendly iron phosphate chemistry; avoids nickel and cobalt. India score 94; QML probability 0.1434; XGBoost probability 0.0078; hybrid probability 0.0891; predicted hull 0.0599.
620,Li2FeP2O7,mp-1575286,LFP-family,Best near-term purchase direction,43.8955,0.088619,0.1439011491935319,0.0059369844,0.5993,0.4007,QML confident unstable,QML-led ranking signal,False,0.010071116161305155,41.2,94,0.059846353,3.9467,False,Benchmark family exception,India-friendly iron phosphate chemistry; avoids nickel and cobalt. India score 94; QML probability 0.1439; XGBoost probability 0.0059; hybrid probability 0.0886; predicted hull 0.0598.
621,LiFePO4,mp-765590,LFP-family,Best near-term purchase direction,43.893,0.088556,0.14379534711979614,0.0059369844,0.5993,0.4007,QML confident unstable,QML-led ranking signal,False,0.010141524203190885,41.2,94,0.059846353,3.8485,False,Benchmark family exception,India-friendly iron phosphate chemistry; avoids nickel and cobalt. India score 94; QML probability 0.1438; XGBoost probability 0.0059; hybrid probability 0.0886; predicted hull 0.0598.
622,Li2Fe3(P2O7)2,mp-655124,LFP-family,Best near-term purchase direction,43.8393,0.087903,0.1433964668684987,0.004800734,0.5996,0.4004,QML confident unstable,QML-led ranking signal,False,0.010623634685282171,41.08,93,0.05842421,3.6884,False,Benchmark family exception,India-friendly iron phosphate chemistry; avoids nickel and cobalt. India score 93; QML probability 0.1434; XGBoost probability 0.0048; hybrid probability 0.0879; predicted hull 0.0584.
623,Li2Fe2Ni(PO4)3,mp-776880,LFP-family,Best near-term purchase direction,43.8329,0.088729,0.14277508021126584,0.0076261954,0.6001,0.3999,QML confident unstable,QML-led ranking signal,False,0.011480566342117226,41.02,90,0.05409115,1.4032,False,Benchmark family exception,India-friendly iron phosphate chemistry; avoids nickel and cobalt. India score 90; QML probability 0.1428; XGBoost probability 0.0076; hybrid probability 0.0887; predicted hull 0.0541.
624,Li3MnFeCo(PO4)3,mp-764707,LMFP-family,Good pilot and next-generation option,43.7905,0.090546,0.14277493137549363,0.012170177,0.6001,0.3999,QML confident unstable,QML-led ranking signal,False,0.011584044942459976,41.11,90,0.054711517,1.9995,False,Benchmark family exception,LFP-like family with manganese; useful for improving performance. India score 90; QML probability 0.1428; XGBoost probability 0.0122; hybrid probability 0.0905; predicted hull 0.0547.
625,Li3MnFeCo(PO4)3,mp-764969,LMFP-family,Good pilot and next-generation option,43.7905,0.090545,0.1427733607793584,0.012170177,0.6001,0.3999,QML confident unstable,QML-led ranking signal,False,0.011588878613923584,41.11,90,0.054711517,2.0076,False,Benchmark family exception,LFP-like family with manganese; useful for improving performance. India score 90; QML probability 0.1428; XGBoost probability 0.0122; hybrid probability 0.0905; predicted hull 0.0547.
626,LiFePO4,mp-759092,LFP-family,Best near-term purchase direction,43.7738,0.088665,0.14261424278675866,0.007674295,0.6002,0.3998,QML confident unstable,QML-led ranking signal,False,0.011755419770655386,41.11,93,0.058919027,2.8914,False,Benchmark family exception,India-friendly iron phosphate chemistry; avoids nickel and cobalt. India score 93; QML probability 0.1426; XGBoost probability 0.0077; hybrid probability 0.0887; predicted hull 0.0589.
627,Li5Cr2Fe3(PO4)6,mp-758409,LFP-family,Best near-term purchase direction,43.6547,0.087966,0.14235678054891143,0.0062442767,0.6004,0.3996,QML confident unstable,QML-led ranking signal,False,0.012206313629402037,40.97,93,0.059304778,1.1066,False,Benchmark family exception,India-friendly iron phosphate chemistry; avoids nickel and cobalt. India score 93; QML probability 0.1424; XGBoost probability 0.0062; hybrid probability 0.0880; predicted hull 0.0593.
628,Li4Fe2Ni3Sn(PO4)6,mp-780843,LFP-family,Best near-term purchase direction,43.5662,0.087698,0.1425476359691527,0.0053550024,0.6002,0.3998,QML confident unstable,QML-led ranking signal,False,0.011847844782434351,40.73,90,0.055073366,3.0536,False,Benchmark family exception,India-friendly iron phosphate chemistry; avoids nickel and cobalt. India score 90; QML probability 0.1425; XGBoost probability 0.0054; hybrid probability 0.0877; predicted hull 0.0551.
629,Li4Fe2Ni3Te(PO4)6,mp-1177446,LFP-family,Best near-term purchase direction,43.299,0.087359,0.14263929085010446,0.0043703197,0.6002,0.3998,QML confident unstable,QML-led ranking signal,False,0.01168478226071285,40.46,90,0.05620671,2.8717,False,Benchmark family exception,India-friendly iron phosphate chemistry; avoids nickel and cobalt. India score 90; QML probability 0.1426; XGBoost probability 0.0044; hybrid probability 0.0874; predicted hull 0.0562.
