material_id,formula,battery_family,india_feasibility_score,india_decision_label,target_is_stable,improved_pca_1,improved_pca_2,improved_pca_3,improved_pca_4,improved_pca_5,improved_pca_6,improved_pca_7,improved_pca_8
mp-859106,Li3Ni2(PO3)7,Other lithium material,49,Caution,0,0.555391,0.334681,0.887355,0.615341,0.589091,0.604191,0.40817,0.223999
mp-774464,LiCo(SO4)2,LCO-family,42,Avoid / Benchmark,0,0.868194,0.092797,0.337883,0.591728,0.567436,1.001789,0.144356,0.457466
mp-1178081,Li12Mn3CoP4(CO7)4,LCO-family,48,Avoid / Benchmark,0,1.0,0.588022,0.072606,0.695973,0.68929,0.642016,0.583643,0.264464
mp-1307939,Li4Co3NiO8,LCO-family,37,Avoid / Benchmark,0,0.86479,0.106783,0.387998,0.587485,0.701113,0.993632,0.296584,0.382098
mp-3252438,LiLa7CeIr6,Other lithium material,61,Caution,1,0.16808,0.446741,0.478318,0.761282,0.516674,0.601393,0.357604,0.154979
mp-1176025,Li9Mn2Co5O16,LCO-family,44,Avoid / Benchmark,0,0.965331,0.002889,0.295962,0.647276,0.640178,0.811868,0.632666,0.231323
mp-10251,LiDyO2,Other lithium material,55,Caution,0,0.532056,0.996839,0.629371,0.330715,0.478414,0.570116,0.526933,0.262287
mp-1316064,Li2V3SbO8,Other lithium material,55,Caution,0,0.558062,0.888052,0.625039,0.725409,0.646429,0.457038,0.385835,0.196107
mp-1222533,Li4SiGe3O10,Silicon-family,77,Research Candidate,0,0.71902,0.194536,0.675803,0.627858,0.443999,0.478573,0.246303,0.26056
mp-3249849,LiCeCdPt3,Other lithium material,51,Caution,1,0.160253,0.442569,0.471912,0.754493,0.522799,0.593172,0.356465,0.156214
mp-777875,LiFeF4,Other lithium material,54,Caution,0,0.241283,0.494586,0.660482,0.819515,0.465254,0.588959,0.429173,0.92382
mp-3249015,LiPmInAg,Other lithium material,61,Caution,1,0.040648,0.358384,0.341415,0.644877,0.690736,0.311886,0.41232,0.329064
mp-757188,Li2MnSi4O11,LMO-family,82,Research Candidate,0,0.686534,0.300848,0.374153,0.620031,0.46317,0.169771,0.47812,0.036639
mp-765412,Li4V3P8O29,Other lithium material,55,Caution,0,0.549016,0.308957,0.868916,0.662824,0.601256,0.612783,0.420361,0.179954
mp-757311,Li2Fe3(Si3O8)2,Silicon-family,80,Research Candidate,0,0.750383,0.187873,0.770482,0.595339,0.45304,0.404148,0.107343,0.599432
mp-1110938,K2LiPrI6,Other lithium material,51,Caution,0,0.046166,0.379895,0.357019,0.59772,0.685307,0.295251,0.403663,0.374741
mp-3247032,LiTmUPt3,Other lithium material,61,Caution,1,0.348958,0.831484,0.473045,0.92827,0.458094,0.606426,0.43737,0.238059
mp-1177159,Li5Fe4(P2O7)4,LFP-family,94,Recommend,0,0.74602,0.174384,0.760272,0.62045,0.458564,0.410165,0.112827,0.574834
mp-759028,Li3Sb3(PO4)4,Other lithium material,53,Caution,0,0.566708,0.902154,0.63775,0.709273,0.637289,0.458266,0.381716,0.215164
mp-3252103,LiTbDyRu,Other lithium material,61,Caution,1,0.039869,0.357924,0.340737,0.645563,0.690582,0.312653,0.412,0.327645
mp-1373887,Li9Mn2Co5O16,LCO-family,39,Avoid / Benchmark,0,0.960374,0.0,0.291667,0.651574,0.639178,0.816745,0.630606,0.222344
mp-3239824,Li2LaPt3,Other lithium material,61,Caution,1,0.133441,0.434367,0.451558,0.742788,0.53173,0.582605,0.360538,0.155792
mp-867926,LiInPd2,Other lithium material,61,Caution,1,0.027479,0.35753,0.332295,0.642657,0.690306,0.312916,0.418735,0.329149
mp-850927,Li2Co(SO4)2,LCO-family,46,Avoid / Benchmark,0,0.755161,0.324788,0.151248,0.512657,0.629785,0.885203,0.0369,0.40636
mp-3329272,Li2PrP2Pd,Other lithium material,63,Caution,1,0.163493,0.444353,0.474616,0.755549,0.521247,0.594533,0.357202,0.157689
mp-3241091,LiBe4Pt,Other lithium material,51,Caution,1,0.032215,0.360038,0.336154,0.647282,0.68631,0.318493,0.419345,0.327816
mp-862554,LiEr2Ir,Other lithium material,61,Caution,1,0.027514,0.357551,0.332325,0.642627,0.690313,0.312882,0.418749,0.329212
mp-1176154,Li9Mn2Co5O16,LCO-family,39,Avoid / Benchmark,0,0.964741,0.002541,0.295448,0.647796,0.640062,0.812448,0.632423,0.230248
mp-550798,Li4CO4,Carbon-family,80,Recommend,0,0.726766,0.790007,0.438957,0.674307,0.474914,0.330935,0.213201,0.294988
mp-1110937,K2LiSbI6,Other lithium material,51,Caution,0,0.041708,0.369758,0.348737,0.615641,0.68921,0.300042,0.406953,0.355899
mp-3202121,LiTiPtRh,Other lithium material,63,Caution,1,0.042225,0.359314,0.342788,0.643489,0.691047,0.310334,0.412967,0.331936
mp-3212582,LiSc(IO3)4,Other lithium material,61,Caution,1,0.549156,0.330077,0.881384,0.622556,0.588451,0.610378,0.406242,0.211319
mp-754303,Li2MnFe3O8,LMO-family,83,Research Candidate,0,0.658864,0.243285,0.408835,0.597865,0.515111,0.065723,0.339137,0.327786
mp-3201482,NaLiMgSe2,Other lithium material,61,Caution,1,0.171012,0.46634,0.491455,0.716204,0.511551,0.586188,0.348319,0.196455
mp-861725,LiTl2Rh,Other lithium material,61,Caution,1,0.025502,0.356364,0.330573,0.644398,0.689916,0.314863,0.417923,0.325547
mp-3239876,LiCe(GeAu)2,Other lithium material,61,Caution,1,0.15683,0.440677,0.46905,0.753598,0.524316,0.59199,0.355652,0.154406
mp-758945,Li5CuHO4,Other lithium material,51,Caution,0,0.425505,0.520036,0.664531,0.619528,0.671489,0.506167,0.31882,0.089781
mp-764760,LiVOF3,Other lithium material,49,Caution,0,0.441565,0.561489,0.733254,0.668388,0.636057,0.528874,0.512142,0.532766
mp-780568,Li4Fe2(PO4)3,LFP-family,96,Recommend,0,0.625168,0.380479,0.554338,0.588868,0.532359,0.303557,0.016506,0.478021
mp-3211656,LiY6IrBr12,Other lithium material,61,Caution,1,0.342211,0.262092,0.723882,0.842591,0.411466,0.752644,0.468168,0.244383
mp-1192210,LiDySn,Other lithium material,61,Caution,1,0.110091,0.524813,0.448271,0.381041,0.372051,0.70229,0.500277,0.187363
mp-11806,LiMgSnPt,Other lithium material,61,Caution,1,0.016202,0.448315,0.337304,0.27926,0.533597,0.426964,0.552368,0.364132
mp-3211823,Ba3Na2(LiSb2)2,Other lithium material,61,Caution,1,0.346492,0.830621,0.471288,0.925666,0.459503,0.604278,0.436634,0.238657
mp-759926,Li2Ti(BO3)2,LTO-family,75,Research Candidate,0,0.733728,0.786898,0.442687,0.666032,0.484535,0.315585,0.2075,0.302267
mp-15797,LiErSe2,Other lithium material,61,Caution,1,0.13101,0.546369,0.471676,0.363798,0.358947,0.703921,0.499183,0.217408
mp-13322,LiGeRh2,Other lithium material,61,Caution,1,0.002401,0.447089,0.327633,0.277596,0.533043,0.428616,0.558523,0.363066
mp-849361,LiVF5,Other lithium material,47,Caution,0,0.338888,0.865016,0.521979,0.96138,0.434076,0.613358,0.635808,0.685935
mp-26701,Li3Sn2(PO4)3,Other lithium material,55,Caution,0,0.559388,0.893066,0.628685,0.715435,0.644564,0.45437,0.383663,0.205627
mp-557268,KLi4AlO4,Other lithium material,61,Caution,1,0.537156,0.994348,0.632392,0.329137,0.481463,0.566728,0.517769,0.259077
mp-552588,LiNbO3,Other lithium material,53,Caution,0,0.338122,0.59454,0.617657,0.179829,0.549217,0.561426,0.451075,0.157267
mp-765512,Li2CuF5,Other lithium material,47,Caution,0,0.206359,0.49532,0.56049,0.859555,0.459654,0.663686,0.569792,0.576176
mp-756590,Li2VFe3O8,Other lithium material,54,Caution,0,0.390149,0.463272,0.695914,0.571242,0.732718,0.381,0.177292,0.401074
mp-760236,Li2VCrP2(O4F)2,Other lithium material,59,Caution,1,0.55906,0.332818,0.928095,0.700948,0.587702,0.610767,0.595869,0.614464
mp-1175358,Li7Mn5O12,LMO-family,80,Research Candidate,0,0.818167,0.664719,0.329642,0.766477,0.425777,0.152213,0.557462,0.111072
mp-504354,LiBi(PO3)4,Other lithium material,63,Caution,1,0.564525,0.912188,0.642604,0.67999,0.635895,0.447312,0.374968,0.239031
mp-4426,Li4SeO5,Other lithium material,61,Caution,1,0.522615,0.982005,0.615729,0.355383,0.483022,0.57877,0.529546,0.232918
mp-770400,Li2AlNiO4,Other lithium material,47,Caution,0,0.556421,0.886642,0.623361,0.726761,0.646955,0.457542,0.385632,0.193547
mp-18220,LiAlSiO4,Silicon-family,87,Research Candidate,1,0.538553,0.511933,0.460749,0.104156,0.375742,0.42171,0.261477,0.286173
mp-1195757,Li2Sn(H5O4)2,Other lithium material,61,Caution,1,0.53418,0.994525,0.630934,0.328153,0.479645,0.569554,0.515229,0.256416
mp-27115,LiMoPO5,Other lithium material,53,Caution,0,0.447626,0.537621,0.686142,0.618215,0.656491,0.517088,0.319884,0.105781
mp-1225887,CsLiZnS2,Li-S or sulfide-family,78,Research Candidate,1,0.365449,0.348607,0.265138,0.703237,0.20542,0.480419,0.025732,0.350061
mp-3887,Li3GaN2,Other lithium material,61,Caution,1,0.019745,0.473466,0.352,0.24966,0.515387,0.432257,0.551405,0.39756
mp-1178044,Li2Cr3NiO8,Other lithium material,47,Caution,0,0.41851,0.52033,0.661202,0.60276,0.676382,0.494641,0.315652,0.100331
mp-3229928,LiTiPt6,Other lithium material,63,Caution,1,0.173231,0.455678,0.484212,0.7742,0.502329,0.620793,0.366797,0.153026
mp-17510,LiGa(WO4)2,Other lithium material,55,Caution,0,0.535522,0.989081,0.628436,0.339517,0.483314,0.569703,0.519863,0.248894
mp-1111072,Li3MnF6,Other lithium material,45,Caution,0,0.126568,0.277582,0.289844,0.752576,0.612096,0.137408,0.950938,0.611039
mp-1097264,BaSrLi2,Other lithium material,46,Caution,0,0.19669,0.469978,0.504355,0.800412,0.477126,0.656741,0.367281,0.141238
mp-1031514,LiMg6AlO8,Other lithium material,51,Caution,0,0.406004,0.543885,0.66893,0.514791,0.679774,0.454173,0.297066,0.169486
mp-3248856,LiLaH6Os,Other lithium material,61,Caution,1,0.047759,0.381567,0.358741,0.603211,0.680043,0.303865,0.402289,0.369139
mp-754051,LiFeF3,Other lithium material,45,Caution,0,0.180164,0.439306,0.596928,0.828404,0.51543,0.550198,0.432141,0.878406
mp-3252420,Li3Pr3HgAs2,Other lithium material,51,Caution,1,0.143343,0.433532,0.458048,0.741014,0.535339,0.576826,0.353809,0.157525
mp-861629,LiMnPd2,Other lithium material,64,Caution,1,0.126531,0.255522,0.240593,0.697689,0.627884,0.131334,0.75249,0.180669
mp-961703,NaLiPt,Other lithium material,46,Caution,0,0.03058,0.362453,0.336713,0.642418,0.683835,0.31992,0.416369,0.329667
mp-763447,Li5Ti2Co5O12,LCO-family,43,Avoid / Benchmark,0,0.879526,0.681907,0.144684,0.666984,0.746965,0.842903,0.267862,0.3886
mp-5853,LiSi2N3,Other lithium material,63,Caution,1,0.213023,0.611406,0.551468,0.379853,0.290671,0.769959,0.499411,0.252644
mp-754966,Li2MnF6,Other lithium material,60,Caution,1,0.270216,0.391523,0.450057,0.842275,0.420238,0.431673,0.888728,0.469212
mp-766971,Li4CrS4,Li-S or sulfide-family,68,Research Candidate,0,0.386742,0.35427,0.277223,0.757009,0.183096,0.523237,0.044504,0.323156
mp-3201968,K4LiBi2Au,Other lithium material,61,Caution,1,0.346927,0.837554,0.475582,0.912833,0.455336,0.603491,0.432259,0.248986
mp-977119,Li3Be,Other lithium material,36,Caution,0,0.11835,0.432189,0.440589,0.748122,0.527635,0.592352,0.365275,0.145737
mp-3250655,BaLi2Nd2Al7,Other lithium material,61,Caution,1,0.154603,0.439427,0.467169,0.753604,0.524972,0.591907,0.355035,0.152562
mp-759040,LiMn2(PO3)5,LMO-family,82,Research Candidate,0,0.837233,0.696182,0.359912,0.703738,0.415767,0.132561,0.536663,0.171093
mp-29364,Li5SbO5,Other lithium material,61,Caution,1,0.526449,0.987044,0.620664,0.349582,0.480305,0.578255,0.528716,0.240686
mp-3229967,Li3Dy3Si2Hg,Other lithium material,53,Caution,1,0.141779,0.432593,0.456677,0.742421,0.535041,0.578366,0.353178,0.154653
mp-1192111,LiEr(WO4)2,Other lithium material,61,Caution,1,0.538114,0.992719,0.631929,0.333303,0.482482,0.567039,0.519489,0.256627
mp-3245894,Li4DyUS6,Li-S or sulfide-family,78,Research Candidate,1,0.530491,0.718122,0.242882,0.873113,0.161097,0.474095,0.107088,0.421356
mp-1235567,LiV4O8,Other lithium material,46,Caution,0,0.552139,0.886398,0.619071,0.741877,0.641005,0.470519,0.395798,0.184102
mp-761221,LiFe2(BO3)2,Other lithium material,54,Caution,0,0.573871,0.286072,0.950656,0.660041,0.616331,0.546567,0.287005,0.488222
mp-1185325,LiCa2Pb,Other lithium material,45,Caution,0,0.026554,0.356984,0.331489,0.643472,0.690124,0.313827,0.418355,0.327463
mp-757325,Li3Ti(PO4)2,LTO-family,77,Research Candidate,0,0.727653,0.766808,0.427719,0.702159,0.493851,0.322452,0.216264,0.267623
mp-3249758,LiSmNi4,Other lithium material,57,Caution,1,0.031309,0.359504,0.335366,0.648079,0.686132,0.319384,0.418973,0.326167
mp-15820,LiHoGe,Other lithium material,61,Caution,1,0.108556,0.523976,0.447007,0.379511,0.373409,0.700389,0.50011,0.187849
mp-3252978,LiNdAlGa2,Other lithium material,61,Caution,1,0.183411,0.454927,0.490876,0.774166,0.504909,0.617017,0.359897,0.153029
mp-756431,Li2CuSnO4,Other lithium material,51,Caution,0,0.41903,0.517226,0.659613,0.612333,0.676386,0.498856,0.317512,0.092162
mp-3209068,Li3MgAs6Pd7,Other lithium material,51,Caution,1,0.155361,0.439874,0.467829,0.752937,0.525121,0.591161,0.355346,0.153943
mp-1120720,Li3InBr6,Other lithium material,53,Caution,0,0.158752,0.46526,0.482658,0.716442,0.510651,0.588636,0.355288,0.194985
mp-675779,Li2Mo3S4,Li-S or sulfide-family,78,Research Candidate,1,0.507499,0.145467,0.481497,0.795455,0.109835,0.632354,0.142254,0.413884
mp-1176183,Li9Mn2Co5O16,LCO-family,43,Avoid / Benchmark,0,0.965129,0.00277,0.295786,0.647454,0.640138,0.812066,0.632583,0.230955
mp-3249593,LiNdMgHg,Other lithium material,51,Caution,1,0.040579,0.35925,0.341886,0.643247,0.690144,0.311905,0.411673,0.330233
mp-3305163,LiCoPtO4,LCO-family,51,Avoid / Benchmark,1,0.740045,0.326425,0.188104,0.517855,0.771434,0.875236,0.190069,0.314622
mp-780850,Li3Mn4(BO3)4,LMO-family,82,Research Candidate,0,0.818855,0.093134,0.584879,0.681012,0.382208,0.295075,0.58045,0.114775
mp-775890,Li7V6(OF)12,Other lithium material,49,Caution,0,0.538948,0.323903,0.908693,0.728755,0.584209,0.628865,0.615448,0.590272
mp-12448,LiSm2OsO6,Other lithium material,61,Caution,1,0.531092,0.967819,0.613653,0.377274,0.494887,0.573931,0.530933,0.215246
mp-1174992,Li7Mn2(CoO4)3,LCO-family,44,Avoid / Benchmark,0,0.965579,0.003035,0.296178,0.647058,0.640227,0.811623,0.632768,0.231775
mp-16181,Li6Ca12Re4N16O3,Other lithium material,61,Caution,1,0.227416,0.488336,0.482495,0.101293,0.731653,0.27893,0.498653,0.294902
mp-37480,LiSbSe2,Other lithium material,55,Caution,0,0.162934,0.451575,0.476594,0.763069,0.509268,0.610377,0.364284,0.156186
mp-1293011,Li2VOF3,Other lithium material,47,Caution,0,0.542997,0.334899,0.917265,0.709142,0.579525,0.624417,0.61124,0.609941
mp-861716,Li2Fe2(SiO3)3,Silicon-family,80,Research Candidate,0,0.580522,0.37264,0.527216,0.515667,0.560053,0.249959,0.0,0.513316
mp-893219,Li5Mn6(BO3)6,LMO-family,75,Research Candidate,0,0.81827,0.093203,0.584602,0.681673,0.381261,0.296764,0.579758,0.11324
mp-557892,BaLi(BS2)3,Li-S or sulfide-family,78,Research Candidate,1,0.503403,0.815459,0.241769,0.489436,0.0,0.586748,0.240617,0.46866
mp-753223,LiVSiO4,Silicon-family,77,Research Candidate,0,0.597518,0.418709,0.480278,0.549576,0.51386,0.355708,0.139504,0.203791
mp-1175317,Li7Mn5O12,LMO-family,82,Research Candidate,0,0.809035,0.093856,0.578344,0.684851,0.377582,0.303053,0.586985,0.110839
mp-759186,LiVF5,Other lithium material,47,Caution,0,0.339533,0.867472,0.523757,0.956943,0.432881,0.612612,0.634656,0.690073
mp-1174632,Li4MnCo2O7,LCO-family,44,Avoid / Benchmark,0,0.967457,0.009901,0.301189,0.634668,0.636929,0.809466,0.629611,0.243419
mp-753754,LiVSiO4,Silicon-family,77,Research Candidate,0,0.732333,0.783591,0.440016,0.671892,0.485843,0.317091,0.208622,0.296178
mp-3261285,LiHo3Ir8,Other lithium material,61,Caution,1,0.153772,0.445248,0.468236,0.759087,0.516568,0.602407,0.363699,0.154098
mp-3253300,Li2NdAgAs2,Other lithium material,51,Caution,1,0.164133,0.447874,0.477017,0.749125,0.519372,0.593733,0.355322,0.163346
mp-559584,LiCaNiF6,Other lithium material,53,Caution,1,0.131926,0.552345,0.51373,0.444279,0.350743,0.714767,0.693797,0.617838
mp-752946,Li2CoSiO4,LCO-family,45,Avoid / Benchmark,0,0.880923,0.694457,0.15285,0.637466,0.743747,0.832947,0.261627,0.41532
mp-1022597,LiMg6Zn,Other lithium material,51,Caution,0,0.22086,0.481073,0.523194,0.815321,0.465163,0.670604,0.373756,0.145728
mp-6270,Ba2LiReO6,Other lithium material,61,Caution,1,0.225994,0.505415,0.490012,0.071888,0.724259,0.27235,0.501707,0.327857
mp-1111291,Li3AlF6,Other lithium material,46,Caution,0,0.042432,0.428178,0.417864,0.610222,0.652116,0.302169,0.596171,0.843524
mp-3323200,Li4IrO5,Other lithium material,61,Caution,1,0.536463,0.308627,0.86034,0.667106,0.596302,0.622285,0.425561,0.1729
mp-766018,Li2Mn(CO3)2,LMO-family,82,Research Candidate,0,0.825775,0.120373,0.604471,0.63266,0.368255,0.288155,0.567329,0.159395
mp-1211106,LiPr2RuO6,Other lithium material,61,Caution,1,0.555886,0.877514,0.617728,0.743664,0.652463,0.458542,0.391423,0.179985
mp-3223992,Li4Tb(SmPb2)2,Other lithium material,51,Caution,1,0.212297,0.470442,0.514622,0.795635,0.484313,0.643186,0.364643,0.152534
mp-25388,Li(NiO2)2,Other lithium material,49,Caution,0,0.231194,0.399694,0.472982,0.468226,0.883025,0.172844,0.372133,0.258162
mp-1290870,Li3Mn(PO4)2,LMO-family,86,Research Candidate,0,0.822251,0.103394,0.592677,0.662628,0.377619,0.291288,0.576214,0.132755
mp-3206970,LiPdRhF6,Other lithium material,57,Caution,1,0.155412,0.469114,0.521266,0.797193,0.503065,0.600243,0.5484,0.591399
mp-801254,LiVFe(P2O7)2,LFP-family,89,Recommend,0,0.7366,0.154914,0.745717,0.647339,0.464107,0.421523,0.103438,0.533157
mp-753130,Li4CuF7,Other lithium material,47,Caution,0,0.333367,0.852635,0.511832,0.982336,0.439367,0.618148,0.639933,0.663906
mp-780191,Li4Co3OF11,LCO-family,37,Avoid / Benchmark,0,0.859118,0.126781,0.433035,0.645879,0.6828,1.00639,0.491629,0.802875
mp-758793,Li2CuSiO4,Silicon-family,77,Research Candidate,0,0.725396,0.764796,0.425355,0.705413,0.493839,0.324711,0.215801,0.262541
mp-3251246,CsLi2TbBi2,Other lithium material,61,Caution,1,0.159076,0.446902,0.473878,0.742484,0.521637,0.589516,0.353233,0.165496
mp-753080,Li3V(OF)2,Other lithium material,47,Caution,0,0.419547,0.543676,0.711594,0.667399,0.652964,0.514459,0.511828,0.519722
mp-771170,Li3Zn2Fe19O32,Other lithium material,54,Caution,0,0.571219,0.283819,0.947944,0.663658,0.616247,0.549214,0.286386,0.482409
mp-1196988,K5Li2PrF10,Other lithium material,57,Caution,1,0.207289,0.633203,0.599618,0.402759,0.285052,0.75335,0.682756,0.699933
mp-3258524,Sr2LiAlSb4,Other lithium material,61,Caution,1,0.347024,0.833024,0.472966,0.92222,0.457709,0.604778,0.435258,0.241549
mp-25410,LiMnPO4F,LMO-family,88,Research Candidate,1,0.819485,0.114118,0.635615,0.730693,0.365985,0.301979,0.765106,0.539545
mp-753866,Li2VCr(P2O7)2,Other lithium material,63,Caution,1,0.561568,0.320223,0.883913,0.637233,0.599812,0.601558,0.407873,0.203688
mp-3215276,Sr4LiCuO6,Other lithium material,61,Caution,1,0.430056,0.528918,0.672137,0.60305,0.669008,0.500218,0.316633,0.107983
mp-3209214,Na3Li2TiSb3,Other lithium material,63,Caution,1,0.217628,0.476709,0.52102,0.791544,0.479399,0.645723,0.363513,0.159276
mp-3333259,LiY3Pd5,Other lithium material,61,Caution,1,0.134341,0.434835,0.452284,0.743949,0.530812,0.583993,0.360612,0.15522
mp-1259488,LiFe(SiO3)2,Silicon-family,82,Research Candidate,0,0.656804,0.417547,0.592251,0.563409,0.504155,0.316861,0.010147,0.519493
mp-1209665,Rb3LiPb4,Other lithium material,51,Caution,1,0.208389,0.478727,0.515539,0.794011,0.473712,0.654213,0.369465,0.156698
mp-757535,Li35(RuO4)12,Other lithium material,55,Caution,0,0.548546,0.877683,0.612075,0.757337,0.644498,0.47441,0.398821,0.168137
mp-760408,LiZnO2,Other lithium material,51,Caution,0,0.368845,0.493572,0.618314,0.591267,0.702215,0.470493,0.319241,0.084989
mp-1177309,Li4V3P8O29,Other lithium material,53,Caution,0,0.560291,0.879695,0.621223,0.748824,0.648485,0.464452,0.391987,0.177863
mp-3211688,Li4Ca3(GeN3)2,Other lithium material,61,Caution,1,0.352118,0.85225,0.486923,0.886572,0.44895,0.597755,0.426457,0.275059
mp-1175160,Li7Mn4CoO12,LCO-family,46,Avoid / Benchmark,0,0.967285,0.0084,0.300229,0.636512,0.638355,0.808575,0.630665,0.242168
mp-3204513,Li3Hf(Ta2N3)4,Other lithium material,61,Caution,1,0.16923,0.447516,0.479407,0.757338,0.518545,0.596848,0.35852,0.160395
mp-1040115,NaLiMg30O31,Other lithium material,53,Caution,0,0.45681,0.549289,0.697718,0.605818,0.649777,0.5168,0.318032,0.122948
mp-555082,CsLi5(BO3)2,Other lithium material,61,Caution,1,0.535848,0.990451,0.629431,0.335199,0.483764,0.567048,0.519533,0.253291
mp-1174511,Li7Mn2(CoO4)3,LCO-family,44,Avoid / Benchmark,0,0.965089,0.002925,0.295867,0.646238,0.640584,0.81096,0.632614,0.232199
mp-3207657,Li5Al16InPt7,Other lithium material,61,Caution,1,0.191757,0.459469,0.497791,0.778543,0.499981,0.622453,0.361545,0.154953
mp-778478,Li5NiO4,Other lithium material,47,Caution,0,0.420807,0.532778,0.667721,0.602998,0.661574,0.509755,0.321151,0.106966
mp-5920,LiAlGe,Other lithium material,61,Caution,1,0.006355,0.449457,0.331001,0.282308,0.528687,0.434945,0.558593,0.360769
mp-3203106,LiGa2AgS4,Li-S or sulfide-family,78,Research Candidate,1,0.385813,0.359718,0.281947,0.720949,0.188994,0.502449,0.028423,0.346606
mp-758521,LiCoSiO4,LCO-family,43,Avoid / Benchmark,0,0.738548,0.32295,0.185365,0.516665,0.777334,0.867763,0.192581,0.316681
mp-1211322,Li2Sm(NO3)5,Other lithium material,61,Caution,1,0.433637,0.545128,0.683469,0.578198,0.657894,0.501614,0.307639,0.129338
mp-752552,Li2V(CO3)2,Carbon-family,85,Recommend,0,0.552064,0.398419,0.445314,0.509508,0.542773,0.316045,0.128963,0.208838
mp-603606,Li2Fe3(P2O7)2,LFP-family,94,Recommend,0,0.75423,0.750832,0.514415,0.686869,0.505512,0.254224,0.079595,0.587448
mp-759449,Li3Ag2F5,Other lithium material,47,Caution,0,0.329023,0.292901,0.769508,0.886518,0.38342,0.770644,0.664739,0.677888
mp-776176,Li4Ti3V3(CuO8)2,LTO-family,75,Research Candidate,0,0.728517,0.195185,0.682973,0.621392,0.447568,0.470828,0.238572,0.26614
mp-777457,Li2FeF4,Other lithium material,50,Caution,0,0.366486,0.850137,0.609854,0.94427,0.445624,0.544098,0.49922,1.008325
mp-807730,LiV2P4(HO8)2,Other lithium material,48,Caution,0,0.528103,0.287015,0.84688,0.691797,0.601789,0.635221,0.403318,0.123497
mp-1662960,Li2CoSn(PO4)2,LCO-family,43,Avoid / Benchmark,0,0.888971,0.691316,0.157026,0.638665,0.748331,0.827922,0.255133,0.413007
mp-3324303,Li3MgZn8,Other lithium material,61,Caution,1,0.151318,0.443801,0.466099,0.761247,0.516084,0.604822,0.362692,0.149628
mp-753136,Li2MnV2O6,LMO-family,80,Research Candidate,0,0.820037,0.098895,0.588877,0.670531,0.379216,0.29364,0.577483,0.12416
mp-3201318,Li2TiAs2Pd,Other lithium material,53,Caution,1,0.187222,0.457953,0.494608,0.773032,0.502893,0.617767,0.360252,0.156837
mp-3212907,Li2IrRhS8,Li-S or sulfide-family,78,Research Candidate,1,0.510513,0.13245,0.477261,0.812129,0.118961,0.630385,0.138743,0.394657
mp-29250,Li6VCl8,Other lithium material,61,Caution,1,0.011167,0.461661,0.340778,0.252351,0.528783,0.419483,0.55571,0.392462
mp-3259042,Li(TiS2)4,Li-S or sulfide-family,80,Research Candidate,1,0.513894,0.70653,0.225645,0.892,0.164408,0.48124,0.1177,0.400624
mp-18997,LiMnPO4,LMO-family,92,Research Candidate,1,0.68244,0.422465,0.399036,0.222745,0.283309,0.292155,0.608855,0.110362
mp-766599,Li3VPCO7,Carbon-family,87,Recommend,0,0.732982,0.212122,0.695247,0.590792,0.439337,0.465664,0.23065,0.294702
mp-3248087,Li2Sm2Si2Sb,Other lithium material,63,Caution,1,0.218002,0.473553,0.519355,0.79843,0.481056,0.646672,0.3658,0.154072
mp-3253559,KLiThS3,Li-S or sulfide-family,78,Research Candidate,1,0.403277,0.374421,0.299531,0.714807,0.178842,0.506604,0.029363,0.364542
mp-766823,Li7Ti11O24,LTO-family,85,Research Candidate,1,0.721709,0.768321,0.423661,0.707209,0.489805,0.328968,0.225068,0.266489
mp-3170159,Li4La3PrSi8,Other lithium material,63,Caution,1,0.348551,0.831181,0.472633,0.930582,0.456919,0.609101,0.436907,0.235105
mp-1026831,SrLiMg14,Other lithium material,51,Caution,0,0.220642,0.480944,0.523004,0.815513,0.46512,0.670819,0.373666,0.145331
mp-763567,LiV(CO3)2,Carbon-family,84,Recommend,0,0.734813,0.783989,0.441445,0.680871,0.481329,0.326067,0.208667,0.288563
mp-3290367,Li3Ac4In5,Other lithium material,61,Caution,1,0.339438,0.832434,0.46678,0.933585,0.452359,0.616378,0.443653,0.232619
mp-686160,Li17Nb20O60,Other lithium material,53,Caution,0,0.540706,0.30771,0.862019,0.670667,0.598749,0.619428,0.429466,0.174683
mp-3247572,Li2Dy2Si3,Other lithium material,63,Caution,1,0.208772,0.474737,0.513401,0.801536,0.476473,0.654063,0.372498,0.151374
mp-1174329,Li5Mn2CoO8,LCO-family,46,Avoid / Benchmark,0,0.980634,0.584942,0.057018,0.713063,0.682508,0.659091,0.599848,0.249336
mp-1100586,Li9Mn2Co5O16,LCO-family,43,Avoid / Benchmark,0,0.976423,0.574812,0.048879,0.730108,0.687116,0.662511,0.603503,0.231806
mp-3202744,LiY(NiIr)2,Other lithium material,57,Caution,1,0.227714,0.478678,0.527255,0.808443,0.472564,0.658725,0.366971,0.15074
mp-8407,Li3LaP2,Other lithium material,63,Caution,1,0.152064,0.448617,0.4694,0.745088,0.517987,0.594766,0.361372,0.165726
mp-1194993,Cs2LiNd(BO3)2,Other lithium material,61,Caution,1,0.425013,0.642505,0.693821,0.195749,0.50305,0.603693,0.440291,0.184824
mp-1174575,Li4MnCo2O7,LCO-family,44,Avoid / Benchmark,0,0.973172,0.573689,0.046578,0.725982,0.689376,0.658853,0.602646,0.233385
mp-769464,LiLa3MnO7,LMO-family,82,Research Candidate,0,0.833776,0.681509,0.349526,0.727585,0.424837,0.133236,0.54437,0.149934
mp-759984,Li5Cr3NiO8,Other lithium material,47,Caution,0,0.448317,0.548702,0.693035,0.594951,0.651533,0.512426,0.313398,0.125469
mp-758642,LiMn3(P3O10)2,LMO-family,84,Research Candidate,0,0.72619,0.325488,0.408699,0.644287,0.43214,0.206773,0.48217,0.039558
mp-3552,Li2Si2O5,Silicon-family,81,Research Candidate,0,0.580961,0.541855,0.49783,0.143948,0.333593,0.476049,0.275942,0.283816
mp-3231043,Li2Nd3ErPt3,Other lithium material,61,Caution,1,0.233194,0.48172,0.531851,0.809482,0.470358,0.660157,0.368332,0.154082
mp-3210071,Li2CaSb2Pb,Other lithium material,51,Caution,1,0.241285,0.491039,0.541433,0.804896,0.462242,0.665579,0.366515,0.16258
mp-1188344,CsLiCl2,Other lithium material,61,Caution,1,0.326489,0.96067,0.491259,0.490809,0.282521,0.708221,0.568452,0.343207
mp-3203370,Li2B2OsRu,Other lithium material,61,Caution,1,0.341371,0.827231,0.466644,0.928109,0.460432,0.605931,0.435293,0.231984
mp-867162,LiTm2Rh,Other lithium material,61,Caution,1,0.027138,0.357329,0.331998,0.642958,0.690239,0.313252,0.418595,0.328527
mp-1221439,Na4Li5(WO3)10,Other lithium material,51,Caution,0,0.548633,0.312698,0.870909,0.655764,0.598653,0.612946,0.417499,0.184923
mp-3302498,Na3LiMoO5,Other lithium material,61,Caution,1,0.552056,0.326506,0.880812,0.629851,0.592388,0.607807,0.411034,0.209058
mp-3231504,LiEr2PdPt4,Other lithium material,61,Caution,1,0.173693,0.44983,0.483,0.76318,0.513947,0.603831,0.358871,0.157458
mp-1236061,LiLa2TiCrO6,LTO-family,70,Research Candidate,0,0.730427,0.195966,0.684433,0.620357,0.448165,0.468967,0.239592,0.269124
mp-753714,Li3CuS2,Li-S or sulfide-family,68,Research Candidate,0,0.215422,0.255187,0.111871,0.575705,0.385419,0.182974,0.084789,0.52597
mp-781603,Li4Mn3Fe(BO3)4,LMO-family,87,Research Candidate,0,0.858358,0.084851,0.684662,0.647795,0.394347,0.216594,0.433864,0.452534
mp-777041,Li4Mn3Co3(SnO8)2,LCO-family,46,Avoid / Benchmark,0,0.974756,0.003734,0.303208,0.640428,0.643579,0.804182,0.624741,0.237111
mp-758359,Li2CrSi4O11,Silicon-family,77,Research Candidate,0,0.587634,0.405786,0.467651,0.559571,0.523813,0.351053,0.142491,0.18945
mp-3248964,RbLi2CeSb2,Other lithium material,61,Caution,1,0.159933,0.447775,0.47484,0.741044,0.521572,0.588653,0.353334,0.167581
mp-24148,LiLa2HO3,Other lithium material,55,Caution,0,0.403213,0.621317,0.668301,0.224961,0.513468,0.60836,0.454408,0.152721
mp-841,Li2O2,Other lithium material,61,Caution,1,0.307801,0.582302,0.593052,0.178549,0.556436,0.558961,0.45437,0.143401
mp-856977,Li3Fe4O3F5,Other lithium material,45,Caution,0,0.557727,0.290796,0.981251,0.743696,0.602314,0.568987,0.484124,0.877992
mp-3241386,Li2AgIrN,Other lithium material,61,Caution,1,0.179869,0.452965,0.487909,0.773375,0.506401,0.615953,0.359035,0.151004
mp-30766,Li5Sn2,Other lithium material,61,Caution,1,0.112569,0.532241,0.45191,0.393431,0.35884,0.720909,0.508837,0.183822
mp-1174421,Li4MnCo2O7,LCO-family,44,Avoid / Benchmark,0,0.966189,0.007076,0.298878,0.638741,0.638571,0.809689,0.630678,0.239204
mp-759066,LiAgF3,Other lithium material,47,Caution,0,0.145775,0.462728,0.510638,0.81616,0.501934,0.610702,0.55959,0.575367
mp-757200,Li3Si2Bi3O10,Silicon-family,77,Research Candidate,0,0.736238,0.790138,0.44583,0.666966,0.479933,0.320971,0.206142,0.301925
mp-3206562,LiYMgPt3,Other lithium material,61,Caution,1,0.16074,0.442857,0.472337,0.754064,0.522896,0.592692,0.356665,0.157101
mp-1209490,Rb2LiS2,Li-S or sulfide-family,63,Research Candidate,0,0.344291,0.32758,0.239944,0.741466,0.210422,0.495823,0.038562,0.308205
mp-3213176,CsLi6BiO6,Other lithium material,61,Caution,1,0.367734,0.500244,0.623714,0.548294,0.710068,0.444134,0.303025,0.115315
mp-762930,Li3(NiO2)5,Other lithium material,47,Caution,0,0.533455,0.304273,0.856209,0.674563,0.597352,0.625384,0.426086,0.163737
mp-780731,Li2Cu(PO3)3,Other lithium material,52,Caution,0,0.455448,0.540929,0.692038,0.626612,0.650914,0.525361,0.321607,0.103308
mp-3274913,RbLi(TaBr3)3,Other lithium material,61,Caution,1,0.342642,0.271424,0.729581,0.825283,0.405768,0.751731,0.462154,0.258135
mp-1175576,Li9Mn2Co5O16,LCO-family,44,Avoid / Benchmark,0,0.967332,0.011363,0.301992,0.630997,0.636494,0.80837,0.628682,0.246446
mp-758609,Li2Fe(PO3)4,LFP-family,96,Recommend,0,0.758948,0.765813,0.525675,0.659971,0.498673,0.248924,0.073212,0.613465
mp-3201259,LiYHgPt3,Other lithium material,51,Caution,1,0.160223,0.442552,0.471887,0.754519,0.522794,0.593201,0.356453,0.15616
mp-752794,Li3Mn2CoO6,LCO-family,46,Avoid / Benchmark,0,0.97357,0.57332,0.04657,0.726757,0.68984,0.658494,0.603221,0.233249
mp-989559,Cs2NaLiF6,Other lithium material,57,Caution,1,0.033373,0.376416,0.384563,0.697407,0.678435,0.31492,0.6091,0.756074
mp-1175699,Li9Mn2Co5O16,LCO-family,43,Avoid / Benchmark,0,0.964977,0.003794,0.296318,0.644594,0.639967,0.81102,0.631931,0.23333
mp-542207,Ba3LiOs2O9,Other lithium material,61,Caution,1,0.323481,0.566219,0.595459,0.1973,0.572744,0.547565,0.448067,0.126486
mp-756694,Li3Ti(NiO2)4,LTO-family,73,Research Candidate,0,0.724536,0.76336,0.424041,0.709738,0.493125,0.327878,0.215742,0.257526
mp-760257,LiFe2(BO3)2,Other lithium material,54,Caution,0,0.573851,0.286073,0.950646,0.660035,0.61632,0.546585,0.286989,0.488204
mp-1209986,NaLiEr2F8,Other lithium material,57,Caution,1,0.237017,0.552506,0.611926,0.7514,0.439902,0.631609,0.540873,0.684286
mp-1177464,Li4Mn3Fe3(PO4)6,LMFP-family,93,Research Candidate,0,0.852867,0.06605,0.670756,0.681647,0.403177,0.222835,0.442223,0.420304
mp-558369,K2LiVO4,Other lithium material,61,Caution,1,0.53784,0.99363,0.632308,0.332461,0.481176,0.568387,0.518474,0.256599
mp-757957,LiMnCO4,LMO-family,82,Research Candidate,0,0.826451,0.671091,0.339573,0.745402,0.427276,0.140773,0.545521,0.127882
mp-3221859,Li(TbBi)2,Other lithium material,61,Caution,1,0.13171,0.433442,0.450139,0.741381,0.533032,0.580896,0.360272,0.155959
mp-1212457,Li3Gd3(TeO6)2,Other lithium material,61,Caution,1,0.250338,0.421692,0.497763,0.421318,0.880225,0.151355,0.358192,0.306862
mp-561474,K3LiSiO4,Silicon-family,87,Research Candidate,1,0.708021,0.880506,0.44007,0.293282,0.324332,0.431667,0.344016,0.341353
mp-867726,Li7(CoO3)2,LCO-family,40,Avoid / Benchmark,0,0.863005,0.677033,0.131457,0.670608,0.747743,0.846207,0.274464,0.380721
mp-559129,Li3Er(NO3)6,Other lithium material,61,Caution,1,0.530798,0.984313,0.623171,0.346453,0.484213,0.573324,0.519445,0.238519
mp-3248113,LiTh2BIr5,Other lithium material,61,Caution,1,0.191564,0.459355,0.497623,0.778713,0.499943,0.622643,0.361466,0.154602
mp-3203193,LiV(CuS2)2,Li-S or sulfide-family,78,Research Candidate,1,0.365417,0.339773,0.259857,0.727043,0.206484,0.490011,0.030372,0.328923
mp-2744,LiPd,Other lithium material,61,Caution,1,0.100114,0.525562,0.44168,0.383877,0.367886,0.70928,0.506835,0.184372
mp-759959,Li10Mn5Fe3O16,LMO-family,83,Research Candidate,0,0.843124,0.068524,0.665289,0.682235,0.397479,0.230646,0.447625,0.418945
mp-1235313,SrLiAlO3,Other lithium material,46,Caution,0,0.399499,0.524554,0.654181,0.549408,0.68836,0.46141,0.304962,0.135505
mp-861625,LiZnAg2,Other lithium material,61,Caution,1,0.025552,0.356394,0.330617,0.644353,0.689926,0.314813,0.417944,0.325639
mp-3230055,Li3La3ZnPd2,Other lithium material,61,Caution,1,0.141104,0.432195,0.456089,0.743015,0.534908,0.579031,0.352901,0.153423
mp-757242,Li5AuO4,Other lithium material,61,Caution,1,0.416031,0.53113,0.664345,0.596761,0.664999,0.50417,0.319921,0.109487
mp-3275468,Li2Ni12As7,Other lithium material,47,Caution,1,0.141297,0.438462,0.457901,0.752481,0.523967,0.59421,0.361245,0.151292
mp-1020109,LiMg3P3O11,Other lithium material,63,Caution,1,0.416002,0.649074,0.691193,0.184274,0.498003,0.604907,0.444344,0.195337
mp-3213349,LiGa(IO3)4,Other lithium material,61,Caution,1,0.547973,0.329232,0.880268,0.62387,0.588311,0.61155,0.405856,0.208955
mp-3250599,LiEuAs2Pd,Other lithium material,51,Caution,1,0.185191,0.455977,0.492426,0.772599,0.50526,0.615265,0.360627,0.156271
mp-1236209,LiAgClO4,Other lithium material,46,Caution,0,0.360922,0.482872,0.609889,0.584696,0.713822,0.458372,0.308316,0.077467
mp-1147674,Li(CuN)3,Other lithium material,46,Caution,0,0.025097,0.355998,0.330104,0.648662,0.687645,0.319811,0.417164,0.320384
mp-636952,LiCS(OF)3,Li-S or sulfide-family,65,Research Candidate,0,0.712319,0.899118,0.44765,0.324688,0.167753,0.444716,0.368907,0.859399
mp-3230882,LiMg3(SiPt)2,Other lithium material,63,Caution,1,0.162061,0.443509,0.47337,0.756809,0.520965,0.595942,0.356614,0.155081
mp-3250218,BaLi2La4O8,Other lithium material,61,Caution,1,0.566066,0.903307,0.638173,0.699642,0.640731,0.44973,0.381767,0.22467
mp-780509,Li3Mn4(BO3)4,LMO-family,82,Research Candidate,0,0.819694,0.094321,0.586004,0.679902,0.381365,0.295348,0.580153,0.11623
mp-863382,Li4Nb(P2O7)2,Other lithium material,53,Caution,0,0.390092,0.504531,0.637578,0.578254,0.6997,0.463497,0.312161,0.105124
mp-1282858,Li3Co3SbO8,LCO-family,41,Avoid / Benchmark,0,0.86611,0.110293,0.39075,0.581229,0.699634,0.992185,0.295263,0.388405
mp-3209084,Li2Hf2NbN5,Other lithium material,61,Caution,1,0.351308,0.840828,0.4798,0.907691,0.455761,0.599142,0.433587,0.257951
mp-1147684,Li10Zn(PS4)4,Li-S or sulfide-family,74,Research Candidate,0,0.528909,0.72437,0.245737,0.85928,0.157347,0.472994,0.101881,0.430854
mp-3223681,Li3Ca4MgAg4,Other lithium material,61,Caution,1,0.346679,0.830076,0.471002,0.93223,0.456549,0.610944,0.436139,0.231695
mp-3260447,LiNd2C3O,Carbon-family,95,Recommend,1,0.55497,0.384559,0.438489,0.555263,0.541338,0.337874,0.137211,0.169602
mp-3210843,Li12NbOsN8,Other lithium material,61,Caution,1,0.187102,0.458596,0.494922,0.771806,0.502414,0.617847,0.359715,0.157639
mp-3329501,Li(InAu)2,Other lithium material,61,Caution,1,0.147543,0.441828,0.463046,0.756753,0.519722,0.599437,0.362327,0.151604
mp-778743,Li5Cu(PO4)2,Other lithium material,55,Caution,0,0.562772,0.890734,0.629008,0.727868,0.643444,0.460359,0.386645,0.19712
mp-765992,Li3Mn(OF)2,LMO-family,76,Research Candidate,0,0.822251,0.692123,0.385945,0.805862,0.406875,0.156618,0.740377,0.547332
mp-12645,LiHoO2,Other lithium material,61,Caution,1,0.533051,1.0,0.631747,0.32504,0.476971,0.568997,0.525586,0.267776
mp-754285,Li5MnO4,LMO-family,80,Research Candidate,0,0.693944,0.318144,0.386081,0.622446,0.441954,0.192249,0.4826,0.043531
mp-1020627,SrLiAl3N4,Other lithium material,61,Caution,1,0.320775,0.372431,0.733317,0.439581,0.243052,0.863757,0.596745,0.311549
mp-3314627,LiPr4(FeO4)3,Other lithium material,64,Caution,1,0.573197,0.279705,0.94658,0.670846,0.620568,0.546416,0.290969,0.47953
mp-6499,BaLiBO3,Other lithium material,61,Caution,1,0.540211,0.99823,0.636271,0.322571,0.480741,0.563609,0.517605,0.267612
mp-1177603,Li3MnV(PO4)3,LMO-family,82,Research Candidate,0,0.828766,0.093316,0.591981,0.676426,0.385743,0.288097,0.573205,0.119031
mp-3294779,K2Li3AlO4,Other lithium material,61,Caution,1,0.431531,0.552106,0.686605,0.551875,0.660195,0.487343,0.303546,0.1521
mp-757366,Li2CoP2O7,LCO-family,45,Avoid / Benchmark,0,0.873539,0.126776,0.404313,0.552128,0.693392,0.984222,0.290061,0.419221
mp-3205182,LiMnH6Ir,Other lithium material,64,Caution,1,0.144589,0.270097,0.260314,0.676314,0.621807,0.126044,0.74052,0.203908
mp-3211438,SrLiH9W,Other lithium material,61,Caution,1,0.149658,0.462848,0.478552,0.687736,0.520284,0.569234,0.338948,0.205582
mp-778325,Li2TiV3O8,LTO-family,79,Research Candidate,0,0.732447,0.775982,0.435561,0.690694,0.487914,0.323071,0.213055,0.280115
mp-541365,LiEuH3,Other lithium material,61,Caution,1,0.004674,0.448302,0.329496,0.279503,0.5313,0.430929,0.558863,0.362781
mp-849723,LiMnP2O7,LMO-family,82,Research Candidate,0,0.820105,0.095234,0.586755,0.67829,0.381019,0.294908,0.579865,0.117937
mp-759719,LiMn2P2(O4F)2,LMO-family,80,Research Candidate,0,0.817544,0.107623,0.630777,0.743295,0.368442,0.305314,0.767788,0.527306
mp-776021,Li4Sb(TeO4)3,Other lithium material,51,Caution,0,0.557778,0.876707,0.618131,0.755679,0.647813,0.469278,0.391642,0.169012
mp-3249740,LiPrInAg,Other lithium material,61,Caution,1,0.040574,0.35834,0.34135,0.644942,0.690721,0.311959,0.412289,0.328928
mp-532413,Li5B7S13,Li-S or sulfide-family,78,Research Candidate,1,0.520937,0.73252,0.244548,0.847838,0.150184,0.476541,0.10519,0.441458
mp-607785,Rb6LiNd11Se12(Cl4O9)4,Other lithium material,61,Caution,1,0.379105,0.603097,0.649309,0.175628,0.547532,0.556606,0.428941,0.167023
mp-34121,LiSbS2,Li-S or sulfide-family,72,Research Candidate,0,0.337727,0.326669,0.236156,0.725204,0.217466,0.48168,0.036905,0.319579
mp-3214383,LiY19(Cd3Os)2,Other lithium material,51,Caution,1,0.155281,0.439764,0.467701,0.754961,0.52401,0.593515,0.355017,0.151585
mp-3222853,LiSc2(AsIr)3,Other lithium material,51,Caution,1,0.233293,0.481778,0.531936,0.809395,0.470378,0.66006,0.368373,0.154262
mp-3201712,LiSiPtRh,Other lithium material,63,Caution,1,0.042338,0.35938,0.342886,0.64339,0.691069,0.310223,0.413014,0.332142
mp-753172,Li4Cr5O10,Other lithium material,53,Caution,0,0.537941,0.306111,0.859641,0.672123,0.598752,0.621012,0.428479,0.170753
mp-1301550,Li2VO2F,Other lithium material,47,Caution,0,0.540201,0.328984,0.91233,0.719556,0.581691,0.627398,0.613002,0.598756
mp-779336,Li3Cr2(PO4)3,Other lithium material,53,Caution,0,0.565781,0.898324,0.635028,0.715293,0.639765,0.45822,0.383745,0.209846
mp-1174232,Li4MnCo3O8,LCO-family,43,Avoid / Benchmark,0,0.973705,0.573337,0.04663,0.728592,0.688771,0.660635,0.60298,0.231282
mp-3250575,Li3AcP2,Other lithium material,63,Caution,1,0.152786,0.451641,0.471552,0.739608,0.516475,0.593915,0.359896,0.170753
mp-1029776,Li2GeN2,Other lithium material,61,Caution,1,0.340635,0.849877,0.477722,0.89398,0.446478,0.605213,0.434088,0.267196
mp-3322019,Li(Cu2P)2,Other lithium material,63,Caution,1,0.163569,0.450392,0.47618,0.770003,0.507545,0.615515,0.364757,0.149812
mp-768875,Li6B4O9,Other lithium material,51,Caution,0,0.548828,0.340598,0.885576,0.610208,0.583022,0.608788,0.413808,0.230671
mp-3323592,Rb2Li2CrO4,Other lithium material,61,Caution,1,0.547774,0.3129,0.870587,0.654281,0.5986,0.612618,0.416833,0.185432
mp-773085,LiCoSbO4,LCO-family,51,Avoid / Benchmark,1,0.741629,0.324789,0.187976,0.521253,0.773383,0.873816,0.192472,0.313835
mp-3202785,LiCaP2Pd,Other lithium material,63,Caution,1,0.18519,0.455977,0.492425,0.7726,0.505259,0.615266,0.360627,0.15627
mp-1110970,Cs2LiTaF6,Other lithium material,46,Caution,0,0.035716,0.377799,0.386603,0.695345,0.678897,0.312614,0.610062,0.760342
mp-3247849,RbLi2TmBi2,Other lithium material,61,Caution,1,0.159009,0.447182,0.474008,0.741947,0.521421,0.589565,0.352987,0.165831
mp-1110706,Rb2LiYBr6,Other lithium material,61,Caution,1,0.050783,0.389369,0.364998,0.581067,0.681918,0.290343,0.400955,0.392794
mp-861905,LiBiPd2,Other lithium material,61,Caution,1,0.026707,0.357075,0.331622,0.643337,0.690154,0.313677,0.418417,0.327742
mp-778621,Li32Ti3Cr13O48,LTO-family,79,Research Candidate,0,0.721144,0.20228,0.681459,0.613884,0.440284,0.476132,0.242748,0.273702
mp-1035613,LiMg14WO16,Other lithium material,51,Caution,0,0.447989,0.558088,0.698483,0.567282,0.651614,0.499741,0.308598,0.150226
mp-3208512,Li4HfZrBr12,Other lithium material,61,Caution,1,0.17715,0.472109,0.497984,0.71322,0.507417,0.587982,0.348185,0.203276
mp-861717,Li8MnFe7(PO4)8,LMFP-family,97,Research Candidate,0,0.871422,0.663122,0.442336,0.719224,0.438372,0.065017,0.401976,0.464015
mp-758318,Li5VP2(O4F)2,Other lithium material,49,Caution,0,0.384278,0.526618,0.685717,0.61253,0.686466,0.461714,0.493034,0.538955
mp-850006,LiNiPO4,Other lithium material,48,Caution,0,0.368562,0.503393,0.626027,0.539851,0.710241,0.439769,0.30206,0.123807
mp-761243,Li5Fe8(BO3)8,Other lithium material,54,Caution,0,0.574139,0.286763,0.951203,0.65881,0.616045,0.546274,0.286752,0.489473
mp-759038,Li4Ti2Fe3Co3O16,LCO-family,46,Avoid / Benchmark,0,0.908657,0.64535,0.222487,0.680537,0.773442,0.771279,0.132806,0.680063
mp-1211341,Li3FeO6,Other lithium material,49,Caution,0,0.431986,0.485042,0.727755,0.639875,0.686915,0.453359,0.194305,0.370595
mp-1040138,LiMg30SiO32,Silicon-family,77,Research Candidate,0,0.565389,0.390578,0.447443,0.550001,0.541202,0.33217,0.140895,0.184153
mp-3215974,LiTa3(TiH4)4,Other lithium material,63,Caution,1,0.343715,0.828518,0.468597,0.928977,0.459251,0.607037,0.435811,0.232934
mp-14495,Li6ZnO4,Other lithium material,61,Caution,1,0.355085,0.611156,0.635983,0.180105,0.531313,0.578449,0.448436,0.165773
mp-5001,Li3BN2,Other lithium material,61,Caution,1,0.318747,0.9456,0.478349,0.518125,0.287116,0.717543,0.572266,0.313041
mp-866716,RbLiH12Se3N4,Other lithium material,61,Caution,1,0.328109,0.923236,0.473769,0.54628,0.304372,0.711366,0.56528,0.282033
mp-26533,LiNb2(PO4)3,Other lithium material,53,Caution,0,0.558162,0.876854,0.618482,0.749984,0.651348,0.462089,0.392874,0.175964
mp-1191877,LiGdSn,Other lithium material,61,Caution,1,0.110134,0.524812,0.448293,0.381053,0.372077,0.702249,0.500313,0.187403
mp-3230121,LiNd3Cd3Ga2,Other lithium material,51,Caution,1,0.14136,0.432346,0.456312,0.74279,0.534959,0.578779,0.353006,0.15389
mp-3240867,Li2DyPt3,Other lithium material,61,Caution,1,0.152191,0.444443,0.466976,0.756571,0.518447,0.599413,0.363642,0.155643
mp-3223527,Li4Pr4RuPt3,Other lithium material,61,Caution,1,0.348455,0.831123,0.472548,0.930667,0.456899,0.609197,0.436867,0.234929
mp-675800,Li5TiP3,Other lithium material,57,Caution,0,0.337362,0.836521,0.468183,0.917248,0.453678,0.607913,0.440707,0.245975
mp-1306908,Li4Si2NiO7,Silicon-family,75,Research Candidate,0,0.739176,0.793606,0.449384,0.66298,0.478272,0.320257,0.205825,0.307632
mp-807998,Li4V3CrO8,Other lithium material,46,Caution,0,0.533739,0.297002,0.853899,0.680841,0.600685,0.626843,0.416267,0.148983
mp-3334857,Li4NdSb2,Other lithium material,61,Caution,1,0.14821,0.442285,0.463685,0.754213,0.520949,0.596506,0.362897,0.155031
mp-3244386,LiNdPt4,Other lithium material,61,Caution,1,0.034294,0.361264,0.337965,0.645452,0.68672,0.316447,0.420199,0.331603
mp-690866,LiMnPO4,LMO-family,84,Research Candidate,0,0.839452,0.69139,0.358192,0.719585,0.416115,0.138656,0.540546,0.158992
mp-861893,Li2LaPb,Other lithium material,51,Caution,1,0.026482,0.356942,0.331427,0.643535,0.690109,0.313898,0.418325,0.327333
mp-1235174,LiEu2Cr2O8,Other lithium material,50,Caution,0,0.559374,0.877441,0.61942,0.752826,0.649396,0.465446,0.392778,0.173745
mp-3208423,SrLi(NiGe)2,Other lithium material,57,Caution,1,0.138403,0.43076,0.453883,0.740508,0.537114,0.576002,0.352533,0.154035
mp-1222654,Li2GaSi,Other lithium material,52,Caution,0,0.030611,0.359091,0.334758,0.648694,0.685994,0.320072,0.418687,0.324894
mp-1211514,LiEuF2,Other lithium material,42,Caution,0,0.160908,0.47102,0.523229,0.82238,0.493963,0.618557,0.562839,0.580801
mp-2927,LiAg2Sn,Other lithium material,61,Caution,1,0.000615,0.446035,0.326078,0.279168,0.532691,0.430374,0.55779,0.359813
mp-1211094,LiCaVF6,Other lithium material,57,Caution,1,0.165187,0.483705,0.534951,0.772134,0.499371,0.590147,0.546395,0.62181
mp-1174121,Li5Mn2CoO8,LCO-family,43,Avoid / Benchmark,0,0.973311,0.573168,0.046345,0.726985,0.689788,0.658749,0.603115,0.232777
mp-759187,Li3Ti2(PO4)3,LTO-family,77,Research Candidate,0,0.72678,0.765119,0.426281,0.704199,0.494995,0.322239,0.216876,0.265417
mp-752542,Li2Ti2Mn3O10,LMO-family,82,Research Candidate,0,0.819076,0.09315,0.585004,0.681032,0.382325,0.294864,0.580619,0.115013
mp-1176978,Li9V6(P8O29)2,Other lithium material,55,Caution,0,0.54859,0.307248,0.86769,0.665918,0.6021,0.613281,0.421181,0.177095
mp-27587,Li8Pb3,Other lithium material,51,Caution,1,0.112264,0.532061,0.451644,0.3937,0.358779,0.72121,0.508711,0.183265
mp-3252265,LiEr2Rh5C,Carbon-family,95,Recommend,1,0.362766,0.348614,0.307298,0.737148,0.34103,0.487092,0.185871,0.241638
mp-3223729,LiTb2ZnPt2,Other lithium material,61,Caution,1,0.240744,0.485792,0.538073,0.814561,0.465274,0.666376,0.369653,0.154556
mp-864781,LiYb2Hg,Other lithium material,51,Caution,1,0.026106,0.35672,0.331099,0.643866,0.690035,0.314267,0.418171,0.326648
mp-1185376,LiLaTl2,Other lithium material,61,Caution,1,0.026384,0.356884,0.331342,0.643621,0.69009,0.313994,0.418285,0.327155
mp-3201554,LiInPdRh,Other lithium material,61,Caution,1,0.04084,0.358497,0.341582,0.644708,0.690774,0.311697,0.412399,0.329413
mp-1100667,Li9Mn2Co5O16,LCO-family,44,Avoid / Benchmark,0,0.976343,0.577782,0.050599,0.722718,0.686315,0.660156,0.601753,0.238092
mp-1203183,LiPH3NO3,Other lithium material,53,Caution,0,0.536134,0.42355,0.88715,0.245501,0.434142,0.71572,0.538151,0.257986
mp-36111,LiMgP,Other lithium material,63,Caution,1,0.037045,0.373353,0.346497,0.623515,0.680596,0.313176,0.41419,0.351564
mp-859107,LiCr(SiO3)2,Silicon-family,77,Research Candidate,0,0.725474,0.21123,0.688979,0.598148,0.437064,0.471527,0.240164,0.290724
mp-3244635,LiLaSi2Au,Other lithium material,63,Caution,1,0.184176,0.455379,0.491542,0.773492,0.505059,0.616264,0.360211,0.154423
mp-3252097,LiTbHoRu,Other lithium material,61,Caution,1,0.0399,0.357942,0.340763,0.645536,0.690588,0.312623,0.412013,0.3277
mp-25907,LiSn(PO3)4,Other lithium material,55,Caution,0,0.42923,0.519989,0.666437,0.62227,0.672518,0.504892,0.321541,0.091239
mp-3208124,Li3B4PdRh4,Other lithium material,61,Caution,1,0.336727,0.258825,0.719078,0.848395,0.409836,0.759179,0.465769,0.233287
mp-3286420,Li(TaSe2)4,Other lithium material,61,Caution,1,0.132172,0.433714,0.450541,0.740974,0.533123,0.580441,0.360462,0.1568
mp-3323039,LiHf4Pt15,Other lithium material,61,Caution,1,0.174602,0.456487,0.485406,0.772993,0.5026,0.619444,0.36736,0.155523
mp-3252358,LiErInAg,Other lithium material,61,Caution,1,0.040543,0.358321,0.341323,0.64497,0.690715,0.31199,0.412277,0.328871
mp-1194281,Li2Co(SO4)2,LCO-family,52,Avoid / Benchmark,1,0.855933,0.771167,0.097032,0.271043,0.451886,0.956494,0.246226,0.526169
mp-3207035,Cs2LiAg3F12,Other lithium material,57,Caution,1,0.16549,0.478859,0.532109,0.795002,0.494111,0.607157,0.547397,0.599267
mp-3252983,LiNdMnPt3,Other lithium material,64,Caution,1,0.260547,0.341294,0.381293,0.808431,0.460623,0.410366,0.69073,0.009997
mp-3170953,Li(CaPd)2,Other lithium material,61,Caution,1,0.203707,0.472004,0.509225,0.798178,0.479857,0.649948,0.371604,0.151001
mp-1178348,Li2Cu2C2O7,Carbon-family,85,Recommend,0,0.722223,0.762059,0.422085,0.70982,0.493765,0.32788,0.215089,0.255525
mp-2935,Li2GeAu,Other lithium material,61,Caution,1,0.00707,0.449557,0.331435,0.28228,0.529034,0.434259,0.559106,0.361611
mp-1212343,Li22(Cu3Si2)7,Other lithium material,63,Caution,1,0.158853,0.448162,0.472483,0.765783,0.510807,0.61104,0.363804,0.1505
mp-3291982,LiNb5As4,Other lithium material,51,Caution,1,0.197228,0.468563,0.503935,0.792157,0.485152,0.642675,0.370722,0.152477
mp-1195536,CsLi5Mn(P2O7)2,LMO-family,92,Research Candidate,1,0.693466,0.425625,0.408458,0.213768,0.285018,0.285091,0.600314,0.118901
mp-1040348,KLiMg30O31,Other lithium material,51,Caution,0,0.456652,0.549247,0.697611,0.605861,0.649713,0.516952,0.317932,0.122734
mp-1206759,LiZrS2,Li-S or sulfide-family,78,Research Candidate,1,0.329098,0.319794,0.227799,0.71869,0.227693,0.468688,0.037807,0.321473
mp-3248866,Li2AcAg2,Other lithium material,61,Caution,1,0.16148,0.449255,0.474449,0.768911,0.508776,0.614158,0.364344,0.149327
mp-1147686,Li10Zn(PS4)4,Li-S or sulfide-family,74,Research Candidate,0,0.518098,0.151784,0.492568,0.778663,0.110424,0.623255,0.131553,0.428638
mp-3203159,SrLiPRh2,Other lithium material,63,Caution,1,0.191506,0.459321,0.497573,0.778764,0.499932,0.622699,0.361442,0.154497
mp-776035,Li9Cu3P8O29,Other lithium material,55,Caution,0,0.367371,0.490215,0.617632,0.567833,0.71568,0.446155,0.3094,0.099573
mp-1078834,LiRuF6,Other lithium material,57,Caution,1,0.131703,0.564481,0.518765,0.442709,0.335825,0.730028,0.697799,0.623681
mp-3223788,Li(TmSb)2,Other lithium material,61,Caution,1,0.132371,0.433832,0.450714,0.740799,0.533162,0.580245,0.360544,0.157163
mp-1222798,Li14MgSi4,Other lithium material,63,Caution,1,0.171949,0.455496,0.483422,0.775176,0.501143,0.62316,0.36571,0.15045
mp-1176667,LiMn2(BO3)2,LMO-family,80,Research Candidate,0,0.819494,0.094167,0.585809,0.680146,0.381349,0.295547,0.580096,0.115814
mp-3244599,Li2Pr2Si2Sn,Other lithium material,63,Caution,1,0.217486,0.473248,0.518905,0.798884,0.480954,0.64718,0.365588,0.153132
mp-643656,Li5H9Pt2,Other lithium material,61,Caution,1,0.137158,0.540123,0.470963,0.400657,0.35168,0.727932,0.504024,0.186915
mp-1236322,LiPrNdO2,Other lithium material,46,Caution,0,0.36841,0.48729,0.616409,0.578106,0.715299,0.451002,0.31139,0.091105
mp-1103047,LiBeB,Other lithium material,40,Caution,0,0.150484,0.443309,0.465373,0.761981,0.51592,0.605643,0.362349,0.148108
mp-3325114,KLiZn2O3,Other lithium material,61,Caution,1,0.385735,0.511807,0.639622,0.558221,0.695976,0.460441,0.304675,0.117619
mp-3328612,Li(NdIr)2,Other lithium material,61,Caution,1,0.203844,0.472084,0.509344,0.798057,0.479884,0.649813,0.37166,0.151249
mp-753961,Li2MnO2F,LMO-family,76,Research Candidate,0,0.821976,0.686087,0.382219,0.820728,0.40829,0.161748,0.74359,0.534196
mp-753353,Sr4LiCu(CO5)2,Carbon-family,95,Recommend,1,0.575145,0.395524,0.457246,0.537416,0.541045,0.32622,0.130105,0.194
mp-3213569,LiY7(IO6)4,Other lithium material,61,Caution,1,0.549712,0.315535,0.873138,0.650711,0.597464,0.611766,0.416441,0.190031
mp-1235651,LiNd2(HO)6,Other lithium material,50,Caution,0,0.556835,0.875976,0.617239,0.754083,0.649443,0.466807,0.391885,0.170228
mp-26861,LiCo(PO3)4,LCO-family,45,Avoid / Benchmark,0,0.883105,0.689222,0.15084,0.65505,0.743788,0.840236,0.265613,0.40149
mp-8220,LiTb(CuP)2,Other lithium material,63,Caution,1,0.132737,0.530817,0.465246,0.38767,0.367246,0.706721,0.495845,0.190117
mp-1301147,Li3MnCo3O8,LCO-family,43,Avoid / Benchmark,0,0.964172,0.002329,0.295036,0.647149,0.640439,0.811866,0.632275,0.230449
mp-755458,Li3Cr3FeO8,Other lithium material,54,Caution,0,0.579697,0.851006,0.696775,0.749242,0.668112,0.395787,0.259349,0.479934
mp-3205934,K2LiVSe4,Other lithium material,61,Caution,1,0.218317,0.482341,0.524748,0.775687,0.479615,0.637948,0.361251,0.174363
mp-3247502,LiHoInAg,Other lithium material,61,Caution,1,0.040583,0.358345,0.341358,0.644934,0.690723,0.31195,0.412293,0.328945
mp-754882,Li2Ni3SnO8,Other lithium material,49,Caution,0,0.349599,0.477019,0.600791,0.569262,0.725831,0.439942,0.30752,0.08561
mp-3248916,LiHo(CoH3)2,Other lithium material,56,Caution,1,0.108733,0.311279,0.19132,0.622595,0.825563,0.569272,0.439572,0.390543
mp-774784,Li4Mn3Co2Sn3O16,LCO-family,44,Avoid / Benchmark,0,0.984184,0.572825,0.053613,0.726341,0.692504,0.65429,0.596499,0.234043
mp-3201893,Cs4LiMnSe4,Other lithium material,64,Caution,1,0.344011,0.386858,0.450354,0.867539,0.401605,0.48402,0.704228,0.011411
mp-3245015,LiNd2AsP,Other lithium material,53,Caution,1,0.142527,0.433194,0.457474,0.736878,0.537927,0.571943,0.354226,0.161548
mp-1190151,Sr3LiSbO6,Other lithium material,61,Caution,1,0.348026,0.599247,0.627419,0.165886,0.550434,0.553075,0.440907,0.16904
mp-1173881,Li2CoO3,LCO-family,41,Avoid / Benchmark,0,0.856062,0.106512,0.381455,0.593414,0.697746,1.000623,0.304683,0.377813
mp-1198740,Li7Nd3Zr2O12,Other lithium material,55,Caution,0,0.366588,0.61614,0.6468,0.161408,0.536109,0.562882,0.440228,0.184812
mp-1097065,Li2HfN2,Other lithium material,61,Caution,1,0.155867,0.458571,0.477232,0.727364,0.513827,0.590608,0.357675,0.183666
mp-866196,Li2PrIn,Other lithium material,61,Caution,1,0.026609,0.357017,0.331537,0.643423,0.690134,0.313773,0.418377,0.327563
mp-781497,LiMn2(BO3)2,LMO-family,80,Research Candidate,0,0.81996,0.095826,0.587026,0.677154,0.380559,0.295013,0.579343,0.118641
mp-1232995,Rb2LiPu(Cl2O)2,Other lithium material,46,Caution,0,0.565352,0.876369,0.623766,0.746042,0.653748,0.457739,0.38387,0.176605
mp-763655,LiMn3O6,LMO-family,84,Research Candidate,0,0.809586,0.096038,0.579902,0.681822,0.37594,0.303547,0.585775,0.113434
mp-759127,Li4Mn5(FeO6)2,LMO-family,83,Research Candidate,0,0.85593,0.642611,0.420353,0.763243,0.442884,0.081812,0.41804,0.422075
mp-760304,Li2Cu2F7,Other lithium material,47,Caution,0,0.223001,0.504346,0.574207,0.872997,0.446968,0.680288,0.572238,0.574587
mp-3205304,Rb2Li2SnSe4,Other lithium material,61,Caution,1,0.219019,0.488547,0.528776,0.762433,0.477199,0.634675,0.357928,0.186036
mp-684024,Li2SiN2,Other lithium material,63,Caution,1,0.195118,0.595642,0.533094,0.382369,0.304653,0.759467,0.499854,0.239127
mp-753189,Li2VO2F,Other lithium material,47,Caution,0,0.549943,0.900016,0.664037,0.801918,0.629559,0.477104,0.583689,0.598767
mp-674422,Li11Mn11O26,LMO-family,75,Research Candidate,0,0.818392,0.664788,0.32978,0.768232,0.424726,0.154266,0.557258,0.109269
mp-775493,Li2Fe3WO8,Other lithium material,54,Caution,0,0.583213,0.853948,0.700271,0.750952,0.664277,0.40023,0.259011,0.480152
mp-754081,Li3TiV3O8,LTO-family,75,Research Candidate,0,0.732126,0.774012,0.434227,0.695214,0.488417,0.324619,0.213967,0.275926
mp-3230281,Li5(AgGe)2,Other lithium material,61,Caution,1,0.147114,0.441575,0.462673,0.757131,0.519637,0.59986,0.362151,0.150822
mp-772906,LiFePO4,LFP-family,94,Recommend,0,0.75711,0.760957,0.521863,0.668621,0.500713,0.250936,0.07503,0.60473
mp-1666401,Li3MnV4O12,LMO-family,82,Research Candidate,0,0.833688,0.675551,0.345891,0.746934,0.423469,0.143862,0.546833,0.131788
mp-1277483,LiLa4CoO8,LCO-family,43,Avoid / Benchmark,0,0.727191,0.419594,0.191879,0.157007,0.613762,0.989321,0.335802,0.356112
mp-1176690,LiMn(PO3)4,LMO-family,82,Research Candidate,0,0.701016,0.308143,0.385742,0.634389,0.451485,0.186252,0.48033,0.032584
mp-767053,Li2Co(CO3)2,LCO-family,45,Avoid / Benchmark,0,0.8708,0.122204,0.400185,0.560967,0.694166,0.988213,0.290782,0.408949
mp-3206180,LiSc(Sn4Os)2,Other lithium material,61,Caution,1,0.200917,0.464237,0.505182,0.79002,0.490833,0.636187,0.362342,0.149508
mp-3201955,K4LiAgAs2,Other lithium material,51,Caution,1,0.347476,0.839392,0.476947,0.909527,0.45448,0.602869,0.431452,0.252149
mp-755505,Li2NbOF5,Other lithium material,51,Caution,0,0.550611,0.894407,0.661098,0.812524,0.633515,0.476769,0.588058,0.591409
mp-3203949,Li3Sc(Ta2N3)4,Other lithium material,61,Caution,1,0.169272,0.447541,0.479444,0.757301,0.518553,0.596807,0.358538,0.160472
mp-1236625,Ba4Li(RhO3)4,Other lithium material,50,Caution,0,0.36943,0.487764,0.61718,0.581115,0.713309,0.454548,0.311216,0.088538
mp-3252335,LiTbMnPt3,Other lithium material,64,Caution,1,0.260707,0.341388,0.381432,0.80829,0.460654,0.410208,0.690796,0.010289
mp-3204190,Li3ScAs6Rh7,Other lithium material,51,Caution,1,0.15622,0.440381,0.468577,0.752181,0.525291,0.590316,0.355698,0.155508
mp-12716,LiTlPd2,Other lithium material,61,Caution,1,0.137132,0.539244,0.470424,0.403207,0.351657,0.72914,0.504432,0.184574
mp-3252252,Li2TbLuSi3,Other lithium material,63,Caution,1,0.217081,0.473009,0.518552,0.799241,0.480874,0.647579,0.365421,0.152394
mp-1306034,Li2V3WO8,Other lithium material,55,Caution,0,0.558165,0.886455,0.624145,0.729329,0.646938,0.458162,0.386838,0.192865
mp-8132,Li(TiSe2)3,Other lithium material,63,Caution,1,0.126597,0.533824,0.461983,0.388056,0.363273,0.71107,0.503812,0.193048
mp-3207391,LiTaWN3,Other lithium material,61,Caution,1,0.233157,0.482017,0.532026,0.807085,0.471284,0.657905,0.368439,0.156592
mp-3241451,LiEuAl3Pd,Other lithium material,61,Caution,1,0.142791,0.433127,0.457499,0.743484,0.534145,0.579646,0.353297,0.154283
mp-19340,LiVO2,Other lithium material,61,Caution,1,0.332335,0.577181,0.604431,0.211844,0.556391,0.569007,0.45804,0.125745
mp-558555,LiFe(SeO3)2,Other lithium material,64,Caution,1,0.392923,0.577799,0.720042,0.206123,0.550517,0.518803,0.315218,0.451231
mp-3260315,Li5(LaSb2)4,Other lithium material,61,Caution,1,0.188919,0.46417,0.497168,0.783839,0.492277,0.632653,0.369682,0.155045
mp-3247282,LiEr4MnC8,Carbon-family,98,Recommend,1,0.511907,0.273483,0.256749,0.830158,0.242475,0.351762,0.527743,0.091448
mp-30392,Li2InAu,Other lithium material,61,Caution,1,0.007309,0.449698,0.331643,0.282069,0.529081,0.434024,0.559204,0.362047
mp-558731,Li2TeS3,Li-S or sulfide-family,78,Research Candidate,1,0.488223,0.805576,0.226256,0.507282,0.001897,0.594724,0.250876,0.449633
mp-757000,Li4Mn3Cr3(CuO8)2,LMO-family,79,Research Candidate,0,0.835267,0.661484,0.340307,0.763416,0.433578,0.141044,0.543211,0.111779
mp-756351,Li3Mn4NiO8,LMO-family,80,Research Candidate,0,0.824992,0.662179,0.333561,0.763534,0.430981,0.144914,0.550073,0.111603
mp-1185378,LiGd2Tl,Other lithium material,61,Caution,1,0.026029,0.356675,0.331032,0.643934,0.69002,0.314343,0.418139,0.326508
mp-1662512,Li4Co3Sb5O16,LCO-family,41,Avoid / Benchmark,0,0.866167,0.107079,0.388884,0.588153,0.701146,0.99344,0.297332,0.382808
mp-1174776,Li4MnCo2O7,LCO-family,43,Avoid / Benchmark,0,0.96585,0.004618,0.297249,0.644166,0.639374,0.81128,0.631908,0.234301
mp-757897,Li2Fe3CoO8,LCO-family,43,Avoid / Benchmark,0,0.594615,0.175371,0.087832,0.401079,1.0,0.485237,0.115297,0.770316
mp-755005,LiNbCrO4,Other lithium material,51,Caution,0,0.421159,0.515673,0.659819,0.615697,0.678595,0.496912,0.320302,0.092027
mp-1177507,Li3V2P4(HO8)2,Other lithium material,53,Caution,0,0.558244,0.310714,0.876593,0.654233,0.603964,0.605236,0.411656,0.186852
mp-1185431,LiSi3,Other lithium material,48,Caution,0,0.151197,0.449818,0.467579,0.772944,0.503986,0.622586,0.37061,0.14471
mp-568863,LiEu2CBr3N2,Carbon-family,95,Recommend,1,0.195874,0.341368,0.155569,0.215043,0.381907,0.271985,0.36793,0.471906
mp-759724,Li3MnF7,Other lithium material,50,Caution,0,0.25352,0.375566,0.432193,0.846336,0.434469,0.421175,0.890116,0.455543
mp-1097058,LiMn2O4,LMO-family,84,Research Candidate,0,0.809968,0.096502,0.580375,0.68104,0.375863,0.303158,0.585768,0.114471
mp-764850,Li3(NiO2)4,Other lithium material,47,Caution,0,0.533595,0.303547,0.855857,0.675949,0.597895,0.62529,0.426695,0.162836
mp-555899,Li2Si3O7,Silicon-family,81,Research Candidate,0,0.582918,0.54258,0.49925,0.145779,0.332549,0.477553,0.276529,0.283584
mp-3222502,Li3Sm3CdSi2,Other lithium material,53,Caution,1,0.141399,0.432369,0.456346,0.742755,0.534966,0.57874,0.353022,0.153962
mp-3209078,Cs2Li3FeO4,Other lithium material,64,Caution,1,0.447041,0.49817,0.745233,0.604937,0.689694,0.431699,0.18377,0.406867
mp-12829,LiCaGaF6,Other lithium material,57,Caution,1,0.147452,0.600648,0.550201,0.357622,0.328872,0.69738,0.673475,0.702031
mp-767710,Li2VP2O7,Other lithium material,53,Caution,0,0.553851,0.874502,0.614904,0.747916,0.653784,0.459507,0.391993,0.174751
mp-25402,Li2VPCO7,Carbon-family,89,Recommend,0,0.740223,0.778774,0.443105,0.678018,0.490267,0.31458,0.202802,0.289193
mp-1097447,LiBe2Rh,Other lithium material,36,Caution,0,0.193208,0.468115,0.501436,0.803119,0.476317,0.660158,0.365721,0.135169
mp-3256617,Sr2LiCo2N3,Other lithium material,56,Caution,1,0.416484,0.783986,0.322406,0.908433,0.591716,0.866636,0.464097,0.296308
mp-3249567,LiDyCu4,Other lithium material,61,Caution,1,0.031073,0.359364,0.335161,0.648287,0.686085,0.319617,0.418876,0.325737
mp-8313,Cs2Li2GeO4,Other lithium material,61,Caution,1,0.527465,0.418902,0.87807,0.259605,0.433595,0.722891,0.549283,0.247505
mp-3247756,Li2AcScSi2,Other lithium material,63,Caution,1,0.156537,0.440505,0.468795,0.753855,0.524258,0.592278,0.355532,0.153872
mp-774500,Li5NiO4,Other lithium material,49,Caution,0,0.433185,0.539914,0.678189,0.610766,0.65276,0.520297,0.322948,0.108053
mp-1372295,Li3V4O7F5,Other lithium material,42,Caution,0,0.532714,0.318404,0.902197,0.737639,0.58414,0.6351,0.614131,0.576314
mp-3200756,Li2Y3(CuSi2)2,Other lithium material,63,Caution,1,0.344967,0.829257,0.469687,0.927875,0.459498,0.605805,0.436325,0.235215
mp-1206881,LiTaS2,Li-S or sulfide-family,78,Research Candidate,1,0.309675,0.314641,0.214945,0.692829,0.239159,0.448849,0.031309,0.331177
mp-3216018,Li2Sn3RuS8,Li-S or sulfide-family,78,Research Candidate,1,0.332553,0.323127,0.233434,0.700386,0.229498,0.45974,0.024353,0.331337
mp-3285316,LiSc3Pt2,Other lithium material,61,Caution,1,0.149957,0.443252,0.465148,0.754629,0.520198,0.597062,0.363318,0.156
mp-752965,Li2V3O6,Other lithium material,53,Caution,0,0.549083,0.885124,0.616794,0.737157,0.644042,0.465548,0.395371,0.186718
mp-20049,LiFeP,Other lithium material,66,Caution,1,0.168287,0.513943,0.553947,0.415489,0.3662,0.668411,0.376145,0.484948
mp-1192557,Ba4Li2(CdAs2)3,Other lithium material,51,Caution,1,0.193305,0.565476,0.51628,0.429043,0.322505,0.761882,0.504285,0.19174
mp-768712,Li4MnCrO6,LMO-family,90,Research Candidate,1,0.826446,0.669584,0.338698,0.747294,0.428801,0.139723,0.546715,0.126786
mp-780315,Li4Cr2Fe3O10,Other lithium material,54,Caution,0,0.571779,0.281853,0.947085,0.667447,0.61782,0.548786,0.288182,0.480149
mp-3319221,Li30Si7Au,Other lithium material,63,Caution,1,0.157605,0.447191,0.47128,0.765483,0.511846,0.61001,0.363791,0.150014
mp-3260709,Li11SnP5,Other lithium material,63,Caution,1,0.340792,0.837904,0.47072,0.921847,0.450786,0.612522,0.441363,0.24388
mp-771049,Li2CoBO4,LCO-family,40,Avoid / Benchmark,0,0.749933,0.329566,0.195007,0.525185,0.768282,0.879279,0.193926,0.316053
mp-1112572,Cs2LiPdF6,Other lithium material,47,Caution,0,0.033313,0.376381,0.384511,0.697459,0.678424,0.314978,0.609075,0.755966
mp-1207008,LiMnSb2,Other lithium material,49,Caution,0,0.269787,0.352197,0.390337,0.831428,0.439416,0.441667,0.699528,0.0
mp-756853,LiBSbO3,Other lithium material,50,Caution,0,0.548102,0.311934,0.870193,0.656154,0.599404,0.612357,0.417758,0.184373
mp-559441,LiTiPO5,LTO-family,81,Research Candidate,0,0.702357,0.307865,0.689507,0.219404,0.276985,0.583842,0.37689,0.33773
mp-1210901,LiLa2TiO6,LTO-family,75,Research Candidate,0,0.729434,0.766313,0.428363,0.703473,0.495187,0.320783,0.218049,0.26866
mp-3249500,LiAcAs2O7,Other lithium material,51,Caution,1,0.566531,0.907397,0.640741,0.698541,0.634416,0.457018,0.378167,0.22354
mp-2032538,Li2ZnGe,Other lithium material,61,Caution,1,0.129493,0.432134,0.448208,0.743332,0.532595,0.583078,0.359362,0.151921
mp-753560,LiVPHO5,Other lithium material,63,Caution,1,0.559227,0.316444,0.880479,0.642848,0.601445,0.602855,0.408717,0.197059
mp-756669,Li4Ti3CrO8,LTO-family,74,Research Candidate,0,0.53901,0.376384,0.425734,0.531209,0.559553,0.30922,0.136438,0.183685
mp-559814,Li5SbS3I2,Li-S or sulfide-family,78,Research Candidate,1,0.376784,0.458925,0.291111,0.363449,0.021148,0.629603,0.1706,0.384549
mp-3206687,LiZr6Zn22As,Other lithium material,51,Caution,1,0.035005,0.35572,0.336987,0.640345,0.694311,0.307182,0.411078,0.329284
mp-3213241,K2LiCrCl6,Other lithium material,61,Caution,1,0.16765,0.463232,0.487953,0.713919,0.516148,0.580471,0.349065,0.197214
mp-558897,LiMgIn(MoO4)3,Other lithium material,61,Caution,1,0.535673,0.415531,0.882206,0.260352,0.438986,0.716591,0.543246,0.246081
mp-3204290,Li8In3SiPd4,Other lithium material,63,Caution,1,0.041537,0.358876,0.342159,0.645072,0.690363,0.312149,0.412537,0.329576
mp-1235791,LiTm2(ClO)2,Other lithium material,46,Caution,0,0.406176,0.507629,0.647505,0.60446,0.689334,0.48322,0.317855,0.092399
mp-849759,Li2Si4(NiO4)3,Silicon-family,72,Research Candidate,0,0.599631,0.408839,0.475472,0.579457,0.514542,0.367856,0.145914,0.179027
mp-755029,Li5Nb2Co5O12,LCO-family,41,Avoid / Benchmark,0,0.877967,0.677147,0.141074,0.675518,0.749104,0.844644,0.269841,0.380274
mp-1195894,K9Li3Nd3(BO3)7,Other lithium material,61,Caution,1,0.546849,0.991035,0.63733,0.331021,0.487099,0.560146,0.51273,0.258127
mp-541568,Sr2Li3NbN4,Other lithium material,61,Caution,1,0.200876,0.580828,0.529202,0.406668,0.314223,0.759524,0.499119,0.215775
mp-638141,LiSn5Rh3,Other lithium material,61,Caution,1,0.186332,0.56566,0.51086,0.440015,0.316444,0.773992,0.51248,0.183456
mp-674219,LiCr3O8,Other lithium material,61,Caution,1,0.423563,0.535002,0.67044,0.602208,0.660032,0.510418,0.321364,0.109658
mp-867913,LiHo2Ir,Other lithium material,61,Caution,1,0.027394,0.35748,0.332221,0.642732,0.690289,0.313,0.4187,0.328994
mp-777846,Li2MnF4,Other lithium material,52,Caution,0,0.447629,0.781273,0.445997,0.990906,0.361595,0.429515,0.963792,0.565601
mp-1235197,LiFe8(O7F)2,Other lithium material,49,Caution,0,0.557447,0.289633,0.980422,0.745803,0.602895,0.569316,0.484689,0.876056
mp-1175537,Li9Mn2Co5O16,LCO-family,43,Avoid / Benchmark,0,0.964562,0.002467,0.295322,0.646976,0.640574,0.811487,0.632498,0.231029
mp-3326808,LiPr4Mn3O12,LMO-family,90,Research Candidate,1,0.821122,0.094357,0.586785,0.679231,0.382728,0.29285,0.581459,0.11874
mp-3211746,Li3PdPt4,Other lithium material,61,Caution,1,0.14694,0.441536,0.46258,0.75533,0.520698,0.597756,0.362376,0.152718
mp-758689,Li3CuF4,Other lithium material,47,Caution,0,0.130631,0.460078,0.501488,0.78749,0.51369,0.587786,0.554694,0.591774
mp-777834,Li3MnV(PO4)3,LMO-family,82,Research Candidate,0,0.840755,0.666456,0.346071,0.758105,0.431852,0.138956,0.543772,0.121069
mp-754571,Li4Co7(OF7)2,LCO-family,37,Avoid / Benchmark,0,0.861589,0.136577,0.440075,0.628156,0.677976,1.003511,0.486956,0.819285
mp-1175092,Li7Mn2(CoO4)3,LCO-family,39,Avoid / Benchmark,0,0.97496,0.574013,0.047664,0.729441,0.687923,0.661675,0.603199,0.231355
mp-3253603,RbLi2LaBi2,Other lithium material,61,Caution,1,0.159821,0.448683,0.475314,0.739328,0.52093,0.58871,0.352624,0.168769
mp-1185411,LiEu3,Other lithium material,51,Caution,0,0.151794,0.45017,0.468098,0.772418,0.504104,0.621998,0.370855,0.145798
mp-675734,Li7B18O,Other lithium material,53,Caution,0,0.541507,0.873562,0.605976,0.762556,0.643658,0.480201,0.396079,0.156422
mp-3245456,RbLiPuS3,Li-S or sulfide-family,78,Research Candidate,1,0.395344,0.349161,0.280556,0.760166,0.190388,0.515519,0.040143,0.320694
mp-850943,Li6TiNi3(PO4)6,LTO-family,73,Research Candidate,0,0.727638,0.192989,0.681224,0.625293,0.448463,0.471783,0.239355,0.262143
mp-1211214,Li4Be3As3BrO12,Other lithium material,51,Caution,1,0.266341,0.430458,0.512978,0.412159,0.875535,0.150608,0.348175,0.31767
mp-1113707,Rb2LiRhF6,Other lithium material,57,Caution,1,0.037928,0.389639,0.394707,0.673753,0.672623,0.309869,0.603785,0.77942
mp-5077,NaLi2Sb,Other lithium material,61,Caution,1,0.004073,0.452231,0.331526,0.268374,0.530725,0.426747,0.556375,0.372048
mp-757928,LiCoPO4,LCO-family,43,Avoid / Benchmark,0,0.686607,0.301933,0.146752,0.460927,0.812649,0.815008,0.180151,0.332378
mp-6253,KLiBeF4,Other lithium material,47,Caution,1,0.141975,0.600503,0.547349,0.347511,0.331506,0.691247,0.67082,0.707074
mp-3252708,LiPr3Cd3Ga2,Other lithium material,51,Caution,1,0.141303,0.432312,0.456262,0.74284,0.534947,0.578835,0.352982,0.153785
mp-756007,Li3Cu3(PO4)2,Other lithium material,53,Caution,0,0.558277,0.880702,0.620767,0.745586,0.647258,0.46518,0.389833,0.17839
mp-3202707,Cs4LiAgBi2,Other lithium material,61,Caution,1,0.346341,0.836368,0.474578,0.914917,0.455756,0.604113,0.432592,0.246717
mp-3368,LiNb3O8,Other lithium material,61,Caution,1,0.528809,0.98913,0.623147,0.344376,0.481465,0.573623,0.529551,0.248098
mp-759745,Li4V3P8O29,Other lithium material,55,Caution,0,0.549476,0.310592,0.870116,0.659877,0.600478,0.612257,0.419621,0.182739
mp-770782,Li6V(BO3)3,Other lithium material,51,Caution,0,0.55955,0.893082,0.628779,0.71544,0.644647,0.454214,0.383784,0.205809
mp-1104331,Li2Nd2Ge3,Other lithium material,61,Caution,1,0.183706,0.564302,0.50875,0.436464,0.319212,0.769751,0.512291,0.185313
mp-3217328,Li4DyY3O8,Other lithium material,61,Caution,1,0.573061,0.918057,0.650429,0.679181,0.631935,0.449088,0.376374,0.246219
mp-805196,Li2MgCr3(SO4)6,Li-S or sulfide-family,63,Research Candidate,0,0.706524,0.16346,0.609138,0.65221,0.311205,0.502995,0.077967,0.29237
mp-1343159,Li2Cr2O7,Other lithium material,46,Caution,0,0.530007,0.30143,0.852732,0.679107,0.597187,0.628822,0.425222,0.1563
mp-3313001,Cs2Li3NiO4,Other lithium material,57,Caution,1,0.421042,0.523252,0.66418,0.603374,0.672564,0.498887,0.314698,0.100616
mp-1176839,Li8MnFe7(BO3)8,LMO-family,87,Research Candidate,0,0.858452,0.086533,0.685698,0.644679,0.39333,0.216413,0.432793,0.455029
mp-3286997,Li8Nd7ThPt8,Other lithium material,61,Caution,1,0.348255,0.83107,0.472434,0.928888,0.457956,0.607118,0.437082,0.236779
mp-26749,LiFeP2O7,LFP-family,96,Recommend,0,0.755375,0.754037,0.516895,0.681145,0.504127,0.252961,0.07834,0.593146
mp-3311747,LiEu2TeO6,Other lithium material,61,Caution,1,0.553929,0.874516,0.614943,0.748825,0.653252,0.460567,0.391877,0.173787
mp-768774,LiBi4B3O11,Other lithium material,51,Caution,0,0.559544,0.899827,0.632742,0.701944,0.640914,0.452722,0.379348,0.216498
mp-3248217,Li2TmThSi3,Other lithium material,63,Caution,1,0.217012,0.472969,0.518493,0.799301,0.480861,0.647646,0.365393,0.152269
mp-775460,Li2CrFe3O8,Other lithium material,53,Caution,0,0.474361,0.501979,0.761251,0.65156,0.673385,0.464534,0.194546,0.383874
mp-1153,Li2S,Li-S or sulfide-family,78,Research Candidate,1,0.178378,0.34923,0.101872,0.1969,0.226151,0.296,0.228669,0.570897
mp-3296926,Li8SiS6,Li-S or sulfide-family,80,Research Candidate,1,0.320967,0.339642,0.235436,0.656951,0.224592,0.44697,0.021908,0.368392
mp-1018781,Li3SmSb2,Other lithium material,61,Caution,1,0.124693,0.532701,0.460325,0.389732,0.362898,0.712945,0.50303,0.189579
mp-1643680,Li4FeTe(WO6)2,Other lithium material,54,Caution,0,0.57937,0.276761,0.949887,0.671268,0.623953,0.543166,0.282817,0.475661
mp-1202424,Li5La5(SiN3)4,Other lithium material,63,Caution,1,0.168062,0.565591,0.503675,0.373723,0.33864,0.724586,0.49286,0.224495
mp-20698,LiCoAs,Other lithium material,46,Caution,1,0.217159,0.49858,0.330171,0.388976,0.478432,0.996384,0.533772,0.246782
mp-3251630,LiNd2Ag3O8,Other lithium material,61,Caution,1,0.545908,0.310857,0.868409,0.657681,0.598833,0.614505,0.41671,0.180686
mp-3285766,Li(HfS2)8,Li-S or sulfide-family,78,Research Candidate,1,0.326967,0.318664,0.22606,0.716658,0.229464,0.466236,0.037525,0.322017
mp-753861,Li2VF6,Other lithium material,57,Caution,1,0.144796,0.578626,0.533802,0.430224,0.327501,0.730425,0.696758,0.643969
mp-3251179,LiPmInPt,Other lithium material,61,Caution,1,0.042067,0.35922,0.34265,0.643629,0.691016,0.31049,0.412902,0.331647
mp-1177976,Li2FeCo3O8,LCO-family,46,Avoid / Benchmark,0,0.89993,0.646736,0.216884,0.68613,0.767316,0.781587,0.139266,0.674963
mp-1647114,LiCoP2O7,LCO-family,43,Avoid / Benchmark,0,0.879326,0.682238,0.144794,0.664488,0.747775,0.840804,0.267813,0.390999
mp-760207,Na2Li4Co2C4SO16,LCO-family,44,Avoid / Benchmark,0,0.765484,0.315451,0.154895,0.509392,0.643839,0.868323,0.023172,0.403388
mp-1022534,LiMg6Zr,Other lithium material,50,Caution,0,0.220424,0.480816,0.522814,0.815704,0.465077,0.671032,0.373577,0.144935
mp-3207987,Li12SiOsN8,Other lithium material,63,Caution,1,0.187694,0.461147,0.496728,0.76718,0.501129,0.617146,0.358457,0.161862
mp-3252543,LiThSi2Pd,Other lithium material,63,Caution,1,0.184486,0.455561,0.491812,0.773219,0.505121,0.615958,0.360338,0.154988
mp-3248121,Li3Ac2HoGe3,Other lithium material,61,Caution,1,0.232507,0.48172,0.53149,0.80933,0.469964,0.660812,0.367773,0.153409
mp-1175104,Li7Mn2(CoO4)3,LCO-family,43,Avoid / Benchmark,0,0.975385,0.574264,0.048034,0.729067,0.688006,0.661257,0.603374,0.232129
mp-3212383,Sr5Li6CaH18,Other lithium material,61,Caution,1,0.170385,0.463919,0.489642,0.726087,0.509326,0.59373,0.348442,0.186017
mp-1185291,Li3Zn,Other lithium material,53,Caution,0,0.119727,0.433002,0.441788,0.746909,0.527906,0.590996,0.365841,0.148246
mp-1173991,Li3Mn2O5,LMO-family,80,Research Candidate,0,0.810324,0.098707,0.581865,0.67609,0.375231,0.301565,0.584724,0.119029
mp-861657,Li2PrAl,Other lithium material,61,Caution,1,0.025812,0.356547,0.330844,0.644124,0.689977,0.314557,0.41805,0.326113
mp-3246318,Li(HoP)2,Other lithium material,63,Caution,1,0.134122,0.434865,0.452239,0.739258,0.533507,0.578522,0.361263,0.160352
mp-867829,LiVRh2,Other lithium material,61,Caution,1,0.026816,0.357139,0.331717,0.643241,0.690175,0.313569,0.418462,0.327941
mp-3206344,Li6TcN4,Other lithium material,61,Caution,1,0.164997,0.451509,0.477595,0.767317,0.50822,0.612959,0.365326,0.153866
mp-20150,LiCa2Si3,Other lithium material,63,Caution,1,0.185483,0.565192,0.510151,0.439784,0.316824,0.77369,0.51228,0.183018
mp-760353,LiCu2F7,Other lithium material,47,Caution,0,0.330691,0.851275,0.50962,0.985201,0.438132,0.621905,0.638516,0.658283
mp-753040,LiMnP3HO10,LMO-family,82,Research Candidate,0,0.84135,0.671482,0.34933,0.748864,0.428992,0.138119,0.540828,0.128831
mp-857362,LiMnPO4,LMO-family,82,Research Candidate,0,0.707246,0.330733,0.402269,0.592716,0.441233,0.177967,0.470158,0.072012
mp-3206918,Cs2LiRh3F12,Other lithium material,57,Caution,1,0.155678,0.471846,0.52304,0.789403,0.50318,0.596436,0.547262,0.598746
mp-3275723,LiCd3Pt2,Other lithium material,51,Caution,1,0.025668,0.356526,0.330777,0.642297,0.691044,0.312424,0.418288,0.328063
mp-22584,LiMn2O4,LMO-family,82,Research Candidate,0,0.481394,0.279466,0.190667,0.11221,0.505417,-0.033533,0.672144,0.239787
mp-3250140,LiLa(BIr)4,Other lithium material,61,Caution,1,0.241771,0.486271,0.53885,0.817565,0.463286,0.669916,0.369482,0.152
mp-865731,Li2HgPd,Other lithium material,51,Caution,1,0.026659,0.357046,0.33158,0.64338,0.690144,0.313724,0.418398,0.327654
mp-757278,Li3V(PO4)2,Other lithium material,55,Caution,0,0.551595,0.318303,0.87576,0.645046,0.597349,0.608687,0.416254,0.19689
mp-3202795,LiTaIrRu,Other lithium material,61,Caution,1,0.040703,0.358416,0.341463,0.644829,0.690747,0.311832,0.412342,0.329164
mp-3268810,Li2PPd5,Other lithium material,63,Caution,1,0.213053,0.477008,0.516894,0.805584,0.472936,0.65895,0.37307,0.150319
mp-1177687,Li3Mn7O12,LMO-family,80,Research Candidate,0,0.809233,0.094135,0.578601,0.685292,0.376949,0.303986,0.586785,0.11037
mp-756006,LiSbS,Li-S or sulfide-family,78,Research Candidate,1,0.504644,0.137862,0.475539,0.809009,0.113043,0.635483,0.14512,0.400226
mp-643276,LiMg2H7Ru,Other lithium material,61,Caution,1,0.119509,0.543238,0.465907,0.334068,0.368795,0.684578,0.481717,0.226745
mp-759453,Li3V3P8O29,Other lithium material,53,Caution,0,0.560856,0.882341,0.623071,0.744016,0.647124,0.463771,0.390642,0.182194
mp-728,Li2Pd,Other lithium material,61,Caution,1,0.097485,0.524138,0.439508,0.382283,0.369559,0.707318,0.506349,0.184009
mp-3213222,Sr2LiScSi2,Other lithium material,63,Caution,1,0.212417,0.473724,0.51662,0.788623,0.482859,0.64176,0.362672,0.1584
mp-3323719,Li6Ga13Ag,Other lithium material,61,Caution,1,0.337424,0.831395,0.465136,0.933244,0.453003,0.61608,0.443064,0.231286
mp-759948,Li2VCrP2(HO5)2,Other lithium material,57,Caution,0,0.568213,0.317197,0.887442,0.636074,0.604654,0.595592,0.400499,0.202287
mp-14030,Na2LiY(Si2O5)3,Silicon-family,87,Research Candidate,1,0.594639,0.532547,0.503202,0.145954,0.346711,0.461652,0.264071,0.278864
mp-3331826,LiNd3S4,Li-S or sulfide-family,78,Research Candidate,1,0.398378,0.357071,0.284812,0.76811,0.179459,0.52904,0.049504,0.32263
mp-753383,LiAgF4,Other lithium material,49,Caution,0,0.333353,0.860455,0.516399,0.968668,0.43381,0.618877,0.634418,0.674001
mp-759029,LiBiP2O7,Other lithium material,53,Caution,0,0.561174,0.899941,0.633653,0.703007,0.641208,0.452299,0.380426,0.217196
mp-1177053,Li5V3P8O29,Other lithium material,55,Caution,0,0.550123,0.312311,0.871463,0.656813,0.599754,0.611548,0.418974,0.185829
mp-3331982,Li2GePt5,Other lithium material,61,Caution,1,0.16308,0.450199,0.475842,0.767503,0.509092,0.612584,0.365001,0.15224
mp-1666215,Li4Fe3Sn3(SbO8)2,Other lithium material,58,Caution,0,0.578079,0.273137,0.947084,0.677742,0.625521,0.544592,0.284239,0.46922
mp-775760,LiFeF3,Other lithium material,50,Caution,0,0.35791,0.276201,0.857002,0.872169,0.397433,0.699118,0.530611,1.0
mp-759647,LiWF6,Other lithium material,57,Caution,1,0.342012,0.877479,0.530926,0.938829,0.427928,0.609713,0.629847,0.706794
mp-1177857,Li2Ti2Sb2O,LTO-family,85,Research Candidate,1,0.548759,0.381276,0.433432,0.549007,0.546686,0.330338,0.136439,0.171565
mp-3211049,LiIn(IrS2)4,Li-S or sulfide-family,78,Research Candidate,1,0.217616,0.24112,0.1066,0.59324,0.395313,0.180706,0.081497,0.505501
mp-1211129,LiP4(RuO7)2,Other lithium material,57,Caution,0,0.546103,0.304486,0.864776,0.669604,0.603003,0.614662,0.421213,0.171776
mp-773078,Li7Ca8Nb12O40,Other lithium material,55,Caution,0,0.550215,0.30669,0.868216,0.667315,0.603387,0.611763,0.422883,0.17789
mp-758341,Li3Mn(CO3)3,LMO-family,82,Research Candidate,0,0.71254,0.318742,0.397793,0.635512,0.439976,0.197421,0.479072,0.037783
mp-754372,LiCoOF2,LCO-family,36,Avoid / Benchmark,0,0.864588,0.698329,0.182876,0.719916,0.731868,0.852187,0.459682,0.806869
mp-18050,Li2MoO4,Other lithium material,61,Caution,1,0.35081,0.612695,0.63476,0.1662,0.534131,0.569943,0.44578,0.175459
mp-3208307,Rb2LiHg3F12,Other lithium material,47,Caution,1,0.16335,0.471707,0.526792,0.807868,0.49744,0.609581,0.550535,0.586956
mp-1569254,Li2Ni2BiO6,Other lithium material,51,Caution,0,0.450513,0.536354,0.686776,0.633141,0.651568,0.529173,0.320885,0.093002
mp-1097520,BaLi2Ca,Other lithium material,46,Caution,0,0.196001,0.468335,0.50303,0.803323,0.477777,0.657486,0.367841,0.138217
mp-1100392,LiSiB,Other lithium material,55,Caution,0,0.031428,0.361318,0.336492,0.644721,0.685044,0.319174,0.417832,0.328875
mp-3208250,Ba4LiAgO6,Other lithium material,61,Caution,1,0.428858,0.527877,0.670898,0.604727,0.668984,0.501415,0.316369,0.105324
mp-1222671,Li2CdIn,Other lithium material,51,Caution,1,0.031754,0.359766,0.335754,0.647687,0.686219,0.318946,0.419156,0.326977
mp-554560,Li4Be3P3BrO12,Other lithium material,53,Caution,1,0.24795,0.537472,0.522062,0.016019,0.710984,0.258999,0.481494,0.383066
mp-3260358,Li2GePd5,Other lithium material,61,Caution,1,0.212924,0.476932,0.516782,0.805697,0.47291,0.659077,0.373017,0.150084
mp-772899,Li3ZrO3,Other lithium material,51,Caution,0,0.375747,0.497484,0.624177,0.590077,0.700837,0.469388,0.321333,0.092028
mp-1176610,LiNi(PO3)3,Other lithium material,53,Caution,0,0.463693,0.568108,0.712302,0.577744,0.638325,0.516046,0.309773,0.150201
mp-865893,LiZr2Tc,Other lithium material,61,Caution,1,0.025625,0.356437,0.330681,0.644289,0.68994,0.314741,0.417974,0.325772
mp-556649,Li4Ga3Si3BrO12,Silicon-family,87,Research Candidate,1,0.415108,0.412554,0.321301,0.0,0.558784,0.128063,0.312281,0.445895
mp-754896,Li3(NiO2)4,Other lithium material,51,Caution,0,0.541943,0.874011,0.606531,0.75631,0.64703,0.472946,0.397147,0.163855
mp-778338,Li4V2Co3Sn3O16,LCO-family,40,Avoid / Benchmark,0,0.886912,0.683572,0.151372,0.655406,0.75038,0.833708,0.258231,0.396746
mp-3253701,Li3Ho3InGe2,Other lithium material,61,Caution,1,0.142258,0.432876,0.457094,0.741999,0.535136,0.577894,0.353375,0.155526
mp-1211132,Li5OsO6,Other lithium material,61,Caution,1,0.544904,0.875757,0.609109,0.753704,0.647614,0.470032,0.398363,0.169249
mp-1187184,SrLi2In,Other lithium material,53,Caution,0,0.02583,0.356557,0.330859,0.644109,0.689981,0.31454,0.418058,0.326145
mp-722903,K2LiAlF6,Other lithium material,42,Caution,0,0.132792,0.449394,0.49813,0.803296,0.518569,0.591048,0.548218,0.5708
mp-1177694,Li3Fe2OF5,Other lithium material,50,Caution,0,0.568108,0.313481,1.0,0.703679,0.593813,0.557878,0.477091,0.920556
mp-1191394,Li8Nd7Ge10,Other lithium material,55,Caution,0,0.182442,0.56362,0.507708,0.435623,0.320059,0.76872,0.512069,0.185224
mp-1245354,Li7CrN4,Other lithium material,55,Caution,0,0.032217,0.360103,0.336215,0.645326,0.687406,0.316216,0.419642,0.330033
mp-1175106,Li7Mn2(CoO4)3,LCO-family,43,Avoid / Benchmark,0,0.976369,0.574781,0.048832,0.730155,0.687105,0.662564,0.603481,0.231708
mp-752899,LiMn(PO3)3,LMO-family,84,Research Candidate,0,0.658849,0.31104,0.366228,0.540795,0.474327,0.12858,0.458687,0.086703
mp-3213273,LiFe(NO3)4,Other lithium material,64,Caution,1,0.572331,0.848442,0.691427,0.750567,0.666661,0.400669,0.255449,0.471185
mp-770997,Li2HfO3,Other lithium material,55,Caution,0,0.558453,0.90933,0.635905,0.694081,0.633993,0.45532,0.38648,0.230466
mp-3285032,LiOs3O8,Other lithium material,61,Caution,1,0.540205,0.873049,0.605076,0.755887,0.647783,0.472382,0.39673,0.162902
mp-759216,LiY3WO8,Other lithium material,51,Caution,0,0.461533,0.55517,0.703603,0.59956,0.646465,0.516527,0.317181,0.131728
mp-989405,Cs2LiInBr6,Other lithium material,61,Caution,1,0.043293,0.368291,0.348708,0.618725,0.691053,0.298611,0.409242,0.355354
mp-756242,Li2CrFeO4,Other lithium material,64,Caution,1,0.574167,0.289956,0.953099,0.651945,0.614595,0.54494,0.284766,0.495121
mp-1290754,Li2TiFe3O8,LTO-family,80,Research Candidate,0,0.742859,0.167388,0.754511,0.6328,0.461208,0.413553,0.115028,0.561746
mp-3214366,Li2CdSnSe4,Other lithium material,51,Caution,1,0.241227,0.497289,0.545121,0.78864,0.461068,0.659619,0.363055,0.176756
mp-1222341,LiTa2O6,Other lithium material,51,Caution,0,0.371436,0.495259,0.620716,0.584102,0.705465,0.462256,0.321045,0.095241
mp-1645663,Li7Mn4CoO12,LCO-family,44,Avoid / Benchmark,0,0.965693,0.003134,0.296306,0.645981,0.640797,0.810374,0.632962,0.233087
mp-764842,LiVOF3,Other lithium material,49,Caution,0,0.550324,0.907797,0.668863,0.781987,0.628229,0.469508,0.579712,0.61662
mp-1302545,Li3(CoO2)4,LCO-family,41,Avoid / Benchmark,0,0.861588,0.674426,0.129185,0.675157,0.748592,0.847697,0.27509,0.37561
mp-3253657,Li2Eu(AgP)2,Other lithium material,63,Caution,1,0.155994,0.440248,0.46838,0.752379,0.525246,0.590538,0.355606,0.155096
mp-756316,Li3SbS4,Li-S or sulfide-family,78,Research Candidate,1,0.408133,0.376319,0.301048,0.749044,0.1637,0.536885,0.041589,0.342696
mp-760999,Li4TiMn3O8,LMO-family,82,Research Candidate,0,0.820108,0.096601,0.587558,0.675741,0.380149,0.294831,0.578934,0.119893
mp-757730,Li2CoCO4,LCO-family,43,Avoid / Benchmark,0,0.877454,0.692913,0.150145,0.637747,0.743879,0.834062,0.2602,0.411842
mp-867265,LiTm2Os,Other lithium material,61,Caution,1,0.026301,0.356835,0.331269,0.643695,0.690074,0.314076,0.418251,0.327002
mp-3204760,Li4AgAu3S4,Li-S or sulfide-family,78,Research Candidate,1,0.514967,0.146102,0.487604,0.787652,0.112817,0.625407,0.133053,0.418518
mp-752531,Li(NiO2)2,Other lithium material,49,Caution,0,0.406821,0.513844,0.649417,0.623299,0.673005,0.50933,0.324903,0.080024
mp-3213229,LiZnCuF6,Other lithium material,57,Caution,1,0.193643,0.490895,0.553452,0.82096,0.476447,0.631941,0.55426,0.595208
mp-1275513,Li2V3CrO8,Other lithium material,55,Caution,0,0.557096,0.88192,0.620925,0.73755,0.649214,0.459424,0.389062,0.18534
mp-3230874,LiTh3Sn3Os2,Other lithium material,61,Caution,1,0.141376,0.432356,0.456326,0.742775,0.534962,0.578762,0.353013,0.15392
mp-696949,Li3TeHO4,Other lithium material,61,Caution,1,0.535776,0.990037,0.629108,0.339627,0.481715,0.571682,0.519079,0.248385
mp-3213641,LiCa2AlSi2,Other lithium material,63,Caution,1,0.217205,0.473174,0.518704,0.799877,0.480273,0.648587,0.36524,0.151691
mp-570363,LiSi,Other lithium material,48,Caution,0,0.160128,0.566281,0.495998,0.411992,0.320103,0.762371,0.511031,0.196231
mp-3231973,LiY3In3Pd2,Other lithium material,61,Caution,1,0.142521,0.433031,0.457322,0.741768,0.535187,0.577636,0.353482,0.156004
mp-3252413,Li3Ho3CdP2,Other lithium material,53,Caution,1,0.143216,0.433781,0.458127,0.740522,0.535108,0.576934,0.353536,0.157756
mp-776813,LiMnF4,Other lithium material,54,Caution,0,0.311894,0.406008,0.479635,0.892337,0.39286,0.475245,0.900157,0.452178
mp-1246064,Li3NiN2,Other lithium material,47,Caution,0,0.037565,0.362876,0.34052,0.652343,0.681888,0.324603,0.42006,0.326496
mp-1176736,LiFe2OF3,Other lithium material,52,Caution,0,0.385539,0.493891,0.747745,0.609149,0.708817,0.39104,0.366127,0.839121
mp-1093540,Li2GaBi,Other lithium material,46,Caution,0,0.197181,0.46816,0.503547,0.80391,0.478565,0.656371,0.36892,0.139122
mp-684817,K2LiTa6(PO8)3,Other lithium material,63,Caution,1,0.565129,0.32747,0.890032,0.624502,0.597236,0.597776,0.405825,0.217526
mp-770589,Li3Al2FeO6,Other lithium material,54,Caution,0,0.583818,0.86332,0.70618,0.725349,0.663766,0.388927,0.25464,0.503681
mp-1235649,Ba2LiMn2(P2O7)2,LMO-family,81,Research Candidate,0,0.830244,0.096858,0.594833,0.670148,0.384334,0.286499,0.571991,0.125537
mp-1173983,Li3Co2O5,LCO-family,41,Avoid / Benchmark,0,0.864429,0.677941,0.132705,0.67198,0.746277,0.848209,0.274492,0.380229
mp-757962,LiCoPO4,LCO-family,43,Avoid / Benchmark,0,0.69594,0.30982,0.156126,0.461119,0.80502,0.821596,0.17998,0.337924
mp-531078,Li13Co11O24,LCO-family,45,Avoid / Benchmark,0,0.8633,0.676656,0.13138,0.672294,0.747585,0.847082,0.274791,0.37941
mp-1191653,Li3As,Other lithium material,43,Caution,0,0.115642,0.536282,0.455881,0.38749,0.357459,0.718901,0.508409,0.19154
mp-780331,LiMnPO4,LMO-family,82,Research Candidate,0,0.725311,0.344103,0.419292,0.597452,0.427163,0.191843,0.470968,0.079083
mp-3211696,LiB2PdRh2,Other lithium material,61,Caution,1,0.345948,0.82974,0.470454,0.929942,0.458048,0.608251,0.436283,0.233683
mp-1174411,Li5Mn2CoO8,LCO-family,44,Avoid / Benchmark,0,0.977183,0.575278,0.049551,0.729408,0.687255,0.661762,0.603804,0.233215
mp-3205735,Sr2Li(As3Pd10)2,Other lithium material,51,Caution,1,0.035433,0.355593,0.337138,0.640675,0.694637,0.306781,0.411513,0.329523
mp-1174755,Li4MnCo2O7,LCO-family,43,Avoid / Benchmark,0,0.965352,0.003083,0.296087,0.646919,0.640066,0.811837,0.63255,0.231621
mp-774579,LiTi2(PO4)3,LTO-family,81,Research Candidate,0,0.726384,0.214517,0.691395,0.5913,0.43606,0.469347,0.238832,0.297372
mp-752743,Li2MnPO5,LMO-family,82,Research Candidate,0,0.828332,0.673326,0.341882,0.740731,0.427499,0.137725,0.545696,0.133977
mp-4855,Li2SeO4,Other lithium material,61,Caution,1,0.348579,0.610126,0.632082,0.170501,0.534489,0.572207,0.445719,0.169605
mp-3214961,Li4ZnAsPd6,Other lithium material,51,Caution,1,0.161087,0.442934,0.472522,0.757667,0.520773,0.596901,0.356215,0.153307
mp-1218571,Sr3Li4Nb6O20,Other lithium material,53,Caution,0,0.4474,0.537893,0.686236,0.613068,0.659028,0.51161,0.320363,0.111254
mp-3320590,Li30Si7Pt,Other lithium material,63,Caution,1,0.157619,0.4472,0.471292,0.765471,0.511849,0.609996,0.363796,0.150039
mp-3204890,LiCrPbF6,Other lithium material,47,Caution,1,0.163668,0.486108,0.535563,0.767318,0.49697,0.591465,0.543521,0.623755
mp-1185315,Li3La3(MoO6)2,Other lithium material,61,Caution,1,0.251062,0.422308,0.498504,0.420329,0.880248,0.150633,0.358361,0.30845
mp-766080,Li4Mn2Cr3Sb3O16,LMO-family,80,Research Candidate,0,0.836728,0.663099,0.342021,0.760727,0.433387,0.139565,0.543298,0.115515
mp-1176598,LiMnSnO4,LMO-family,80,Research Candidate,0,0.679901,0.301448,0.371108,0.610112,0.463531,0.166971,0.473678,0.039492
mp-697664,LiCr4(PO4)3,Other lithium material,55,Caution,0,0.557574,0.889246,0.625504,0.721241,0.646526,0.455167,0.384964,0.199456
mp-764993,Li3V3P8O29,Other lithium material,53,Caution,0,0.549803,0.312416,0.871357,0.656549,0.599504,0.611847,0.418643,0.185664
mp-3208614,Li2MgPd3O8,Other lithium material,61,Caution,1,0.363867,0.493202,0.617555,0.560576,0.712338,0.448197,0.304684,0.10147
mp-3201937,LiYH6Ru,Other lithium material,61,Caution,1,0.047653,0.380945,0.35832,0.604347,0.680378,0.304,0.402627,0.368147
mp-864930,LiTiIr2,Other lithium material,63,Caution,1,0.027681,0.357649,0.332471,0.64248,0.690346,0.312718,0.418817,0.329517
mp-3276210,Li3Ta3Ir5Ru,Other lithium material,61,Caution,1,0.226591,0.47811,0.526364,0.806502,0.473986,0.656419,0.366955,0.152012
mp-778762,LiMn2(BO3)2,LMO-family,80,Research Candidate,0,0.819965,0.095747,0.586982,0.677302,0.380612,0.295014,0.579401,0.118532
mp-3214614,Na3Li2CrAs3,Other lithium material,51,Caution,1,0.216384,0.47263,0.517976,0.798876,0.481285,0.647126,0.365284,0.152232
mp-775901,LiV3OF11,Other lithium material,49,Caution,0,0.542504,0.333084,0.915942,0.712417,0.580399,0.624985,0.612077,0.606866
mp-862946,Li2PmSi,Other lithium material,57,Caution,0,0.026077,0.356703,0.331074,0.643891,0.69003,0.314296,0.418159,0.326595
mp-780111,Li2Mn3(BO3)3,LMO-family,80,Research Candidate,0,0.818727,0.092944,0.5847,0.681339,0.382256,0.295207,0.580476,0.114378
mp-16264,LiCaSb,Other lithium material,61,Caution,1,0.186948,0.570124,0.513854,0.427239,0.316794,0.767486,0.510787,0.195741
mp-803565,Li3Cr3GaO8,Other lithium material,46,Caution,0,0.532864,0.296453,0.853108,0.682588,0.599965,0.628842,0.415759,0.146283
mp-3204495,LiHg2BrO2,Other lithium material,51,Caution,1,0.354848,0.491607,0.612036,0.54872,0.716138,0.440972,0.300819,0.105219
mp-3205831,Cs2LiTaSe4,Other lithium material,61,Caution,1,0.22141,0.491465,0.531721,0.759354,0.475575,0.634511,0.357542,0.190422
mp-768091,Li4Ni7O11,Other lithium material,51,Caution,0,0.534054,0.303817,0.856256,0.675546,0.597985,0.624839,0.426883,0.163671
mp-1029522,Li7SbN4,Other lithium material,61,Caution,1,0.03601,0.37607,0.347569,0.616385,0.679408,0.311744,0.411835,0.356554
mp-3211776,Rb3Li2GeAs3,Other lithium material,51,Caution,1,0.218977,0.481573,0.52458,0.782771,0.477074,0.644175,0.361292,0.167545
mp-1175362,Li7Mn5O12,LMO-family,82,Research Candidate,0,0.819075,0.671009,0.333829,0.753111,0.423426,0.148738,0.55425,0.123069
mp-780226,Li3LaO3,Other lithium material,51,Caution,0,0.368028,0.517467,0.632131,0.52634,0.699022,0.444999,0.306016,0.141666
mp-1639812,Li6V5SbO12,Other lithium material,51,Caution,0,0.558663,0.877149,0.618876,0.753214,0.649175,0.466139,0.3924,0.172632
mp-775949,Li4Ni(BO3)2,Other lithium material,49,Caution,0,0.437241,0.546102,0.685931,0.577174,0.659339,0.498128,0.309905,0.134258
mp-26865,LiV(PO3)4,Other lithium material,55,Caution,0,0.558341,0.889833,0.62625,0.720314,0.646591,0.454405,0.385186,0.201046
mp-866640,LiMgH6Ir,Other lithium material,61,Caution,1,0.049097,0.38562,0.361809,0.596864,0.67766,0.303509,0.400442,0.375178
mp-1147726,Li4Zn(PS4)2,Li-S or sulfide-family,74,Research Candidate,0,0.517733,0.151263,0.492071,0.779554,0.110547,0.623631,0.131612,0.427536
mp-3212172,SrLi2(P3Pd10)2,Other lithium material,63,Caution,1,0.041167,0.35869,0.341867,0.64442,0.690838,0.311375,0.412533,0.330009
mp-3261001,Li3Mg(SnPd5)2,Other lithium material,61,Caution,1,0.34802,0.830867,0.47217,0.93105,0.456814,0.609625,0.436689,0.234137
mp-9244,LiBC,Carbon-family,95,Recommend,1,0.277713,0.417368,0.258084,0.325201,0.213531,0.560886,0.320883,0.284092
mp-767276,Li5Fe5Si7O24,Silicon-family,80,Research Candidate,0,0.747766,0.179396,0.764127,0.611488,0.456372,0.408233,0.110828,0.583701
mp-756049,LiVF4,Other lithium material,47,Caution,0,0.340278,0.868114,0.524524,0.95591,0.4329,0.611868,0.634825,0.691719
mp-757263,Li7V3P8O29,Other lithium material,57,Caution,0,0.549657,0.309856,0.869779,0.66129,0.601051,0.612124,0.42027,0.181865
mp-1174730,Li4MnCo2O7,LCO-family,43,Avoid / Benchmark,0,0.965311,0.002877,0.295945,0.647294,0.640174,0.811887,0.632657,0.231286
mp-755521,Li2Ti3FeO8,LTO-family,80,Research Candidate,0,0.567544,0.349665,0.507093,0.54189,0.575771,0.24652,0.007667,0.483711
mp-555089,SrLi4Ca(SiO4)2,Silicon-family,87,Research Candidate,1,0.598913,0.536967,0.507962,0.145076,0.342368,0.465294,0.263342,0.281933
mp-3320910,LiIn6Pd7,Other lithium material,61,Caution,1,0.157741,0.447336,0.471457,0.763409,0.512969,0.6076,0.364143,0.152475
mp-865940,LiThAu2,Other lithium material,61,Caution,1,0.027456,0.357516,0.332274,0.642678,0.690301,0.312939,0.418725,0.329106
mp-1202232,LiMn(P2O7)2,LMO-family,81,Research Candidate,0,0.798709,0.751122,0.327938,0.396602,0.275123,0.258387,0.689812,0.146645
mp-1177586,Li3MnV(PO4)3,LMO-family,84,Research Candidate,0,0.829876,0.096734,0.594567,0.670296,0.384201,0.286856,0.571775,0.125
mp-31961,LiMn2(PO3)5,LMO-family,84,Research Candidate,0,0.839766,0.697819,0.362159,0.704914,0.413905,0.134603,0.536927,0.171667
mp-1174269,Li4Co3O7,LCO-family,41,Avoid / Benchmark,0,0.856596,0.108644,0.382985,0.589557,0.696693,1.0,0.303663,0.38138
mp-695505,K2LiNb6(PO8)3,Other lithium material,63,Caution,1,0.56272,0.321474,0.885252,0.635154,0.599675,0.600393,0.407956,0.206603
mp-21029,Li2InPd,Other lithium material,61,Caution,1,0.007221,0.449646,0.331567,0.282147,0.529063,0.43411,0.559168,0.361887
mp-3252895,LiPrSi2Au,Other lithium material,63,Caution,1,0.184102,0.455335,0.491478,0.773557,0.505045,0.616337,0.36018,0.154288
mp-19103,LiCrP2O7,Other lithium material,63,Caution,1,0.541265,0.9878,0.630602,0.351428,0.482309,0.574525,0.523877,0.243135
mp-3210747,Li2Mn(SnPd2)3,Other lithium material,64,Caution,1,0.256823,0.339224,0.378167,0.807801,0.462079,0.409482,0.689794,0.007639
mp-753117,Li4Ti3V3O12,LTO-family,75,Research Candidate,0,0.720237,0.195284,0.676891,0.625813,0.444788,0.476237,0.246952,0.263882
mp-767631,Li3VF6,Other lithium material,49,Caution,0,0.347106,0.874445,0.531714,0.954781,0.427099,0.616382,0.634358,0.696836
mp-978840,SrLi2(SiN2)2,Other lithium material,63,Caution,1,0.032672,0.479452,0.364087,0.234914,0.516952,0.422095,0.542651,0.413057
mp-1176210,Li9Mn2Co5O16,LCO-family,43,Avoid / Benchmark,0,0.965598,0.004154,0.296844,0.644976,0.639525,0.811545,0.63202,0.233392
mp-5061,Li5ReO6,Other lithium material,61,Caution,1,0.525325,0.98176,0.616976,0.359189,0.483027,0.57961,0.531406,0.232037
mp-1221130,NaLi4(H2N)5,Other lithium material,55,Caution,0,0.211036,0.486422,0.523448,0.755464,0.479659,0.631034,0.354588,0.185798
mp-26227,LiVP2O7,Other lithium material,63,Caution,1,0.558887,0.890601,0.626987,0.719004,0.646415,0.453844,0.385107,0.202676
mp-3323404,Sr2Li3Cd14,Other lithium material,51,Caution,1,0.145638,0.440768,0.461446,0.756477,0.520441,0.599037,0.361841,0.150347
mp-861901,LiGaCu2,Other lithium material,61,Caution,1,0.025739,0.356504,0.330779,0.644189,0.689963,0.314629,0.41802,0.325978
mp-1211256,Li3Sm3(TeO6)2,Other lithium material,61,Caution,1,0.251723,0.426465,0.501289,0.412722,0.877979,0.149779,0.356063,0.315037
mp-3248118,LiErH6Os,Other lithium material,61,Caution,1,0.048496,0.383777,0.360423,0.599251,0.679058,0.303044,0.401381,0.373018
mp-3248842,Li3Ho3CdAs2,Other lithium material,51,Caution,1,0.143131,0.433535,0.457938,0.740963,0.535216,0.577028,0.353635,0.157321
mp-3213123,LiAlPtO4,Other lithium material,61,Caution,1,0.423717,0.531208,0.670271,0.58729,0.670165,0.493639,0.311786,0.116723
mp-1211905,K3LiGe4,Other lithium material,61,Caution,1,0.209833,0.481815,0.518097,0.789487,0.472004,0.653808,0.368362,0.161462
mp-8491,LiInP2O7,Other lithium material,63,Caution,1,0.54357,0.996735,0.637051,0.335274,0.477938,0.571849,0.519656,0.258153
mp-26039,Li3Mn2(PO4)3,LMO-family,86,Research Candidate,0,0.828695,0.671711,0.341114,0.744739,0.428167,0.138602,0.546922,0.130965
mp-757502,Li2CrSiO4,Silicon-family,76,Research Candidate,0,0.625154,0.438679,0.506012,0.559708,0.491414,0.379422,0.140704,0.211619
mp-756423,Li2Co3BiO8,LCO-family,45,Avoid / Benchmark,0,0.684815,0.292686,0.140315,0.484199,0.813536,0.825163,0.183812,0.309988
mp-1222313,LiDyS2,Li-S or sulfide-family,68,Research Candidate,0,0.352981,0.33456,0.248597,0.730361,0.210955,0.487171,0.040865,0.326682
mp-27130,Li2W2O7,Other lithium material,55,Caution,0,0.5204,0.423004,0.874963,0.257748,0.428395,0.728063,0.555752,0.251093
mp-3223526,Li4Sm2HoPb4,Other lithium material,51,Caution,1,0.212258,0.470418,0.514588,0.79567,0.484305,0.643225,0.364627,0.152462
mp-23694,LiBH,Other lithium material,50,Caution,0,0.208666,0.47752,0.514967,0.797241,0.474072,0.65515,0.370344,0.154184
mp-3322925,LiCr(SbO3)4,Other lithium material,61,Caution,1,0.446854,0.539026,0.686539,0.61726,0.654018,0.52002,0.317958,0.104909
mp-760842,Li9V3P8O29,Other lithium material,55,Caution,0,0.548545,0.305799,0.866817,0.66861,0.602998,0.613401,0.422133,0.174982
mp-1110749,Rb2LiMoI6,Other lithium material,50,Caution,0,0.039983,0.364242,0.344596,0.625548,0.691735,0.301982,0.409313,0.34633
mp-1174373,Li4Mn3O7,LMO-family,82,Research Candidate,0,0.819352,0.671995,0.334552,0.751334,0.422957,0.148421,0.553803,0.124748
mp-850135,Li3V2Cr2O8,Other lithium material,51,Caution,0,0.548441,0.310828,0.869722,0.658292,0.600303,0.612094,0.418788,0.183124
mp-12450,LiNd2OsO6,Other lithium material,61,Caution,1,0.530154,0.964843,0.611416,0.382617,0.496245,0.574985,0.5322,0.210077
mp-757925,LiNi2(CO4)2,Carbon-family,76,Recommend,0,0.7208,0.762847,0.4218,0.708038,0.492447,0.329194,0.213394,0.255257
mp-1307896,Li3V4O8,Other lithium material,53,Caution,0,0.547009,0.883248,0.614638,0.737445,0.645753,0.464216,0.395475,0.185193
mp-1175047,Li7Mn2(CoO4)3,LCO-family,43,Avoid / Benchmark,0,0.965471,0.00315,0.296189,0.646821,0.640092,0.81172,0.632602,0.231832
mp-755656,Li3MnF6,Other lithium material,52,Caution,0,0.43236,0.19379,0.681754,0.937087,0.321607,0.584824,1.0,0.537742
mp-756985,Li2VSn(PO4)2,Other lithium material,53,Caution,0,0.569893,0.89377,0.636383,0.71184,0.64697,0.44907,0.376203,0.209088
mp-26947,Li2V(PO4)2,Other lithium material,55,Caution,0,0.562118,0.888766,0.627522,0.730476,0.644891,0.459952,0.387625,0.19473
mp-1210748,Li2MnN,Other lithium material,53,Caution,0,0.231251,0.331626,0.358775,0.798913,0.469063,0.402244,0.693784,0.00505
mp-1192145,LiGaH4,Other lithium material,55,Caution,0,0.343114,0.86349,0.487005,0.869141,0.439227,0.602119,0.426819,0.289067
mp-15999,Li3AuS2,Li-S or sulfide-family,78,Research Candidate,1,0.358494,0.451524,0.275517,0.367724,0.024795,0.630184,0.178166,0.375574
mp-851247,Li4V3P8O29,Other lithium material,55,Caution,0,0.549461,0.310542,0.870078,0.659968,0.600501,0.612274,0.419643,0.182652
mp-1302186,Li2TiV3O8,LTO-family,79,Research Candidate,0,0.727347,0.76505,0.426517,0.706287,0.494227,0.323974,0.217044,0.263752
mp-672287,Li13Si4,Other lithium material,63,Caution,1,0.178082,0.567359,0.505701,0.444212,0.310959,0.782694,0.519284,0.18033
mp-755185,LiSbPHO5,Other lithium material,53,Caution,0,0.559409,0.32115,0.883335,0.634112,0.598552,0.602428,0.405656,0.20396
mp-3244247,LiSm4FeC8,Carbon-family,98,Recommend,1,0.435519,0.3455,0.424874,0.785112,0.323243,0.469598,0.063696,0.535901
mp-1199210,Li3MnP2(O3F2)2,LMO-family,88,Research Candidate,1,0.803803,0.780179,0.38574,0.433129,0.255748,0.261741,0.872421,0.586254
mp-867253,LiZn2Ir,Other lithium material,61,Caution,1,0.026502,0.356954,0.331444,0.643517,0.690113,0.313878,0.418334,0.327369
mp-759371,LiFe2(BO3)2,Other lithium material,54,Caution,0,0.574047,0.286748,0.951145,0.658818,0.616002,0.546362,0.286687,0.489361
mp-3251116,LiLaFeH6,Other lithium material,64,Caution,1,0.069211,0.344124,0.430159,0.626824,0.702442,0.241674,0.276095,0.653283
mp-774365,LiMn2F5,Other lithium material,52,Caution,0,0.435128,0.205475,0.690069,0.91499,0.316318,0.580422,0.994451,0.558205
mp-1205443,LiAlSiH2O5,Silicon-family,81,Research Candidate,0,0.635607,0.45052,0.520289,0.528912,0.490673,0.365621,0.126796,0.238365
mp-1225077,K11Li4Ta15O45,Other lithium material,51,Caution,0,0.448979,0.543649,0.69044,0.602682,0.656266,0.509796,0.317721,0.121022
mp-3245441,Li4ScUS6,Li-S or sulfide-family,78,Research Candidate,1,0.530263,0.717709,0.24252,0.873834,0.16123,0.474334,0.107185,0.420542
mp-38200,Li2PS3,Li-S or sulfide-family,69,Research Candidate,0,0.384281,0.349232,0.272977,0.765863,0.184896,0.525852,0.04594,0.31355
mp-754179,LiMn(PO4)2,LMO-family,82,Research Candidate,0,0.824974,0.664124,0.334723,0.757151,0.431436,0.141419,0.549242,0.117546
mp-3336934,NaLi2AsS4,Li-S or sulfide-family,68,Research Candidate,1,0.362228,0.345449,0.261618,0.706581,0.206721,0.481385,0.025607,0.344521
mp-774297,Li3MnV(PO4)3,LMO-family,84,Research Candidate,0,0.658778,0.279331,0.349402,0.592564,0.493024,0.131691,0.465246,0.036695
mp-782726,LiFeP2O7,LFP-family,94,Recommend,0,0.746465,0.176322,0.761642,0.616934,0.457584,0.409638,0.111866,0.578037
mp-697181,CsLi2(HO)3,Other lithium material,61,Caution,1,0.535879,0.993454,0.631165,0.333278,0.479597,0.5714,0.516832,0.253366
mp-1177172,Li4V5Cr4O18,Other lithium material,51,Caution,0,0.434583,0.531423,0.675897,0.606716,0.665462,0.504858,0.317246,0.107504
mp-3241310,Li2CoAs2Ru,Other lithium material,46,Caution,1,0.259403,0.412074,0.347285,0.757624,0.634175,0.881407,0.388468,0.214527
mp-774459,Li8Ti16CuS32,Li-S or sulfide-family,72,Research Candidate,0,0.515054,0.135014,0.481137,0.809265,0.119362,0.627057,0.140516,0.401702
mp-1236215,CsLiAcO3,Other lithium material,46,Caution,0,0.390277,0.499013,0.634365,0.595007,0.699344,0.471568,0.314885,0.089995
mp-3207183,Rb3Li2TaAs3,Other lithium material,51,Caution,1,0.218567,0.479199,0.522973,0.787107,0.478351,0.644694,0.362578,0.163752
mp-3281482,Li3Fe2RhO6,Other lithium material,64,Caution,1,0.578684,0.852625,0.697193,0.745999,0.6665,0.396665,0.257421,0.481255
mp-1290773,LiFe2(CO3)4,Carbon-family,88,Recommend,0,0.740217,0.163678,0.750949,0.639137,0.462058,0.416269,0.115411,0.553861
mp-1177498,Li3V2P4(HO8)2,Other lithium material,53,Caution,0,0.557942,0.309716,0.875849,0.656029,0.604426,0.605577,0.412091,0.18513
mp-774798,Li2Mn3SnO8,LMO-family,84,Research Candidate,0,0.679235,0.300445,0.370181,0.610918,0.464356,0.166524,0.47399,0.038467
mp-3253315,LiSmZnPt3,Other lithium material,61,Caution,1,0.160575,0.442759,0.472193,0.754209,0.522863,0.592854,0.356597,0.156801
mp-867903,LiLuAu2,Other lithium material,61,Caution,1,0.028226,0.357971,0.332945,0.642,0.690453,0.312181,0.419041,0.33051
mp-16792,Ba4LiTa3O12,Other lithium material,61,Caution,1,0.364314,0.504741,0.624769,0.520804,0.716604,0.424433,0.300576,0.139613
mp-1185354,LiGd2Os,Other lithium material,61,Caution,1,0.025589,0.356415,0.330649,0.644321,0.689933,0.314777,0.417959,0.325706
mp-1235664,LiHf8(N2O)4,Other lithium material,50,Caution,0,0.546819,0.304874,0.865369,0.669955,0.602598,0.615095,0.42136,0.171971
mp-756053,LiCoBO3,LCO-family,40,Avoid / Benchmark,0,0.879137,0.695209,0.152375,0.633836,0.743381,0.832336,0.260003,0.416768
mp-28603,NaLiSe,Other lithium material,61,Caution,1,0.192287,0.58424,0.524934,0.40209,0.310861,0.761641,0.505499,0.221131
mp-3250067,Li2DyThSi3,Other lithium material,63,Caution,1,0.217078,0.473008,0.51855,0.799243,0.480874,0.647581,0.36542,0.152389
mp-1100720,Li9Mn2Co5O16,LCO-family,44,Avoid / Benchmark,0,0.974063,0.573548,0.046942,0.728277,0.688841,0.660283,0.603127,0.231934
mp-758385,LiPWO5,Other lithium material,55,Caution,0,0.558541,0.892634,0.627998,0.715135,0.644921,0.454064,0.383438,0.205242
mp-1223097,Li2HN,Other lithium material,55,Caution,0,0.218527,0.479952,0.521398,0.809555,0.469085,0.663799,0.373983,0.150334
mp-1100732,Li9Mn2Co5O16,LCO-family,43,Avoid / Benchmark,0,0.973969,0.573492,0.04686,0.72836,0.688823,0.660376,0.603089,0.231763
mp-1235522,Ba3LiTi3O8,LTO-family,74,Research Candidate,0,0.73156,0.767376,0.430039,0.707463,0.49232,0.325515,0.218033,0.265894
mp-1190364,Li2SnS3,Li-S or sulfide-family,72,Research Candidate,0,0.488114,0.804448,0.225549,0.508443,0.003121,0.593752,0.251726,0.448978
mp-1639121,Li7Mn2(CoO4)3,LCO-family,43,Avoid / Benchmark,0,0.978104,0.578297,0.051794,0.724897,0.685291,0.661858,0.602324,0.237368
mp-757099,Li4MnNi3(PO4)4,LMO-family,82,Research Candidate,0,0.845149,0.685776,0.359716,0.722127,0.422631,0.132597,0.534337,0.154027
mp-758705,LiFe2(BO3)2,Other lithium material,54,Caution,0,0.572476,0.281383,0.947175,0.668477,0.618519,0.548148,0.289069,0.480159
mp-764896,Li7Fe8(BO3)8,Other lithium material,58,Caution,0,0.57347,0.28412,0.949301,0.663592,0.617345,0.547053,0.288011,0.485042
mp-770514,Li5MnO4,LMO-family,80,Research Candidate,0,0.693066,0.31885,0.386055,0.619101,0.442138,0.190776,0.481744,0.045802
mp-1035346,LiMg14BO16,Other lithium material,50,Caution,0,0.450531,0.566836,0.704946,0.551528,0.647498,0.496849,0.304698,0.16521
mp-774891,Li4Fe2Co3Ni3O16,LCO-family,42,Avoid / Benchmark,0,0.906059,0.643818,0.220226,0.682823,0.77293,0.773836,0.131739,0.675332
mp-1177982,Li2Fe(BO3)2,Other lithium material,54,Caution,0,0.400109,0.462247,0.700348,0.591862,0.728854,0.392012,0.18303,0.390259
mp-3257608,LiAs4Pd11,Other lithium material,51,Caution,1,0.327942,0.260272,0.713512,0.851109,0.405341,0.766132,0.47265,0.2314
mp-3246238,LiLaHgPd3,Other lithium material,51,Caution,1,0.159399,0.442065,0.471169,0.755245,0.522631,0.594012,0.356114,0.154658
mp-1175221,Li7Mn4CoO12,LCO-family,44,Avoid / Benchmark,0,0.967268,0.006753,0.299245,0.640497,0.638826,0.809815,0.631605,0.238738
mp-3252398,Li2AcLa2Al7,Other lithium material,61,Caution,1,0.154783,0.439534,0.467326,0.753445,0.525007,0.59173,0.355109,0.152891
mp-752914,Li(CoO2)2,LCO-family,41,Avoid / Benchmark,0,0.861019,0.67409,0.128689,0.675658,0.74848,0.848257,0.274856,0.374573
mp-6425,Li3In2(PO4)3,Other lithium material,63,Caution,1,0.359959,0.609781,0.639657,0.166302,0.539769,0.562722,0.440196,0.175608
mp-1101522,LiFeP2O7,LFP-family,93,Recommend,0,0.751165,0.742757,0.508082,0.700335,0.509468,0.256442,0.082781,0.573974
mp-3250061,NaLi2AcP2,Other lithium material,63,Caution,1,0.16117,0.450605,0.477149,0.736039,0.520478,0.587323,0.352409,0.172835
mp-2767265,Li(CoO2)4,LCO-family,41,Avoid / Benchmark,0,0.86021,0.673613,0.127985,0.67637,0.74832,0.849053,0.274524,0.3731
mp-1020010,Li2Ca3N6,Other lithium material,53,Caution,0,0.208469,0.474558,0.513137,0.801802,0.476414,0.654361,0.372373,0.150823
mp-771909,Li4Mn2P4H3O16,LMO-family,84,Research Candidate,0,0.828726,0.095612,0.593306,0.672136,0.384257,0.288012,0.571606,0.122272
mp-1222509,Li4WO6,Other lithium material,50,Caution,0,0.544651,0.875608,0.608888,0.753927,0.647564,0.470281,0.398259,0.168787
mp-1174643,Li4MnCo2O7,LCO-family,43,Avoid / Benchmark,0,0.972612,0.572755,0.045736,0.7276,0.689651,0.659437,0.602828,0.231504
mp-1222443,Li4ZnCd3,Other lithium material,45,Caution,0,0.149138,0.442642,0.464318,0.759258,0.517845,0.602418,0.362389,0.150082
mp-3251414,LiLaCdP2,Other lithium material,53,Caution,1,0.166165,0.453878,0.481604,0.738376,0.516712,0.591475,0.352879,0.173911
mp-777348,Li2Mn3F8,Other lithium material,50,Caution,0,0.440449,0.771613,0.43665,1.0,0.368179,0.427787,0.965903,0.553263
mp-3212862,LiMg2(Ni10P3)2,Other lithium material,59,Caution,1,0.035224,0.35547,0.336955,0.640859,0.694596,0.306987,0.411427,0.329141
mp-776078,LiFe2F5,Other lithium material,50,Caution,0,0.238543,0.490513,0.656677,0.824672,0.467414,0.589516,0.430064,0.917442
mp-1175091,Li7Mn2(CoO4)3,LCO-family,43,Avoid / Benchmark,0,0.975383,0.574263,0.048032,0.729069,0.688006,0.661259,0.603373,0.232125
mp-26685,LiNi(PO3)4,Other lithium material,49,Caution,0,0.556539,0.881673,0.620488,0.737888,0.649052,0.459968,0.388777,0.184442
mp-3322803,Li15Pt4,Other lithium material,61,Caution,1,0.021139,0.360261,0.328711,0.648105,0.683555,0.323151,0.425878,0.326182
mp-760209,LiVCr(P2O7)2,Other lithium material,57,Caution,0,0.559407,0.313426,0.878794,0.649431,0.602902,0.603982,0.410751,0.191864
mp-30959,LiHS,Li-S or sulfide-family,72,Research Candidate,0,0.348654,0.354021,0.257865,0.682108,0.202896,0.476615,0.026113,0.362978
mp-861915,LiDy2Ir,Other lithium material,61,Caution,1,0.027312,0.357432,0.332149,0.642805,0.690273,0.313081,0.418666,0.328844
mp-569115,Li2ZnGe,Other lithium material,61,Caution,1,0.1219,0.531053,0.457893,0.39219,0.362347,0.715694,0.501884,0.184491
mp-1177735,Li3Fe2(P2O7)2,LFP-family,96,Recommend,0,0.744476,0.168601,0.75607,0.630894,0.461362,0.411948,0.115515,0.56506
mp-3248043,LiTbInAu,Other lithium material,61,Caution,1,0.042183,0.360415,0.343411,0.641427,0.690321,0.310315,0.412182,0.333468
mp-1018009,Li2MgSi,Other lithium material,57,Caution,0,0.031432,0.360453,0.335987,0.646336,0.685598,0.319216,0.418426,0.327643
mp-1100664,Li9Mn2Co5O16,LCO-family,43,Avoid / Benchmark,0,0.975196,0.574152,0.047869,0.729234,0.687969,0.661444,0.603296,0.231784
mp-757973,LiP4WO12,Other lithium material,63,Caution,1,0.438075,0.550403,0.688912,0.567502,0.658213,0.494832,0.307988,0.143339
mp-3203403,Cs2LiTaO4,Other lithium material,61,Caution,1,0.453827,0.563304,0.704488,0.568933,0.645388,0.506393,0.307917,0.15172
mp-849659,Li5Mn4(P2O7)4,LMO-family,82,Research Candidate,0,0.81985,0.093958,0.585873,0.680613,0.381685,0.295219,0.580527,0.115864
mp-30759,LiMg2Tl,Other lithium material,53,Caution,0,0.0,0.445672,0.325543,0.27971,0.532569,0.43098,0.557537,0.358692
mp-1175411,Li9Mn2Co5O16,LCO-family,44,Avoid / Benchmark,0,0.964741,0.002573,0.295477,0.646819,0.640609,0.811311,0.632571,0.231354
mp-776429,LiV4O5F7,Other lithium material,47,Caution,0,0.54003,0.326691,0.910896,0.723794,0.583053,0.627685,0.614426,0.595313
mp-768836,Li3Mn2P2(CO7)2,LMO-family,86,Research Candidate,0,0.827537,0.093245,0.591294,0.676289,0.385084,0.289272,0.572253,0.117726
mp-778817,Li4Mn3Nb3(TeO8)2,LMO-family,80,Research Candidate,0,0.838146,0.665972,0.34445,0.75568,0.432369,0.13806,0.542491,0.121008
mp-1222589,LiMgH14Cl3O7,Other lithium material,55,Caution,0,0.563011,0.340517,0.896571,0.599708,0.587712,0.599091,0.395206,0.234089
mp-1177448,Li4Cr(TeO4)3,Other lithium material,53,Caution,0,0.557988,0.87656,0.618155,0.755999,0.648027,0.469085,0.391913,0.169008
mp-1207274,LiGaIr,Other lithium material,61,Caution,1,0.12984,0.432339,0.448511,0.743026,0.532663,0.582736,0.359505,0.152553
mp-757992,Li3P2WO8,Other lithium material,53,Caution,0,0.563087,0.905731,0.638052,0.692631,0.638616,0.450165,0.378032,0.227339
mp-782720,LiTiV3O8,LTO-family,74,Research Candidate,0,0.721421,0.201773,0.681317,0.613974,0.441334,0.47476,0.243489,0.274309
mp-757127,LiSi3BiO8,Silicon-family,77,Research Candidate,0,0.727288,0.218561,0.69423,0.584876,0.433434,0.469404,0.236639,0.302972
mp-1111848,Cs2LiCeBr6,Other lithium material,61,Caution,1,0.042965,0.361816,0.344739,0.630727,0.694989,0.299272,0.413391,0.345785
mp-3248037,LiYb(HgPd2)2,Other lithium material,41,Caution,0,0.1715,0.448537,0.481091,0.76511,0.513515,0.60599,0.35797,0.153464
mp-3249854,LiSm2Si4Pd,Other lithium material,63,Caution,1,0.232663,0.481406,0.531388,0.80995,0.470254,0.66068,0.368114,0.153114
mp-1095425,LiEuSb,Other lithium material,61,Caution,1,0.185593,0.565384,0.510364,0.43578,0.319037,0.769031,0.512918,0.187644
mp-765352,Li3V3P8O29,Other lithium material,53,Caution,0,0.560709,0.881902,0.622737,0.744801,0.647319,0.463934,0.390822,0.181424
mp-531523,LiGa5O8,Other lithium material,55,Caution,0,0.429694,0.542655,0.678092,0.593874,0.65583,0.509845,0.320279,0.121286
mp-3258396,Li9Al3Pd4,Other lithium material,61,Caution,1,0.032863,0.360389,0.33669,0.647688,0.68589,0.318992,0.419463,0.327891
mp-3215948,LiMg2IO6,Other lithium material,61,Caution,1,0.434877,0.544325,0.683649,0.579967,0.659116,0.500477,0.309194,0.129405
mp-1211056,LiMoN2,Other lithium material,61,Caution,1,0.150932,0.4437,0.465879,0.757679,0.518199,0.600652,0.363126,0.15335
mp-1211187,Li5OsO6,Other lithium material,55,Caution,0,0.364611,0.491392,0.61492,0.585224,0.706857,0.463285,0.318985,0.088342
mp-3202069,LiY2BRh5,Other lithium material,61,Caution,1,0.191236,0.459162,0.497338,0.779002,0.499879,0.622965,0.361331,0.154005
mp-3251934,Li3Ac2LuGe3,Other lithium material,61,Caution,1,0.232344,0.481314,0.531166,0.810051,0.470129,0.660989,0.367917,0.15267
mp-774753,Li5GaO4,Other lithium material,53,Caution,0,0.427002,0.548903,0.680428,0.574291,0.654852,0.502987,0.315189,0.136064
mp-3251830,LiHoNi3Rh,Other lithium material,57,Caution,1,0.158104,0.441302,0.470042,0.756384,0.522376,0.595286,0.355583,0.1523
mp-3214803,Li12SbRuN8,Other lithium material,61,Caution,1,0.185858,0.456867,0.493255,0.774757,0.502803,0.619124,0.359884,0.153952
mp-3230964,Li3Y3InBi2,Other lithium material,61,Caution,1,0.142213,0.432849,0.457055,0.742039,0.535127,0.577939,0.353356,0.155443
mp-761572,Li2TiCoO4,LCO-family,43,Avoid / Benchmark,0,0.714882,0.303268,0.161798,0.514209,0.797327,0.849339,0.193052,0.304662
mp-3202473,LiHfAlIr,Other lithium material,61,Caution,1,0.042176,0.359285,0.342745,0.643532,0.691037,0.310382,0.412947,0.331847
mp-753864,Sr2Li2Nb4O13,Other lithium material,53,Caution,0,0.387609,0.506662,0.63762,0.565474,0.702032,0.455524,0.310218,0.115288
mp-3241213,KLi(SnPt)2,Other lithium material,61,Caution,1,0.156569,0.440523,0.468822,0.753828,0.524264,0.592247,0.355545,0.15393
mp-3203210,SrLi2(AgAs)2,Other lithium material,51,Caution,1,0.156047,0.440279,0.468426,0.752333,0.525257,0.590486,0.355627,0.155192
mp-504806,K2Li14Pb3O14,Other lithium material,51,Caution,1,0.399155,0.619292,0.664984,0.227845,0.512432,0.612334,0.45249,0.145855
mp-3291569,LiLuSiO4,Silicon-family,87,Research Candidate,1,0.615345,0.452874,0.50954,0.500799,0.495496,0.350519,0.128655,0.25731
mp-1307659,Li2Mn3GaO8,LMO-family,84,Research Candidate,0,0.826082,0.666361,0.336595,0.755059,0.429509,0.142515,0.548277,0.119703
mp-3239896,Li2CaCeSn2,Other lithium material,61,Caution,1,0.15683,0.440677,0.46905,0.753598,0.524315,0.59199,0.355652,0.154406
mp-1263751,LiFeSi3O8,Silicon-family,82,Research Candidate,0,0.757405,0.758546,0.520615,0.672264,0.502986,0.249648,0.077084,0.602636
mp-721236,Li10Sn(PS6)2,Li-S or sulfide-family,74,Research Candidate,0,0.518533,0.15243,0.493175,0.777554,0.110262,0.622806,0.131466,0.429986
mp-773891,LiCuPO4,Other lithium material,53,Caution,0,0.443982,0.527833,0.678491,0.635664,0.660638,0.521086,0.323597,0.088233
mp-1311406,Li4Mn3NbO8,LMO-family,80,Research Candidate,0,0.820546,0.098942,0.589161,0.671472,0.378909,0.294288,0.577694,0.123666
mp-3240183,Sr2LiRhN2,Other lithium material,61,Caution,1,0.226648,0.478144,0.526415,0.806451,0.473997,0.656362,0.366978,0.152117
mp-761527,LiMnPO4,LMO-family,86,Research Candidate,0,0.836932,0.69099,0.356688,0.715189,0.417767,0.135398,0.539621,0.16126
mp-14484,KNaLi2(SO4)2,Li-S or sulfide-family,78,Research Candidate,1,0.620927,0.533593,0.473442,0.167575,0.191578,0.497179,0.112719,0.351415
mp-3210339,Li3Zr(Ta2N3)4,Other lithium material,61,Caution,1,0.169168,0.447479,0.479353,0.757392,0.518532,0.596909,0.358495,0.160282
mp-1206187,Rb2LiRhCl6,Other lithium material,61,Caution,1,0.165235,0.455726,0.482284,0.727384,0.519546,0.583175,0.352221,0.184128
mp-3214656,LiP6(Pd10Pb)2,Other lithium material,53,Caution,1,0.035474,0.355617,0.337173,0.640639,0.694645,0.306741,0.411529,0.329597
mp-1020592,Sr4Li2Si4N8O,Silicon-family,87,Research Candidate,1,0.54517,0.493546,0.455052,0.149072,0.379561,0.438178,0.261329,0.242641
mp-569788,LiZnGe,Other lithium material,61,Caution,1,0.133029,0.433997,0.451082,0.747058,0.529458,0.58756,0.359777,0.150616
mp-768997,LiBi3O5,Other lithium material,51,Caution,0,0.42045,0.534381,0.668485,0.599011,0.660916,0.508873,0.319937,0.109968
mp-22439,Li2MoF6,Other lithium material,57,Caution,1,0.143138,0.575528,0.531115,0.435637,0.328525,0.732171,0.697522,0.637921
mp-1175919,Li9Mn2Co5O16,LCO-family,44,Avoid / Benchmark,0,0.966951,0.008493,0.300098,0.637183,0.637537,0.810023,0.630161,0.240913
mp-756117,Li2TiTeO6,LTO-family,85,Research Candidate,1,0.621274,0.43555,0.502195,0.560101,0.494024,0.377607,0.140533,0.208657
mp-1175102,Li7Mn2(CoO4)3,LCO-family,43,Avoid / Benchmark,0,0.975567,0.574655,0.048359,0.728377,0.687861,0.661063,0.603254,0.232866
mp-18988,Li2MnO3,LMO-family,90,Research Candidate,1,0.795,0.763837,0.331611,0.382174,0.264655,0.263306,0.692624,0.162638
mp-757138,Li2Sn(PO3)4,Other lithium material,53,Caution,0,0.562607,0.904624,0.637151,0.69459,0.639046,0.450682,0.378397,0.225287
mp-756221,K2LiFeO3,Other lithium material,56,Caution,0,0.450384,0.502017,0.74919,0.603088,0.686319,0.433987,0.183014,0.410329
mp-1111835,Cs2LiSbBr6,Other lithium material,55,Caution,0,0.045137,0.375626,0.353977,0.605452,0.687436,0.296461,0.405738,0.367637
mp-3266786,RbLi6SbO6,Other lithium material,61,Caution,1,0.372834,0.515469,0.635318,0.521026,0.703292,0.438458,0.296787,0.142054
mp-850103,Li4V5(FeO6)2,Other lithium material,54,Caution,0,0.586114,0.85837,0.704376,0.744262,0.662554,0.398364,0.258184,0.488247
mp-540945,Na2Li3GaO4,Other lithium material,61,Caution,1,0.410788,0.634934,0.680122,0.213165,0.50175,0.615178,0.44907,0.165791
mp-767707,Li2Fe5Si5O16,Silicon-family,80,Research Candidate,0,0.748707,0.183026,0.766749,0.604926,0.454598,0.407141,0.109117,0.589808
mp-13474,LiErGe,Other lithium material,61,Caution,1,0.108568,0.523983,0.447017,0.3795,0.373411,0.700377,0.500115,0.187871
mp-3265963,Li2La3Al7,Other lithium material,61,Caution,1,0.146449,0.441246,0.462152,0.755763,0.520601,0.598239,0.362174,0.151824
mp-765316,Li3Ni2(CO3)4,Carbon-family,81,Recommend,0,0.71639,0.192983,0.673512,0.630176,0.443482,0.481162,0.245224,0.255767
mp-1176315,Li9Mn2Co5O16,LCO-family,44,Avoid / Benchmark,0,0.979736,0.580987,0.054206,0.722075,0.683377,0.662431,0.601475,0.240686
mp-1174095,Li5Mn(CoO4)2,LCO-family,44,Avoid / Benchmark,0,0.976498,0.574857,0.048945,0.730042,0.687131,0.662437,0.603534,0.231944
mp-1105393,Li7(Eu2Bi3)2,Other lithium material,61,Caution,1,0.311528,0.920512,0.459829,0.565155,0.297823,0.72804,0.583168,0.268017
mp-28549,Li8SiO6,Silicon-family,87,Research Candidate,1,0.501906,0.493303,0.429203,0.102393,0.390224,0.411986,0.266027,0.269717
mp-862316,LiBePt2,Other lithium material,51,Caution,1,0.027783,0.357709,0.332559,0.64239,0.690366,0.312618,0.418859,0.329702
mp-753522,Li4Mn(OF)2,LMO-family,75,Research Candidate,0,0.818693,0.690026,0.382902,0.804402,0.409013,0.15444,0.739765,0.546159
mp-860889,Li2MnSn(PO4)2,LMO-family,82,Research Candidate,0,0.84259,0.684813,0.357862,0.718771,0.424619,0.129406,0.533763,0.155454
mp-3273108,LiAlCr2O8,Other lithium material,61,Caution,1,0.558903,0.891964,0.627763,0.719217,0.643852,0.457163,0.38368,0.201457
mp-757642,LiMnPO4,LMO-family,82,Research Candidate,0,0.83254,0.685016,0.350933,0.720775,0.421895,0.134224,0.540974,0.153733
mp-3251892,Li2La4As3Ir,Other lithium material,51,Caution,1,0.159704,0.442373,0.471552,0.751068,0.524882,0.589162,0.356832,0.15964
mp-756800,Li3Cr(CuO2)4,Other lithium material,53,Caution,0,0.55109,0.872777,0.612412,0.753278,0.651596,0.465637,0.390415,0.166401
mp-27920,Li8CoO6,LCO-family,45,Avoid / Benchmark,0,0.641377,0.378419,0.122173,0.112143,0.660442,0.93564,0.329522,0.345275
mp-3280177,Sr2LiCd21,Other lithium material,51,Caution,1,0.334511,0.829718,0.462666,0.93206,0.454674,0.614402,0.442519,0.230283
mp-1177522,Li3V2(CO3)4,Carbon-family,85,Recommend,0,0.730828,0.769351,0.43077,0.707292,0.488371,0.330649,0.215412,0.263753
mp-3250343,Li(La4Pt3)2,Other lithium material,61,Caution,1,0.159848,0.448578,0.473291,0.761555,0.513384,0.605527,0.365008,0.156312
mp-3251977,CsLiCeO3,Other lithium material,61,Caution,1,0.433807,0.538121,0.679502,0.586714,0.665295,0.49615,0.313406,0.124801
mp-1177918,Li2Mn3(BO3)3,LMO-family,80,Research Candidate,0,0.819328,0.093496,0.585329,0.681359,0.381681,0.295741,0.580418,0.114694
mp-753998,Li2Mn3(FeO4)3,LMO-family,83,Research Candidate,0,0.840256,0.06314,0.660638,0.690725,0.399833,0.232531,0.449135,0.409509
mp-1211176,Li6AsS5I,Li-S or sulfide-family,62,Research Candidate,0,0.52604,0.716755,0.239787,0.871013,0.16169,0.473865,0.105082,0.41929
mp-3212054,Na2Li4(ReH9)3,Other lithium material,61,Caution,1,0.24054,0.515583,0.555562,0.747953,0.452998,0.651338,0.351209,0.209642
mp-1190809,Li8TeN2,Other lithium material,61,Caution,1,0.160725,0.565488,0.497875,0.386987,0.331418,0.739329,0.500616,0.213323
mp-26963,LiVPO5,Other lithium material,63,Caution,1,0.406801,0.620737,0.669748,0.235092,0.510781,0.615196,0.456192,0.145853
mp-768218,Li2TmPCO7,Carbon-family,87,Recommend,0,0.747944,0.801592,0.460537,0.637167,0.480157,0.305998,0.193517,0.329344
mp-1177360,Li4Mn3V3(FeO8)2,LMO-family,83,Research Candidate,0,0.852698,0.068691,0.672216,0.676683,0.401397,0.222854,0.440284,0.423911
mp-3171015,LiLa2CdBi4,Other lithium material,51,Caution,1,0.186749,0.456769,0.493665,0.775136,0.503376,0.618282,0.360674,0.154683
mp-3244220,LiLa6(YPt3)2,Other lithium material,61,Caution,1,0.168334,0.446955,0.478598,0.759104,0.51782,0.598868,0.358004,0.157656
mp-3231483,Li2Tm3MgPb3,Other lithium material,51,Caution,1,0.231633,0.480799,0.530491,0.810856,0.47005,0.661693,0.367691,0.151239
mp-3202492,LiMn2GaSe4,Other lithium material,64,Caution,1,0.286769,0.363056,0.407399,0.809405,0.439633,0.428515,0.690578,0.025367
mp-7791,Li2GeF6,Other lithium material,57,Caution,1,0.151876,0.604996,0.55298,0.382609,0.314761,0.722263,0.684528,0.688566
mp-1303223,Li3TiNi3O8,LTO-family,73,Research Candidate,0,0.723575,0.765718,0.424951,0.702375,0.492776,0.32526,0.213861,0.263136
mp-20046,LiCoAsO4,LCO-family,35,Avoid / Benchmark,0,0.723349,0.418263,0.189051,0.161398,0.610705,0.996459,0.333078,0.347267
mp-3203744,Li3(CrTe2)4,Other lithium material,61,Caution,1,0.336647,0.830978,0.464526,0.930179,0.455095,0.612299,0.443397,0.234175
mp-758222,LiFePO4,LFP-family,94,Recommend,0,0.648637,0.415787,0.587071,0.552965,0.507981,0.309969,0.006917,0.52278
mp-30763,LiPd2Pb,Other lithium material,51,Caution,1,0.001423,0.446511,0.326781,0.278458,0.53285,0.42958,0.558121,0.361284
mp-3230098,LiPr3Pt2Pb3,Other lithium material,51,Caution,1,0.142841,0.43322,0.457601,0.741487,0.53525,0.577321,0.353614,0.156587
mp-1045401,Li(MnS2)2,Li-S or sulfide-family,81,Research Candidate,1,0.301745,0.129938,0.0,0.659345,0.337892,0.0,0.426255,0.345628
mp-861176,Li2FePO5,LFP-family,94,Recommend,0,0.752869,0.746721,0.51129,0.694235,0.507351,0.255741,0.081292,0.580244
mp-11582,LiGaSe2,Other lithium material,61,Caution,1,0.207489,0.590012,0.535987,0.421283,0.299423,0.779789,0.508994,0.213483
mp-2647033,Li2H2C6N9Cl,Carbon-family,95,Recommend,1,0.522901,0.168308,0.550272,0.765067,0.245159,0.609618,0.273543,0.359221
mp-3202072,LiMg(WN2)2,Other lithium material,61,Caution,1,0.158037,0.441389,0.4701,0.752536,0.524553,0.590803,0.356148,0.156604
mp-1190045,Li(SeO3)2,Other lithium material,46,Caution,0,0.518566,0.964413,0.603204,0.394637,0.487363,0.59266,0.536893,0.195338
mp-775328,Li2TiNi3O8,LTO-family,73,Research Candidate,0,0.62383,0.426103,0.497837,0.592045,0.492986,0.392717,0.146506,0.181748
mp-755329,Li3Fe(OF)2,Other lithium material,50,Caution,0,0.573764,0.880097,0.747027,0.788787,0.644993,0.406034,0.448319,0.915566
mp-773042,Li5V3P8O29,Other lithium material,55,Caution,0,0.548141,0.305467,0.86641,0.669141,0.602978,0.613804,0.422031,0.174112
mp-3250419,Li3Dy3CdAs2,Other lithium material,51,Caution,1,0.143186,0.433616,0.458015,0.740824,0.535196,0.576971,0.353625,0.15749
mp-882858,LiFe4(BO3)4,Other lithium material,54,Caution,0,0.573679,0.285896,0.950452,0.660327,0.616334,0.546759,0.286969,0.487783
mp-758684,Li2NiSnO4,Other lithium material,51,Caution,0,0.423491,0.531326,0.670222,0.587021,0.669961,0.493847,0.311523,0.11667
mp-753559,LiNiOF,Other lithium material,45,Caution,0,0.381374,0.530608,0.68458,0.624641,0.675768,0.47883,0.500582,0.531602
mp-3247359,LiTm(NiIr)2,Other lithium material,57,Caution,1,0.227868,0.478769,0.527389,0.808308,0.472594,0.658574,0.367035,0.15102
mp-25406,LiFePCO7,LFP-family,96,Recommend,0,0.762523,0.735524,0.511488,0.71907,0.512874,0.259844,0.080068,0.558443
mp-755037,LiNbCoO4,LCO-family,41,Avoid / Benchmark,0,0.743534,0.325516,0.189402,0.520317,0.774012,0.871962,0.193524,0.316738
mp-1204228,NaLiCoPO4F,LCO-family,41,Avoid / Benchmark,0,0.729813,0.42226,0.234692,0.236693,0.607185,1.000058,0.519052,0.748838
mp-756913,Li7Ni5O12,Other lithium material,51,Caution,0,0.5345,0.30408,0.856644,0.675153,0.598073,0.6244,0.427066,0.164483
mp-3249647,Li4ErUS6,Li-S or sulfide-family,78,Research Candidate,1,0.530504,0.718137,0.242898,0.873088,0.161095,0.474082,0.107089,0.42139
mp-1185237,LiW3,Other lithium material,46,Caution,0,0.01675,0.357703,0.324918,0.650991,0.683237,0.326334,0.424224,0.319293
mp-1021285,LiMg6B,Other lithium material,46,Caution,0,0.219431,0.48023,0.521949,0.816579,0.464882,0.672011,0.373169,0.143125
mp-3204293,BaLi2Bi2Pb,Other lithium material,51,Caution,1,0.157832,0.44381,0.471413,0.747976,0.522894,0.590867,0.35433,0.159862
mp-1305455,Li2Ni3TeO8,Other lithium material,51,Caution,0,0.549292,0.871812,0.610935,0.751929,0.652885,0.463994,0.390121,0.166446
mp-761248,LiCu3P3O11,Other lithium material,53,Caution,0,0.55226,0.874075,0.613808,0.749279,0.652576,0.462181,0.39082,0.171523
mp-3245359,Li2Tm2BRh4,Other lithium material,61,Caution,1,0.228764,0.479297,0.528169,0.80752,0.472771,0.657692,0.367402,0.152651
mp-1024988,LiYb(CuP)2,Other lithium material,63,Caution,1,0.132618,0.530747,0.465143,0.387774,0.367223,0.706838,0.495797,0.189901
mp-759828,LiMnVP2(HO5)2,LMO-family,84,Research Candidate,0,0.836934,0.095984,0.599647,0.664986,0.387831,0.280375,0.563185,0.127253
mp-759965,Li3VOF6,Other lithium material,47,Caution,0,0.451892,0.573669,0.745666,0.660795,0.626264,0.534284,0.509851,0.545416
mp-1222456,LiRuRhO4,Other lithium material,53,Caution,0,0.41652,0.512936,0.65578,0.61978,0.67768,0.501477,0.318398,0.083578
mp-1203059,LiAs3H2O9,Other lithium material,51,Caution,1,0.531132,0.982617,0.622352,0.349688,0.485484,0.573097,0.520873,0.236424
mp-3240546,LiCa2Rh3,Other lithium material,61,Caution,1,0.146069,0.441022,0.461822,0.756097,0.520526,0.598613,0.362018,0.151132
mp-540965,Na2Li3FeO4,Other lithium material,64,Caution,1,0.433172,0.601787,0.754549,0.228972,0.521946,0.551867,0.320704,0.456984
mp-3303677,Ba3LiCd11,Other lithium material,51,Caution,1,0.129114,0.43191,0.447878,0.743666,0.53252,0.583451,0.359207,0.151229
mp-558267,NaLiSiB3HO8,Silicon-family,87,Research Candidate,1,0.729762,0.890906,0.461187,0.263981,0.327244,0.413072,0.324578,0.368201
mp-862614,LiTm2Ru,Other lithium material,61,Caution,1,0.026289,0.356828,0.331258,0.643705,0.690071,0.314088,0.418246,0.32698
mp-1175272,Li7Mn4CoO12,LCO-family,46,Avoid / Benchmark,0,0.98098,0.582276,0.055615,0.719946,0.683269,0.661176,0.601608,0.243745
mp-865959,LiHo2Ru,Other lithium material,61,Caution,1,0.026126,0.356732,0.331116,0.643849,0.690039,0.314249,0.418179,0.326683
mp-3223324,LiNd2Si3Pd4,Other lithium material,63,Caution,1,0.187171,0.457018,0.494033,0.774764,0.503459,0.617866,0.360848,0.155453
mp-1314570,Li2CoO3,LCO-family,43,Avoid / Benchmark,0,0.857578,0.111158,0.384975,0.585084,0.695654,0.998929,0.302746,0.385933
mp-1113705,Rb2LiRuF6,Other lithium material,57,Caution,1,0.034261,0.376941,0.385337,0.696625,0.67861,0.314045,0.609465,0.757692
mp-3203521,BaSr2(LiSn2)4,Other lithium material,61,Caution,1,0.346795,0.830208,0.471162,0.930174,0.457668,0.608555,0.436482,0.234119
mp-1222614,Li2PdPb,Other lithium material,51,Caution,1,0.032096,0.359968,0.336051,0.647386,0.686287,0.31861,0.419296,0.3276
mp-1031024,CsLiMg6O7,Other lithium material,46,Caution,0,0.411739,0.531129,0.664205,0.561862,0.677552,0.476657,0.30635,0.131412
mp-7575,LiZnN,Other lithium material,61,Caution,1,0.0079,0.453219,0.334018,0.275634,0.527177,0.433271,0.557283,0.367655
mp-1026401,KLiMg14,Other lithium material,50,Caution,0,0.220379,0.480789,0.522775,0.815743,0.465069,0.671077,0.373559,0.144854
mp-3248619,LiPrNi4,Other lithium material,57,Caution,1,0.031077,0.359367,0.335164,0.648283,0.686086,0.319613,0.418878,0.325744
mp-780112,Li5Mn8(BO3)8,LMO-family,80,Research Candidate,0,0.820225,0.09642,0.587513,0.676105,0.380332,0.29473,0.579153,0.119748
mp-758373,LiCoPO4,LCO-family,47,Avoid / Benchmark,0,0.774465,0.353871,0.221782,0.51554,0.748113,0.892086,0.191685,0.339768
mp-28326,LiGaBr4,Other lithium material,61,Caution,1,0.320862,0.947433,0.480534,0.515172,0.28716,0.715429,0.572735,0.31773
mp-3230731,LiLa3Pd2Pb3,Other lithium material,51,Caution,1,0.142549,0.433047,0.457347,0.741743,0.535193,0.577609,0.353494,0.156055
mp-3214924,CsLi5(TcH9)3,Other lithium material,61,Caution,1,0.240643,0.5164,0.556095,0.74645,0.452536,0.651196,0.350734,0.210911
mp-1222615,Li2MgSn,Other lithium material,61,Caution,1,0.031791,0.360078,0.335956,0.647113,0.686042,0.318895,0.418973,0.327459
mp-3252745,BaLiNdS3,Li-S or sulfide-family,78,Research Candidate,1,0.401886,0.366521,0.294169,0.729233,0.183078,0.508354,0.03362,0.351895
mp-3252606,LiTb4FeC8,Carbon-family,98,Recommend,1,0.435712,0.345614,0.425042,0.784942,0.323281,0.469407,0.063776,0.536253
mp-3250075,Li2Er2Si3,Other lithium material,63,Caution,1,0.208656,0.474669,0.5133,0.801637,0.476451,0.654177,0.37245,0.151163
mp-3524,LiPN2,Other lithium material,63,Caution,1,0.157892,0.574201,0.501635,0.358188,0.331629,0.726794,0.494579,0.236789
mp-779525,Li3Sb3P8O29,Other lithium material,57,Caution,0,0.561757,0.89358,0.630177,0.719584,0.642753,0.457765,0.384388,0.203375
mp-3214297,LiHf6Al15Pd7,Other lithium material,61,Caution,1,0.15967,0.442225,0.471405,0.755006,0.522685,0.593745,0.356226,0.155152
mp-1346728,Li7Mn5O12,LMO-family,75,Research Candidate,0,0.800878,0.090044,0.571828,0.690166,0.375337,0.311028,0.582954,0.097409
mp-3231154,Li2DyPaPt4,Other lithium material,61,Caution,1,0.233552,0.481931,0.532162,0.809167,0.470429,0.659805,0.368479,0.154734
mp-3222145,Li4Nd2TmPb4,Other lithium material,51,Caution,1,0.212277,0.47043,0.514604,0.795653,0.484309,0.643207,0.364635,0.152496
mp-3213316,Li5Al16SnPt7,Other lithium material,61,Caution,1,0.191797,0.459493,0.497827,0.778508,0.499989,0.622413,0.361562,0.155027
mp-758390,LiNiPO4,Other lithium material,53,Caution,0,0.43523,0.546431,0.685112,0.572448,0.660249,0.495483,0.308725,0.137003
mp-3244279,Li2NpN2,Other lithium material,61,Caution,1,0.150722,0.443703,0.465814,0.753956,0.520348,0.596309,0.363632,0.157394
mp-1105613,Li4SiPt3,Other lithium material,63,Caution,1,0.128894,0.534893,0.463719,0.394827,0.358796,0.719047,0.503421,0.187273
